============================================================
Downloading Complete Jastrow Dictionary from Sefaria
Using sequential traversal via "next" links
============================================================

Starting from: Jastrow, א
Existing entries: 0

[0.0%] #1: "Jastrow, א"... OK (א)
[0.0%] #2: "Jastrow, א ²"... duplicate
[0.0%] #2: "Jastrow, א ³"... duplicate
[0.0%] #2: "Jastrow, א ⁴"... duplicate
[0.0%] #2: "Jastrow, א ⁵"... duplicate
[0.0%] #2: "Jastrow, א ⁶"... duplicate
[0.0%] #2: "Jastrow, א׳"... duplicate
[0.0%] #2: "Jastrow, אִ־"... duplicate
[0.0%] #2: "Jastrow, אַ־"... duplicate
[0.0%] #2: "Jastrow, אָאִין"... OK (אאין)
[0.0%] #3: "Jastrow, אאלר"ן"... OK (אאלרן)
[0.0%] #4: "Jastrow, אֲאָרָא"... OK (אארא)
[0.0%] #5: "Jastrow, אַב־"... OK (אב)
[0.0%] #6: "Jastrow, אָב I"... duplicate
[0.0%] #6: "Jastrow, אָב II"... duplicate
[0.0%] #6: "Jastrow, אָב II ²"... duplicate
[0.0%] #6: "Jastrow, אֵב"... duplicate
[0.0%] #6: "Jastrow, אַבָּא I"... OK (אבא)
[0.0%] #7: "Jastrow, אַבָּא II"... duplicate
[0.0%] #7: "Jastrow, אַבָּא III"... duplicate
[0.0%] #7: "Jastrow, אִבָּא"... duplicate
[0.0%] #7: "Jastrow, אַכְאָבִית"... OK (אכאבית)
[0.0%] #8: "Jastrow, אבאטיס"... OK (אבאטיס)
[0.0%] #9: "Jastrow, אַבְאָשׁוּתָא"... OK (אבאשותא)
[0.0%] #10: "Jastrow, אָבַב"... OK (אבב)
[0.0%] #11: "Jastrow, אֲבַב"... duplicate
[0.0%] #11: "Jastrow, אִבְּבָא"... OK (אבבא)
[0.0%] #12: "Jastrow, אֶבְגִּינוֹס"... OK (אבגינוס)
[0.0%] #13: "Jastrow, אֶבְגְּנִיסְטֵי"... OK (אבגניסטי)
[0.0%] #14: "Jastrow, אבגרוטינה"... OK (אבגרוטינה)
[0.0%] #15: "Jastrow, אָבַד"... OK (אבד)
[0.1%] #16: "Jastrow, אֲבַּד"... duplicate
[0.1%] #16: "Jastrow, אָבֵד"... duplicate
[0.1%] #16: "Jastrow, אַבְדָּא"... OK (אבדא)
[0.1%] #17: "Jastrow, אֲבֵדָה"... OK (אבדה)
[0.1%] #18: "Jastrow, אֶבְדּוּמָא"... OK (אבדומא)
[0.1%] #19: "Jastrow, אבדומא"... duplicate
[0.1%] #19: "Jastrow, אבדימי"... OK (אבדימי)
[0.1%] #20: "Jastrow, אֲבַדּוֹן"... OK (אבדון)
[0.1%] #21: "Jastrow, אֶבְדּוֹקוֹס"... OK (אבדוקוס)
[0.1%] #22: "Jastrow, אֶבְדִּימָא"... OK (אבדימא)
[0.1%] #23: "Jastrow, אֶבְדִּימוֹס"... OK (אבדימוס)
[0.1%] #24: "Jastrow, אַבְדָּלָה"... OK (אבדלה)
[0.1%] #25: "Jastrow, אַבְדָּן"... OK (אבדן)
[0.1%] #26: "Jastrow, אָבְדָּן"... duplicate
[0.1%] #26: "Jastrow, אַבְדָּנָא"... OK (אבדנא)
[0.1%] #27: "Jastrow, אֲבֵדְתָּא"... OK (אבדתא)
[0.1%] #28: "Jastrow, אבדתא"... duplicate
[0.1%] #28: "Jastrow, אַבָּה"... OK (אבה)
[0.1%] #29: "Jastrow, אָבָה"... duplicate
[0.1%] #29: "Jastrow, אַבָּהוּ"... OK (אבהו)
[0.1%] #30: "Jastrow, אבהנוס"... OK (אבהנוס)
[0.1%] #31: "Jastrow, אֲבָהָתָא"... OK (אבהתא)
[0.1%] #32: "Jastrow, אבהתא"... duplicate
[0.1%] #32: "Jastrow, אִבּוּ"... OK (אבו)
[0.1%] #33: "Jastrow, אִיבּוּב"... OK (איבוב)
[0.1%] #34: "Jastrow, אַבּוּב"... OK (אבוב)
[0.1%] #35: "Jastrow, אַבּוּבְרָאֶה"... OK (אבובראה)
[0.1%] #36: "Jastrow, אַבּוּבְרָם"... OK (אבוברם)
[0.1%] #37: "Jastrow, אִבּוּד"... OK (אבוד)
[0.1%] #38: "Jastrow, אבוד"... duplicate
[0.1%] #38: "Jastrow, אַבּוּדְיָינָא"... OK (אבודיינא)
[0.1%] #39: "Jastrow, אֲבוּדְמָא"... OK (אבודמא)
[0.1%] #40: "Jastrow, אבוורנקא"... OK (אבוורנקא)
[0.1%] #41: "Jastrow, *אֵבוּז"... OK (אבוז)
[0.1%] #42: "Jastrow, אֲבוֹי"... OK (אבוי)
[0.1%] #43: "Jastrow, אֲבוּיָה"... OK (אבויה)
[0.1%] #44: "Jastrow, אבויין"... OK (אבויין)
[0.1%] #45: "Jastrow, אִבּוּל I"... OK (אבול)
[0.1%] #46: "Jastrow, אִבּוּל II"... duplicate
[0.1%] #46: "Jastrow, אִבּוּלָא"... OK (אבולא)
[0.2%] #47: "Jastrow, *אִבּוּלָאֵי"... OK (אבולאי)
[0.2%] #48: "Jastrow, אבולי"... OK (אבולי)
[0.2%] #49: "Jastrow, אבולין"... OK (אבולין)
[0.2%] #50: "Jastrow, אַבּוּן"... OK (אבון)
[0.2%] #51: "Jastrow, אֲבוּנָא"... OK (אבונא)
[0.2%] #52: "Jastrow, אבונגרי"... OK (אבונגרי)
[0.2%] #53: "Jastrow, אֵבוּס"... OK (אבוס)
[0.2%] #54: "Jastrow, אֲבוּקָא"... OK (אבוקא)
[0.2%] #55: "Jastrow, אֲבוּקָה"... OK (אבוקה)
[0.2%] #56: "Jastrow, *אַבּוּרְגְּנָא"... OK (אבורגנא)
[0.2%] #57: "Jastrow, אבורנקי"... OK (אבורנקי)
[0.2%] #58: "Jastrow, אבזייני"... OK (אבזייני)
[0.2%] #59: "Jastrow, אַבְזָקַת"... OK (אבזקת)
[0.2%] #60: "Jastrow, אֲבִזְרָא"... OK (אבזרא)
[0.2%] #61: "Jastrow, אבחטס"... OK (אבחטס)
[0.2%] #62: "Jastrow, אבטא"... OK (אבטא)
[0.2%] #63: "Jastrow, *אַבְטָא"... duplicate
[0.2%] #63: "Jastrow, אבטו"... OK (אבטו)
[0.2%] #64: "Jastrow, אַבְטוֹלוֹס"... OK (אבטולוס)
[0.2%] #65: "Jastrow, אַבְטוֹלְמוֹס"... OK (אבטולמוס)
[0.2%] #66: "Jastrow, אַבְטוֹמְטוֹס"... OK (אבטומטוס)
[0.2%] #67: "Jastrow, *אַבְטוֹנִיּוֹת"... OK (אבטוניות)
[0.2%] #68: "Jastrow, אַבְטַח"... OK (אבטח)
[0.2%] #69: "Jastrow, אַבְטָחָה"... OK (אבטחה)
[0.2%] #70: "Jastrow, אַבְּטַי"... OK (אבטי)
[0.2%] #71: "Jastrow, אַבְּטִי"... duplicate
[0.2%] #71: "Jastrow, *אבטיגא"... OK (אבטיגא)
[0.2%] #72: "Jastrow, *אָבְטְיוֹנָא"... OK (אבטיונא)
[0.2%] #73: "Jastrow, אֲבַטִּיחַ"... OK (אבטיח)
  [Saved progress: 73 entries]
[0.2%] #74: "Jastrow, אֲבַטִּיחָא"... OK (אבטיחא)
[0.2%] #75: "Jastrow, אבטילאות"... OK (אבטילאות)
[0.3%] #76: "Jastrow, אַבְטִילוֹס"... OK (אבטילוס)
[0.3%] #77: "Jastrow, אַבְטִינָס"... OK (אבטינס)
[0.3%] #78: "Jastrow, אַבְטָלָה"... OK (אבטלה)
[0.3%] #79: "Jastrow, אַבְטַלְיוֹן"... OK (אבטליון)
[0.3%] #80: "Jastrow, אבטניות"... OK (אבטניות)
[0.3%] #81: "Jastrow, אָבֵי"... OK (אבי)
[0.3%] #82: "Jastrow, אביא"... OK (אביא)
[0.3%] #83: "Jastrow, אָבִיב"... OK (אביב)
[0.3%] #84: "Jastrow, אָבִיב ²"... duplicate
[0.3%] #84: "Jastrow, אֲבֵידָה"... OK (אבידה)
[0.3%] #85: "Jastrow, אֲבֵידָן"... OK (אבידן)
[0.3%] #86: "Jastrow, אֲבִידַרְנָא"... OK (אבידרנא)
[0.3%] #87: "Jastrow, אֲבֵידְתָּא"... OK (אבידתא)
[0.3%] #88: "Jastrow, אביה"... OK (אביה)
[0.3%] #89: "Jastrow, אַבְיוּ"... OK (אביו)
[0.3%] #90: "Jastrow, אֶבְיוֹן"... OK (אביון)
[0.3%] #91: "Jastrow, אֲבִיּוֹנָה"... OK (אביונה)
[0.3%] #92: "Jastrow, אֶבְיוֹנָה"... duplicate
[0.3%] #92: "Jastrow, אֶבְיוֹנוּת"... OK (אביונות)
[0.3%] #93: "Jastrow, *אֶבְיוֹנֵי"... OK (אביוני)
[0.3%] #94: "Jastrow, אֲבִיזְרָא"... OK (אביזרא)
[0.3%] #95: "Jastrow, אַבַּיִּי"... OK (אביי)
[0.3%] #96: "Jastrow, אַבָּיִי"... duplicate
[0.3%] #96: "Jastrow, אבייא"... OK (אבייא)
[0.3%] #97: "Jastrow, אַבָּיָיה"... OK (אבייה)
[0.3%] #98: "Jastrow, אביינוס"... OK (אביינוס)
[0.3%] #99: "Jastrow, אביך"... OK (אביך)
[0.3%] #100: "Jastrow, אֲבֵיל"... OK (אביל)
[0.3%] #101: "Jastrow, אָבֵיל"... duplicate
[0.3%] #101: "Jastrow, אֲבֵילָה"... OK (אבילה)
[0.3%] #102: "Jastrow, אֲבֵילוּ"... OK (אבילו)
[0.3%] #103: "Jastrow, אֲבֵילוּת"... OK (אבילות)
[0.3%] #104: "Jastrow, אֲבֵילוּתָא"... OK (אבילותא)
[0.3%] #105: "Jastrow, אֲבֵילִין"... OK (אבילין)
[0.4%] #106: "Jastrow, אַבִּימִי"... OK (אבימי)
[0.4%] #107: "Jastrow, אַבִּין"... OK (אבין)
[0.4%] #108: "Jastrow, אַבִּינָא"... OK (אבינא)
[0.4%] #109: "Jastrow, אביסנא"... OK (אביסנא)
[0.4%] #110: "Jastrow, *אָבִיק"... OK (אביק)
[0.4%] #111: "Jastrow, אֲבֵיק"... duplicate
[0.4%] #111: "Jastrow, אֲבִיקָה"... OK (אביקה)
[0.4%] #112: "Jastrow, אביקלוס"... OK (אביקלוס)
[0.4%] #113: "Jastrow, אַבִּיר"... OK (אביר)
[0.4%] #114: "Jastrow, אבירודימוס"... OK (אבירודימוס)
[0.4%] #115: "Jastrow, אֲבִירָם"... OK (אבירם)
[0.4%] #116: "Jastrow, אֲבִישְׁנָא"... OK (אבישנא)
[0.4%] #117: "Jastrow, אַבְיַת"... OK (אבית)
[0.4%] #118: "Jastrow, אֶבְיָתָר"... OK (אביתר)
[0.4%] #119: "Jastrow, אָבַךְ"... OK (אבך)
[0.4%] #120: "Jastrow, *אַבָּכָא"... OK (אבכא)
[0.4%] #121: "Jastrow, אֲבָל"... OK (אבל)
[0.4%] #122: "Jastrow, אָבֵל I"... duplicate
[0.4%] #122: "Jastrow, אָבֵל II"... duplicate
[0.4%] #122: "Jastrow, אָבֵל III"... duplicate
[0.4%] #122: "Jastrow, אֲבֵל"... duplicate
[0.4%] #122: "Jastrow, אֵבֶל"... duplicate
[0.4%] #122: "Jastrow, אֻבָל"... duplicate
[0.4%] #122: "Jastrow, אֲבֵלָא"... OK (אבלא)
[0.4%] #123: "Jastrow, אֶבְלָא"... duplicate
[0.4%] #123: "Jastrow, אֶבְלוּ"... OK (אבלו)
[0.4%] #124: "Jastrow, אבלומוס"... OK (אבלומוס)
[0.4%] #125: "Jastrow, *אבלונים"... OK (אבלונים)
[0.4%] #126: "Jastrow, *אַבְלוּסְמוֹס"... OK (אבלוסמוס)
[0.4%] #127: "Jastrow, *אַבְלוֹשֵׁי"... OK (אבלושי)
[0.4%] #128: "Jastrow, אַבְלֵט"... OK (אבלט)
[0.4%] #129: "Jastrow, *אבליג"... OK (אבליג)
[0.4%] #130: "Jastrow, *אַבְלִינָא"... OK (אבלינא)
[0.4%] #131: "Jastrow, *אַבְלַס"... OK (אבלס)
[0.4%] #132: "Jastrow, אֶבְמוֹסוֹס"... OK (אבמוסוס)
[0.4%] #133: "Jastrow, אֶבְמָכוֹס"... OK (אבמכוס)
[0.4%] #134: "Jastrow, אֶבֶן"... OK (אבן)
[0.4%] #135: "Jastrow, אֶבֶן ²"... duplicate
[0.4%] #135: "Jastrow, אֹבֶן"... duplicate
[0.4%] #135: "Jastrow, אַבְנָא"... OK (אבנא)
[0.4%] #136: "Jastrow, אבנגר"... OK (אבנגר)
[0.5%] #137: "Jastrow, אַבְנֵט"... OK (אבנט)
[0.5%] #138: "Jastrow, אַבְנִימוֹס"... OK (אבנימוס)
[0.5%] #139: "Jastrow, *אבניתא"... OK (אבניתא)
[0.5%] #140: "Jastrow, אֲבַנְתָּא"... OK (אבנתא)
[0.5%] #141: "Jastrow, אָבַס"... OK (אבס)
[0.5%] #142: "Jastrow, אֲבַסְקַנְטָה"... OK (אבסקנטה)
[0.5%] #143: "Jastrow, אַבֵּעַ"... OK (אבע)
[0.5%] #144: "Jastrow, אֲבַעְבּוּעִין"... OK (אבעבועין)
[0.5%] #145: "Jastrow, אַבְעַד"... OK (אבעד)
[0.5%] #146: "Jastrow, אַבְעָיָה"... OK (אבעיה)
[0.5%] #147: "Jastrow, אֲבָצָא"... OK (אבצא)
[0.5%] #148: "Jastrow, אָבָק"... OK (אבק)
[0.5%] #149: "Jastrow, אָבַק"... duplicate
[0.5%] #149: "Jastrow, אֲבַק"... duplicate
[0.5%] #149: "Jastrow, אָבָק ²"... duplicate
[0.5%] #149: "Jastrow, אבק"... duplicate
[0.5%] #149: "Jastrow, אַבְקָא"... OK (אבקא)
[0.5%] #150: "Jastrow, אבקאות"... OK (אבקאות)
[0.5%] #151: "Jastrow, אֲבָקָה"... OK (אבקה)
[0.5%] #152: "Jastrow, אֶבְקוֹלָס"... OK (אבקולס)
[0.5%] #153: "Jastrow, אבקת"... OK (אבקת)
[0.5%] #154: "Jastrow, אַבְקָתָא"... OK (אבקתא)
[0.5%] #155: "Jastrow, אבר"... OK (אבר)
  [Saved progress: 155 entries]
[0.5%] #156: "Jastrow, אָבַר"... duplicate
[0.5%] #156: "Jastrow, אֲבַר"... duplicate
[0.5%] #156: "Jastrow, אֵבֶר"... duplicate
[0.5%] #156: "Jastrow, אֲבָר"... duplicate
[0.5%] #156: "Jastrow, אֲבָר ²"... duplicate
[0.5%] #156: "Jastrow, אֵבְרָא"... OK (אברא)
[0.5%] #157: "Jastrow, אִבְרָא"... duplicate
[0.5%] #157: "Jastrow, *אַבָּרָא"... duplicate
[0.5%] #157: "Jastrow, אַבְרָאִי"... OK (אבראי)
[0.5%] #158: "Jastrow, אברגני"... OK (אברגני)
[0.5%] #159: "Jastrow, אַבְרוּיֵי"... OK (אברויי)
[0.5%] #160: "Jastrow, אַבְרַוְורֵי"... OK (אברוורי)
[0.5%] #161: "Jastrow, אִבְרוֹטִי"... OK (אברוטי)
[0.5%] #162: "Jastrow, אברוכסים"... OK (אברוכסים)
[0.5%] #163: "Jastrow, אברומא"... OK (אברומא)
[0.5%] #164: "Jastrow, *אִבְרוֹסִי"... OK (אברוסי)
[0.5%] #165: "Jastrow, אברוקלון"... OK (אברוקלון)
[0.5%] #166: "Jastrow, אַבְרוּרֵי"... OK (אברורי)
[0.6%] #167: "Jastrow, *אַבְרוֹשַׁךְ"... OK (אברושך)
[0.6%] #168: "Jastrow, *אַבְרוֹת"... OK (אברות)
[0.6%] #169: "Jastrow, *אֲבִרְזִין"... OK (אברזין)
[0.6%] #170: "Jastrow, *אַבְרְיָיאָה"... OK (אברייאה)
[0.6%] #171: "Jastrow, אַבְרִיקִין"... OK (אבריקין)
[0.6%] #172: "Jastrow, אברית"... OK (אברית)
[0.6%] #173: "Jastrow, אַבְרֵךְ"... OK (אברך)
[0.6%] #174: "Jastrow, *אֵבְרָנִי"... OK (אברני)
[0.6%] #175: "Jastrow, *אֲבַרְנִים"... OK (אברנים)
[0.6%] #176: "Jastrow, אַבְרַנְסֵי"... OK (אברנסי)
[0.6%] #177: "Jastrow, אברסקין"... OK (אברסקין)
[0.6%] #178: "Jastrow, אַבְרְקִין"... OK (אברקין)
[0.6%] #179: "Jastrow, אַבְרָתָא"... OK (אברתא)
[0.6%] #180: "Jastrow, אַבְשׁוּנָא"... OK (אבשונא)
[0.6%] #181: "Jastrow, אֻבְשִׁין"... OK (אבשין)
[0.6%] #182: "Jastrow, אָגָא"... OK (אגא)
[0.6%] #183: "Jastrow, אגאלוגין"... OK (אגאלוגין)
[0.6%] #184: "Jastrow, אַגַּב"... OK (אגב)
[0.6%] #185: "Jastrow, אַגַּבָּא"... OK (אגבא)
[0.6%] #186: "Jastrow, אגבאסטס"... OK (אגבאסטס)
[0.6%] #187: "Jastrow, *אַגְבִּין"... OK (אגבין)
[0.6%] #188: "Jastrow, אָגַד I"... OK (אגד)
[0.6%] #189: "Jastrow, אֲגַד I"... duplicate
[0.6%] #189: "Jastrow, אָגַד II"... duplicate
[0.6%] #189: "Jastrow, אֲגַד II"... duplicate
[0.6%] #189: "Jastrow, אֲגַד III"... duplicate
[0.6%] #189: "Jastrow, אֵגֶד"... duplicate
[0.6%] #189: "Jastrow, אֵגֶד ²"... duplicate
[0.6%] #189: "Jastrow, אַגְדָּא"... OK (אגדא)
[0.6%] #190: "Jastrow, אַגָּדָה"... OK (אגדה)
[0.6%] #191: "Jastrow, אֲגֻדָּה"... duplicate
[0.6%] #191: "Jastrow, אגדו"... OK (אגדו)
[0.6%] #192: "Jastrow, אגדיס"... OK (אגדיס)
[0.6%] #193: "Jastrow, אֶגְדִּיקוֹס"... OK (אגדיקוס)
[0.6%] #194: "Jastrow, אַגְדָּנָא"... OK (אגדנא)
[0.6%] #195: "Jastrow, אֲגַדְתָּא"... OK (אגדתא)
[0.7%] #196: "Jastrow, אֵגֶה"... OK (אגה)
[0.7%] #197: "Jastrow, אַגְוָאִי"... OK (אגואי)
[0.7%] #198: "Jastrow, אָגוֹגָא"... OK (אגוגא)
[0.7%] #199: "Jastrow, אֱגוֹד"... OK (אגוד)
[0.7%] #200: "Jastrow, אֲגוּדָּה"... OK (אגודה)
[0.7%] #201: "Jastrow, אֲגוּדָל"... OK (אגודל)
[0.7%] #202: "Jastrow, אֱגוֹז"... OK (אגוז)
[0.7%] #203: "Jastrow, אֱגוּזָא"... OK (אגוזא)
[0.7%] #204: "Jastrow, אֱגוֹזָה"... OK (אגוזה)
[0.7%] #205: "Jastrow, אגוטרי"... OK (אגוטרי)
[0.7%] #206: "Jastrow, *אַגְוִיסְטוֹר"... OK (אגויסטור)
[0.7%] #207: "Jastrow, אֲגוֹמֵין"... OK (אגומין)
[0.7%] #208: "Jastrow, אָגוֹן"... OK (אגון)
[0.7%] #209: "Jastrow, אגונה"... OK (אגונה)
[0.7%] #210: "Jastrow, אָגוּסְטָא"... OK (אגוסטא)
[0.7%] #211: "Jastrow, *אָגוּסְטָאן"... OK (אגוסטאן)
[0.7%] #212: "Jastrow, אגוסטולי"... OK (אגוסטולי)
[0.7%] #213: "Jastrow, אָגוּסְטוֹס"... OK (אגוסטוס)
[0.7%] #214: "Jastrow, אָגוּסְטְיָאנִי"... OK (אגוסטיאני)
[0.7%] #215: "Jastrow, אגוסטלא"... OK (אגוסטלא)
[0.7%] #216: "Jastrow, *אָגוּסְטָלִי"... OK (אגוסטלי)
[0.7%] #217: "Jastrow, אגוסתא"... OK (אגוסתא)
[0.7%] #218: "Jastrow, אָגוּף"... OK (אגוף)
[0.7%] #219: "Jastrow, אֵגוֹר"... OK (אגור)
[0.7%] #220: "Jastrow, אֱגוֹרָא I"... OK (אגורא)
[0.7%] #221: "Jastrow, אֲגוֹרָא II"... duplicate
[0.7%] #221: "Jastrow, *אֲגוֹרָה"... OK (אגורה)
[0.7%] #222: "Jastrow, אֲגוּרֵי"... OK (אגורי)
[0.7%] #223: "Jastrow, אֵגוֹרִי"... duplicate
[0.7%] #223: "Jastrow, אגוריאות"... OK (אגוריאות)
[0.7%] #224: "Jastrow, אגושטוס"... OK (אגושטוס)
[0.7%] #225: "Jastrow, אָגַח"... OK (אגח)
[0.8%] #226: "Jastrow, אַגָּחוּתָא"... OK (אגחותא)
[0.8%] #227: "Jastrow, אגטין"... OK (אגטין)
[0.8%] #228: "Jastrow, אַגְטְרַגְטָא"... OK (אגטרגטא)
[0.8%] #229: "Jastrow, אֻגְיָא"... OK (אגיא)
[0.8%] #230: "Jastrow, אָגִיחַ"... OK (אגיח)
[0.8%] #231: "Jastrow, אָגִיחוּתָא"... OK (אגיחותא)
[0.8%] #232: "Jastrow, אגין"... OK (אגין)
[0.8%] #233: "Jastrow, *אַגֵּין"... duplicate
[0.8%] #233: "Jastrow, אגינו"... OK (אגינו)
[0.8%] #234: "Jastrow, אָגִיס"... OK (אגיס)
[0.8%] #235: "Jastrow, אגיסטון"... OK (אגיסטון)
[0.8%] #236: "Jastrow, אגיסטרין"... OK (אגיסטרין)
[0.8%] #237: "Jastrow, אָגִיר"... OK (אגיר)
[0.8%] #238: "Jastrow, *אגיריסין"... OK (אגיריסין)
  [Saved progress: 238 entries]
[0.8%] #239: "Jastrow, אגיש"... OK (אגיש)
[0.8%] #240: "Jastrow, אִגְלָא"... OK (אגלא)
[0.8%] #241: "Jastrow, אגלווקי"... OK (אגלווקי)
[0.8%] #242: "Jastrow, אֲגָלִים"... OK (אגלים)
[0.8%] #243: "Jastrow, אגלין"... OK (אגלין)
[0.8%] #244: "Jastrow, אַגְלָפוּתָא"... OK (אגלפותא)
[0.8%] #245: "Jastrow, אגלקי"... OK (אגלקי)
[0.8%] #246: "Jastrow, אֲגַם I"... OK (אגם)
[0.8%] #247: "Jastrow, אֲגַם II"... duplicate
[0.8%] #247: "Jastrow, אַגָּם"... duplicate
[0.8%] #247: "Jastrow, אַגַּמָּא"... OK (אגמא)
[0.8%] #248: "Jastrow, אַגְמָא"... duplicate
[0.8%] #248: "Jastrow, אַגְמָא II"... duplicate
[0.8%] #248: "Jastrow, אַגְמָה"... OK (אגמה)
[0.8%] #249: "Jastrow, אַגְמוֹן"... OK (אגמון)
[0.8%] #250: "Jastrow, אַגְמוֹן ²"... duplicate
[0.8%] #250: "Jastrow, אֶגְמוֹן"... duplicate
[0.8%] #250: "Jastrow, אַגְמוֹנָא"... OK (אגמונא)
[0.8%] #251: "Jastrow, אַגָּנָא"... OK (אגנא)
[0.8%] #252: "Jastrow, *אגניטוס"... OK (אגניטוס)
[0.8%] #253: "Jastrow, אגנטין"... OK (אגנטין)
[0.8%] #254: "Jastrow, אגנייה"... OK (אגנייה)
[0.8%] #255: "Jastrow, *אַגְנִינָה"... OK (אגנינה)
[0.9%] #256: "Jastrow, אגניסטור"... OK (אגניסטור)
[0.9%] #257: "Jastrow, אֲגַנְתָּא"... OK (אגנתא)
[0.9%] #258: "Jastrow, אַגָּס"... OK (אגס)
[0.9%] #259: "Jastrow, אגסטון"... OK (אגסטון)
[0.9%] #260: "Jastrow, אגסטרות"... OK (אגסטרות)
[0.9%] #261: "Jastrow, אֶגְסִיטֵרִין"... OK (אגסיטרין)
[0.9%] #262: "Jastrow, אגע"... OK (אגע)
[0.9%] #263: "Jastrow, אָגַף"... OK (אגף)
[0.9%] #264: "Jastrow, אַגָּף"... duplicate
[0.9%] #264: "Jastrow, אֲגַף"... duplicate
[0.9%] #264: "Jastrow, אֲגַפָּא"... OK (אגפא)
[0.9%] #265: "Jastrow, אֲגָפָה"... OK (אגפה)
[0.9%] #266: "Jastrow, אָגַר I"... OK (אגר)
[0.9%] #267: "Jastrow, אֲגַר I"... duplicate
[0.9%] #267: "Jastrow, אָגַר II"... duplicate
[0.9%] #267: "Jastrow, אֲגַר II"... duplicate
[0.9%] #267: "Jastrow, אֲגַר III"... duplicate
[0.9%] #267: "Jastrow, אִגָר"... duplicate
[0.9%] #267: "Jastrow, אַגְרָא II"... OK (אגרא)
[0.9%] #268: "Jastrow, אגרדים"... OK (אגרדים)
[0.9%] #269: "Jastrow, אֲגַרְדְּמִיס"... OK (אגרדמיס)
[0.9%] #270: "Jastrow, אִגְּרוּ"... OK (אגרו)
[0.9%] #271: "Jastrow, אגרוי"... OK (אגרוי)
[0.9%] #272: "Jastrow, אַגְרוֹמֵי"... OK (אגרומי)
[0.9%] #273: "Jastrow, אגרון"... OK (אגרון)
[0.9%] #274: "Jastrow, אַגְרוֹנִימוֹן"... OK (אגרונימון)
[0.9%] #275: "Jastrow, אַגְרוֹנִימוֹס"... OK (אגרונימוס)
[0.9%] #276: "Jastrow, אֶגְרוֹף"... OK (אגרוף)
[0.9%] #277: "Jastrow, אַגְרוּפִּינָא"... OK (אגרופינא)
[0.9%] #278: "Jastrow, *אגרטין"... OK (אגרטין)
[0.9%] #279: "Jastrow, אַגְרִיאוֹן"... OK (אגריאון)
[0.9%] #280: "Jastrow, אגריסטיס"... OK (אגריסטיס)
[0.9%] #281: "Jastrow, אַגְרִיפָּא"... OK (אגריפא)
[0.9%] #282: "Jastrow, אַגְרִיפַּס"... OK (אגריפס)
[0.9%] #283: "Jastrow, אגריקוס"... OK (אגריקוס)
[0.9%] #284: "Jastrow, *אגרמא"... OK (אגרמא)
[0.9%] #285: "Jastrow, אגרנא"... OK (אגרנא)
[0.9%] #286: "Jastrow, אַגְרָס"... OK (אגרס)
[1.0%] #287: "Jastrow, אגרסטיס"... OK (אגרסטיס)
[1.0%] #288: "Jastrow, *אַגְרָפוֹס"... OK (אגרפוס)
[1.0%] #289: "Jastrow, *אִגְּרַת"... OK (אגרת)
[1.0%] #290: "Jastrow, אִגֶּרֶת"... duplicate
[1.0%] #290: "Jastrow, אִגַּרְתָּא"... OK (אגרתא)
[1.0%] #291: "Jastrow, אגש"... OK (אגש)
[1.0%] #292: "Jastrow, אַדְּ־"... OK (אד)
[1.0%] #293: "Jastrow, אֵד"... duplicate
[1.0%] #293: "Jastrow, אָדָא I"... OK (אדא)
[1.0%] #294: "Jastrow, אָדָא II"... duplicate
[1.0%] #294: "Jastrow, *אָדָא III"... duplicate
[1.0%] #294: "Jastrow, אָדָא IV"... duplicate
[1.0%] #294: "Jastrow, אדאני"... OK (אדאני)
[1.0%] #295: "Jastrow, אדבאל"... OK (אדבאל)
[1.0%] #296: "Jastrow, אֶדְבַּע"... OK (אדבע)
[1.0%] #297: "Jastrow, אַדְדָא"... OK (אדדא)
[1.0%] #298: "Jastrow, אדדם"... OK (אדדם)
[1.0%] #299: "Jastrow, אדהי"... OK (אדהי)
[1.0%] #300: "Jastrow, אַדְּהָכִי"... OK (אדהכי)
[1.0%] #301: "Jastrow, אַדְווּתָא"... OK (אדוותא)
[1.0%] #302: "Jastrow, אֲדוּכֵי"... OK (אדוכי)
[1.0%] #303: "Jastrow, אָדוֹם"... OK (אדום)
[1.0%] #304: "Jastrow, אֱדוֹם"... duplicate
[1.0%] #304: "Jastrow, אֱדוֹמִי"... OK (אדומי)
[1.0%] #305: "Jastrow, אָדוֹן"... OK (אדון)
[1.0%] #306: "Jastrow, אֲדוֹנָה"... OK (אדונה)
[1.0%] #307: "Jastrow, אדוניא"... OK (אדוניא)
[1.0%] #308: "Jastrow, אדונקי"... OK (אדונקי)
[1.0%] #309: "Jastrow, אִדּוּר"... OK (אדור)
[1.0%] #310: "Jastrow, אֲדוּרָה"... OK (אדורה)
[1.0%] #311: "Jastrow, אֲדוּרֵי"... OK (אדורי)
[1.0%] #312: "Jastrow, אֲדוּתָא"... OK (אדותא)
[1.0%] #313: "Jastrow, אֲדִי"... OK (אדי)
[1.0%] #314: "Jastrow, אדיא"... OK (אדיא)
[1.0%] #315: "Jastrow, אדיבון"... OK (אדיבון)
[1.1%] #316: "Jastrow, אַדָּיוּתָא"... OK (אדיותא)
[1.1%] #317: "Jastrow, אֲדַיִין"... OK (אדיין)
[1.1%] #318: "Jastrow, אֲדִיל"... OK (אדיל)
[1.1%] #319: "Jastrow, אַדִּילֵי"... OK (אדילי)
  [Saved progress: 319 entries]
[1.1%] #320: "Jastrow, אֲדִימָּא"... OK (אדימא)
[1.1%] #321: "Jastrow, אֱדַיִן"... OK (אדין)
[1.1%] #322: "Jastrow, אֲדִינַיָּא"... OK (אדיניא)
[1.1%] #323: "Jastrow, אֲדִיצוּתָא"... OK (אדיצותא)
[1.1%] #324: "Jastrow, אֲדִיק"... OK (אדיק)
[1.1%] #325: "Jastrow, אַדִּיר"... OK (אדיר)
[1.1%] #326: "Jastrow, אַדִּיר ²"... duplicate
[1.1%] #326: "Jastrow, *אֲדֵירָא"... OK (אדירא)
[1.1%] #327: "Jastrow, אָדֵישׁ"... OK (אדיש)
[1.1%] #328: "Jastrow, אד"ך"... OK (אדך)
[1.1%] #329: "Jastrow, אדכי"... OK (אדכי)
[1.1%] #330: "Jastrow, אַדְכָּרָה"... OK (אדכרה)
[1.1%] #331: "Jastrow, אִדְכָּרוּ"... OK (אדכרו)
[1.1%] #332: "Jastrow, אַדְכַּרְתָּא"... OK (אדכרתא)
[1.1%] #333: "Jastrow, אֲדָל"... OK (אדל)
[1.1%] #334: "Jastrow, אַדְלָקָה"... OK (אדלקה)
[1.1%] #335: "Jastrow, אֲדַם"... OK (אדם)
[1.1%] #336: "Jastrow, אָדַם"... duplicate
[1.1%] #336: "Jastrow, אָדָם"... duplicate
[1.1%] #336: "Jastrow, אֲדָם"... duplicate
[1.1%] #336: "Jastrow, אֲדַמְדָּם"... OK (אדמדם)
[1.1%] #337: "Jastrow, אֲדַמְדְּמָנֵי"... OK (אדמדמני)
[1.1%] #338: "Jastrow, אֲדָמָה"... OK (אדמה)
[1.1%] #339: "Jastrow, אַדְמוּמִית"... OK (אדמומית)
[1.1%] #340: "Jastrow, אַדְמוֹן"... OK (אדמון)
[1.1%] #341: "Jastrow, אַדְמוֹנִי"... OK (אדמוני)
[1.1%] #342: "Jastrow, אֲדָמִי"... OK (אדמי)
[1.1%] #343: "Jastrow, אֲדַמְתָּא"... OK (אדמתא)
[1.1%] #344: "Jastrow, אֶדֶן"... OK (אדן)
[1.1%] #345: "Jastrow, אֻדַן"... duplicate
[1.1%] #345: "Jastrow, אִדְנָא"... OK (אדנא)
[1.1%] #346: "Jastrow, *אֲדַנְדְּקֵי"... OK (אדנדקי)
[1.2%] #347: "Jastrow, אַדְנוּת"... OK (אדנות)
[1.2%] #348: "Jastrow, אֲדֹנָי"... OK (אדני)
[1.2%] #349: "Jastrow, אַדְנֵי"... duplicate
[1.2%] #349: "Jastrow, אדני"... duplicate
[1.2%] #349: "Jastrow, אדני מריונים"... OK (אדנימריונים)
[1.2%] #350: "Jastrow, אָדַק"... OK (אדק)
[1.2%] #351: "Jastrow, אֲדַק"... duplicate
[1.2%] #351: "Jastrow, אֲדָק"... duplicate
[1.2%] #351: "Jastrow, *אדקולאון"... OK (אדקולאון)
[1.2%] #352: "Jastrow, אָדַר"... OK (אדר)
[1.2%] #353: "Jastrow, אֲדַר"... duplicate
[1.2%] #353: "Jastrow, אֲדָר"... duplicate
[1.2%] #353: "Jastrow, אִדַּר"... duplicate
[1.2%] #353: "Jastrow, אֵדֶר I"... duplicate
[1.2%] #353: "Jastrow, אֵדֶר II"... duplicate
[1.2%] #353: "Jastrow, אֲדָרָא II"... OK (אדרא)
[1.2%] #354: "Jastrow, אַדְרָא"... duplicate
[1.2%] #354: "Jastrow, אַדְּרַבָּא"... OK (אדרבא)
[1.2%] #355: "Jastrow, אִדְרַבְלָא"... OK (אדרבלא)
[1.2%] #356: "Jastrow, אִדְרַבְלִיס"... OK (אדרבליס)
[1.2%] #357: "Jastrow, אֲדַרְגָּזְרַיָּא"... OK (אדרגזריא)
[1.2%] #358: "Jastrow, אַדְרוֹמָא"... OK (אדרומא)
[1.2%] #359: "Jastrow, אֶדְרוֹעָא"... OK (אדרועא)
[1.2%] #360: "Jastrow, אִדְרוֹפִּיקוֹס"... OK (אדרופיקוס)
[1.2%] #361: "Jastrow, *אִדְרוּתָא"... OK (אדרותא)
[1.2%] #362: "Jastrow, *אַדְרַזְדָּא"... OK (אדרזדא)
[1.2%] #363: "Jastrow, אַדְרִיאָנוֹס"... OK (אדריאנוס)
[1.2%] #364: "Jastrow, אדריאנטין"... OK (אדריאנטין)
[1.2%] #365: "Jastrow, אַדְרִיאַס"... OK (אדריאס)
[1.2%] #366: "Jastrow, אַדְרִיב"... OK (אדריב)
[1.2%] #367: "Jastrow, אדריבולין"... OK (אדריבולין)
[1.2%] #368: "Jastrow, אדריונטוס"... OK (אדריונטוס)
[1.2%] #369: "Jastrow, אַדְרְיָינוֹס"... OK (אדריינוס)
[1.2%] #370: "Jastrow, אדריינטיס"... OK (אדריינטיס)
[1.2%] #371: "Jastrow, אַדְרְיָינִי"... OK (אדרייני)
[1.2%] #372: "Jastrow, אדריכולין"... OK (אדריכולין)
[1.2%] #373: "Jastrow, אַדְרִיכוּתָא"... OK (אדריכותא)
[1.2%] #374: "Jastrow, אַדְרִיכָל"... OK (אדריכל)
[1.2%] #375: "Jastrow, אדרינטוס"... OK (אדרינטוס)
[1.3%] #376: "Jastrow, אֲדַרְכֹּון"... OK (אדרכון)
[1.3%] #377: "Jastrow, אֲדַרְכִּיאָן"... OK (אדרכיאן)
[1.3%] #378: "Jastrow, אֲדַרְכָּל"... OK (אדרכל)
[1.3%] #379: "Jastrow, אֲדַרְכָּן"... OK (אדרכן)
[1.3%] #380: "Jastrow, אַדְרַכְתָּא"... OK (אדרכתא)
[1.3%] #381: "Jastrow, אַדְרַמֶּלֶךְ"... OK (אדרמלך)
[1.3%] #382: "Jastrow, אֶדְרַע"... OK (אדרע)
[1.3%] #383: "Jastrow, אֶדְרְעָיָיא"... OK (אדרעייא)
[1.3%] #384: "Jastrow, אַדֶּרֶת"... OK (אדרת)
[1.3%] #385: "Jastrow, אָדֵשׁ"... OK (אדש)
[1.3%] #386: "Jastrow, אָהַב"... OK (אהב)
[1.3%] #387: "Jastrow, אַהֲבָא"... OK (אהבא)
[1.3%] #388: "Jastrow, אַהֲבָה I"... OK (אהבה)
[1.3%] #389: "Jastrow, אַהֲבָה II"... duplicate
[1.3%] #389: "Jastrow, אהדורי"... OK (אהדורי)
[1.3%] #390: "Jastrow, אהו"... OK (אהו)
[1.3%] #391: "Jastrow, אהוליות"... OK (אהוליות)
[1.3%] #392: "Jastrow, אהולין"... OK (אהולין)
[1.3%] #393: "Jastrow, אהון"... OK (אהון)
[1.3%] #394: "Jastrow, אֲהוּרְיָיר"... OK (אהורייר)
[1.3%] #395: "Jastrow, אֲהוּרְמִין"... OK (אהורמין)
[1.3%] #396: "Jastrow, אהיי"... OK (אהיי)
[1.3%] #397: "Jastrow, *אָהִיל"... OK (אהיל)
[1.3%] #398: "Jastrow, אָהֵיל"... duplicate
[1.3%] #398: "Jastrow, אֲהִילָא"... OK (אהילא)
[1.3%] #399: "Jastrow, אֲהִילַאי"... OK (אהילאי)
[1.3%] #400: "Jastrow, אֲהִילָה"... OK (אהילה)
[1.3%] #401: "Jastrow, אֲהִינָא"... OK (אהינא)
[1.3%] #402: "Jastrow, אהינו"... OK (אהינו)
  [Saved progress: 402 entries]
[1.3%] #403: "Jastrow, אָהַל"... OK (אהל)
[1.3%] #404: "Jastrow, אֹהֶל"... duplicate
[1.3%] #404: "Jastrow, אֳהָל"... duplicate
[1.3%] #404: "Jastrow, אָהֳלָא"... OK (אהלא)
[1.3%] #405: "Jastrow, אַהֲלָא"... duplicate
[1.3%] #405: "Jastrow, אָהֳלוֹיָא"... OK (אהלויא)
[1.4%] #406: "Jastrow, אָהֳלוֹת"... OK (אהלות)
[1.4%] #407: "Jastrow, אָהֳלַיָּא"... OK (אהליא)
[1.4%] #408: "Jastrow, אָהֳלִית"... OK (אהלית)
[1.4%] #409: "Jastrow, אהמרא"... OK (אהמרא)
[1.4%] #410: "Jastrow, אֲהָן"... OK (אהן)
[1.4%] #411: "Jastrow, אהנייתא"... OK (אהנייתא)
[1.4%] #412: "Jastrow, אַהֲרוֹן"... OK (אהרון)
[1.4%] #413: "Jastrow, אַהֲרוֹנִית"... OK (אהרונית)
[1.4%] #414: "Jastrow, אַהֲרֹן"... OK (אהרן)
[1.4%] #415: "Jastrow, או־"... OK (או)
[1.4%] #416: "Jastrow, אוֹ I"... duplicate
[1.4%] #416: "Jastrow, אוֹ"... duplicate
[1.4%] #416: "Jastrow, אוֹ II"... duplicate
[1.4%] #416: "Jastrow, אוּ"... duplicate
[1.4%] #416: "Jastrow, אַוָּארָא"... OK (אוארא)
[1.4%] #417: "Jastrow, אוֹב"... OK (אוב)
[1.4%] #418: "Jastrow, אוֹב ²"... duplicate
[1.4%] #418: "Jastrow, אוֹב ³"... duplicate
[1.4%] #418: "Jastrow, אוֹבְדָן"... OK (אובדן)
[1.4%] #419: "Jastrow, אובינות"... OK (אובינות)
[1.4%] #420: "Jastrow, אוֹבִיסוֹס"... OK (אוביסוס)
[1.4%] #421: "Jastrow, אוּבָל"... OK (אובל)
[1.4%] #422: "Jastrow, אוּבְלָא I"... OK (אובלא)
[1.4%] #423: "Jastrow, אוּבְלָא II"... duplicate
[1.4%] #423: "Jastrow, אוּבְלִים"... OK (אובלים)
[1.4%] #424: "Jastrow, אוֹבַנְתָּא"... OK (אובנתא)
[1.4%] #425: "Jastrow, אוּבְצָנָא"... OK (אובצנא)
[1.4%] #426: "Jastrow, אוֹבְרִיזָא"... OK (אובריזא)
[1.4%] #427: "Jastrow, אוּבְשִׁין"... OK (אובשין)
[1.4%] #428: "Jastrow, אוֹג"... OK (אוג)
[1.4%] #429: "Jastrow, אוּגָד"... OK (אוגד)
[1.4%] #430: "Jastrow, אוגדויי"... OK (אוגדויי)
[1.4%] #431: "Jastrow, אוֹגְדוֹיִיקוֹנְטָא"... OK (אוגדוייקונטא)
[1.4%] #432: "Jastrow, אוֹגְדוֹר"... OK (אוגדור)
[1.4%] #433: "Jastrow, אוֹגְדוּתָא"... OK (אוגדותא)
[1.4%] #434: "Jastrow, אוגורי"... OK (אוגורי)
[1.4%] #435: "Jastrow, אוּגְיָא"... OK (אוגיא)
[1.5%] #436: "Jastrow, אוּגְיָה"... OK (אוגיה)
[1.5%] #437: "Jastrow, אוֹגֶן"... OK (אוגן)
[1.5%] #438: "Jastrow, אוֹגָנָא"... OK (אוגנא)
[1.5%] #439: "Jastrow, אֶוְגְּנֵס"... OK (אוגנס)
[1.5%] #440: "Jastrow, אוֹגַר"... OK (אוגר)
[1.5%] #441: "Jastrow, אוֹגַר ²"... duplicate
[1.5%] #441: "Jastrow, אוגרוי"... OK (אוגרוי)
[1.5%] #442: "Jastrow, אוגרים"... OK (אוגרים)
[1.5%] #443: "Jastrow, אוגרנא"... OK (אוגרנא)
[1.5%] #444: "Jastrow, אוֹגֶרֶת"... OK (אוגרת)
[1.5%] #445: "Jastrow, אוּד"... OK (אוד)
[1.5%] #446: "Jastrow, אוּד ²"... duplicate
[1.5%] #446: "Jastrow, אוֹדָאָה"... OK (אודאה)
[1.5%] #447: "Jastrow, אוּדְדָא"... OK (אודדא)
[1.5%] #448: "Jastrow, אוּדְיָא"... OK (אודיא)
[1.5%] #449: "Jastrow, אודיאר"... OK (אודיאר)
[1.5%] #450: "Jastrow, אודייא"... OK (אודייא)
[1.5%] #451: "Jastrow, אודיין"... OK (אודיין)
[1.5%] #452: "Jastrow, אוּדְיָינִי"... OK (אודייני)
[1.5%] #453: "Jastrow, *אוּדְיָיתָא I"... OK (אודייתא)
[1.5%] #454: "Jastrow, *אוּדְיָיתָא II"... duplicate
[1.5%] #454: "Jastrow, אוֹדִיצוּתָא"... OK (אודיצותא)
[1.5%] #455: "Jastrow, אוֹדִיקוּתָא"... OK (אודיקותא)
[1.5%] #456: "Jastrow, אוֹדִיתָא"... OK (אודיתא)
[1.5%] #457: "Jastrow, אוֹדֶם"... OK (אודם)
[1.5%] #458: "Jastrow, אוֹדֶן"... OK (אודן)
[1.5%] #459: "Jastrow, אוּדְנָא II"... OK (אודנא)
[1.5%] #460: "Jastrow, אוּדְנָא III"... duplicate
[1.5%] #460: "Jastrow, אוּדְרָא"... OK (אודרא)
[1.5%] #461: "Jastrow, *אוּדְרָךְ"... OK (אודרך)
[1.5%] #462: "Jastrow, אָוָה"... OK (אוה)
[1.5%] #463: "Jastrow, אוֹהֶל"... OK (אוהל)
[1.5%] #464: "Jastrow, אוֹהֲרָא"... OK (אוהרא)
[1.5%] #465: "Jastrow, אֶוְוגִּינִיסְטָאטֵי"... OK (אווגיניסטאטי)
[1.6%] #466: "Jastrow, אָוָוז"... OK (אווז)
[1.6%] #467: "Jastrow, אַוְוזָא"... OK (אווזא)
[1.6%] #468: "Jastrow, אֲוַול"... OK (אוול)
[1.6%] #469: "Jastrow, אוולם"... OK (אוולם)
[1.6%] #470: "Jastrow, אָוֶון"... OK (אוון)
[1.6%] #471: "Jastrow, אַוָּונָא"... OK (אוונא)
[1.6%] #472: "Jastrow, אֲוַונְכַּר"... OK (אוונכר)
[1.6%] #473: "Jastrow, אֶוְוסוֹס"... OK (אווסוס)
[1.6%] #474: "Jastrow, אווקי"... OK (אווקי)
[1.6%] #475: "Jastrow, *אַוְורָא"... OK (אוורא)
[1.6%] #476: "Jastrow, אֲוַורְדִּימָס"... OK (אוורדימס)
[1.6%] #477: "Jastrow, אוורוס"... OK (אוורוס)
[1.6%] #478: "Jastrow, *אַוְורַקְסִין"... OK (אוורקסין)
[1.6%] #479: "Jastrow, אַוְורַשְׁנָא"... OK (אוורשנא)
[1.6%] #480: "Jastrow, אַוַּושׁ"... OK (אווש)
[1.6%] #481: "Jastrow, אֶוְושַׁר"... OK (אוושר)
[1.6%] #482: "Jastrow, אֶוְותִּיאוֹס"... OK (אוותיאוס)
[1.6%] #483: "Jastrow, אוותיננייה"... OK (אוותיננייה)
[1.6%] #484: "Jastrow, *אַוְותָּן"... OK (אוותן)
[1.6%] #485: "Jastrow, אוותנטי"... OK (אוותנטי)
[1.6%] #486: "Jastrow, אַוותֶּנְטְיָא"... OK (אוותנטיא)
[1.6%] #487: "Jastrow, אַוְותֶּנְטִי"... duplicate
[1.6%] #487: "Jastrow, אוּזְיָא"... OK (אוזיא)
  [Saved progress: 487 entries]
[1.6%] #488: "Jastrow, אוּזִילָא"... OK (אוזילא)
[1.6%] #489: "Jastrow, אוּזִילְתָּא"... OK (אוזילתא)
[1.6%] #490: "Jastrow, *אוּזִּינְקָא"... OK (אוזינקא)
[1.6%] #491: "Jastrow, אוּזְלָא"... OK (אוזלא)
[1.6%] #492: "Jastrow, *אוּזְמְיָאוֹת"... OK (אוזמיאות)
[1.6%] #493: "Jastrow, אוּזְמֵל"... OK (אוזמל)
[1.6%] #494: "Jastrow, אוֹזֶן"... OK (אוזן)
[1.6%] #495: "Jastrow, אוּזְנָא"... OK (אוזנא)
[1.7%] #496: "Jastrow, *אוּזְנִיֹּות"... OK (אוזניות)
[1.7%] #497: "Jastrow, אוֹזָפוּתָא"... OK (אוזפותא)
[1.7%] #498: "Jastrow, *(אוזפיה)"... OK (אוזפיה)
[1.7%] #499: "Jastrow, אוזרד"... OK (אוזרד)
[1.7%] #500: "Jastrow, *אוֹחֲדָנָא"... OK (אוחדנא)
[1.7%] #501: "Jastrow, אוֹחַדְתָּא"... OK (אוחדתא)
[1.7%] #502: "Jastrow, אוּחַדְתָּא"... duplicate
[1.7%] #502: "Jastrow, אוֹחִיִין"... OK (אוחיין)
[1.7%] #503: "Jastrow, אוֹחֲרִי"... OK (אוחרי)
[1.7%] #504: "Jastrow, אוֹחֲרַיָא"... OK (אוחריא)
[1.7%] #505: "Jastrow, אוּחֲרָן"... OK (אוחרן)
[1.7%] #506: "Jastrow, אוֹטָבוּתָא"... OK (אוטבותא)
[1.7%] #507: "Jastrow, אוטימוס"... OK (אוטימוס)
[1.7%] #508: "Jastrow, אוטיפיטא"... OK (אוטיפיטא)
[1.7%] #509: "Jastrow, אוֹטֶם"... OK (אוטם)
[1.7%] #510: "Jastrow, אוטם"... duplicate
[1.7%] #510: "Jastrow, אוטנס"... OK (אוטנס)
[1.7%] #511: "Jastrow, אוטפיטא"... OK (אוטפיטא)
[1.7%] #512: "Jastrow, אוי"... OK (אוי)
[1.7%] #513: "Jastrow, אוי ²"... duplicate
[1.7%] #513: "Jastrow, אוֹי"... duplicate
[1.7%] #513: "Jastrow, אִוְיָא I"... OK (אויא)
[1.7%] #514: "Jastrow, אִוְיָא II"... duplicate
[1.7%] #514: "Jastrow, אוֹיִים"... OK (אויים)
[1.7%] #515: "Jastrow, אֱוִילָא"... OK (אוילא)
[1.7%] #516: "Jastrow, אוֹיָם"... OK (אוים)
[1.7%] #517: "Jastrow, אָוִיר"... OK (אויר)
[1.7%] #518: "Jastrow, אָוֵירָא"... OK (אוירא)
[1.7%] #519: "Jastrow, אוירא"... duplicate
[1.7%] #519: "Jastrow, אֲוִירְטָא"... OK (אוירטא)
[1.7%] #520: "Jastrow, *אֲוִירְיָא"... OK (אויריא)
[1.7%] #521: "Jastrow, אוֹכָחוּתָא"... OK (אוכחותא)
[1.7%] #522: "Jastrow, אוֹכְטָא"... OK (אוכטא)
[1.7%] #523: "Jastrow, *אוּכַּיְיפָא"... OK (אוכייפא)
[1.7%] #524: "Jastrow, אוכל"... OK (אוכל)
[1.7%] #525: "Jastrow, אוֹכֶל"... duplicate
[1.7%] #525: "Jastrow, אוּכְלָא I"... OK (אוכלא)
[1.8%] #526: "Jastrow, אוּכְלָא II"... duplicate
[1.8%] #526: "Jastrow, אוֹכְלָה"... OK (אוכלה)
[1.8%] #527: "Jastrow, אוֹכְלוֹזא"... OK (אוכלוזא)
[1.8%] #528: "Jastrow, אוּכָּם"... OK (אוכם)
[1.8%] #529: "Jastrow, אוּכְמָא"... OK (אוכמא)
[1.8%] #530: "Jastrow, אוּכָּמוּתָא"... OK (אוכמותא)
[1.8%] #531: "Jastrow, אוכמנא"... OK (אוכמנא)
[1.8%] #532: "Jastrow, אוּכַּמְתָּא"... OK (אוכמתא)
[1.8%] #533: "Jastrow, *אוּכַּמְתִּי"... OK (אוכמתי)
[1.8%] #534: "Jastrow, אוּכָּף"... OK (אוכף)
[1.8%] #535: "Jastrow, אוּכָּפָא"... OK (אוכפא)
[1.8%] #536: "Jastrow, אוכפייה"... OK (אוכפייה)
[1.8%] #537: "Jastrow, אוכצנא"... OK (אוכצנא)
[1.8%] #538: "Jastrow, אֲוַל"... OK (אול)
[1.8%] #539: "Jastrow, אוּלְבָּנָא"... OK (אולבנא)
[1.8%] #540: "Jastrow, *אוֹלָד"... OK (אולד)
[1.8%] #541: "Jastrow, אוֹלוֹ־"... OK (אולו)
[1.8%] #542: "Jastrow, אולוגלוגין"... OK (אולוגלוגין)
[1.8%] #543: "Jastrow, אולוותא"... OK (אולוותא)
[1.8%] #544: "Jastrow, אולוכורסין"... OK (אולוכורסין)
[1.8%] #545: "Jastrow, אוֹלוֹכְרוּסוֹן"... OK (אולוכרוסון)
[1.8%] #546: "Jastrow, אוֹלוֹן"... OK (אולון)
[1.8%] #547: "Jastrow, אוֹלוֹסֵירִיקָא"... OK (אולוסיריקא)
[1.8%] #548: "Jastrow, אוֹלוֹסְרִיקָא"... OK (אולוסריקא)
[1.8%] #549: "Jastrow, אולורין"... OK (אולורין)
[1.8%] #550: "Jastrow, אוליאוס"... OK (אוליאוס)
[1.8%] #551: "Jastrow, אוֹלְיָאר"... OK (אוליאר)
[1.8%] #552: "Jastrow, אולירין"... OK (אולירין)
[1.8%] #553: "Jastrow, אוּלְלָא"... OK (אוללא)
[1.8%] #554: "Jastrow, אוּלָם I"... OK (אולם)
[1.8%] #555: "Jastrow, אוּלָם II"... duplicate
[1.8%] #555: "Jastrow, אוּלָמָא"... OK (אולמא)
[1.8%] #556: "Jastrow, אוּלְמָא"... duplicate
[1.8%] #556: "Jastrow, אוּלְמָנָא"... OK (אולמנא)
[1.9%] #557: "Jastrow, אולפין"... OK (אולפין)
[1.9%] #558: "Jastrow, אוּלְפָן"... OK (אולפן)
[1.9%] #559: "Jastrow, אוּלְצָן"... OK (אולצן)
[1.9%] #560: "Jastrow, אולר"... OK (אולר)
[1.9%] #561: "Jastrow, *אולרייא"... OK (אולרייא)
[1.9%] #562: "Jastrow, אוֹלָרִין"... OK (אולרין)
[1.9%] #563: "Jastrow, אוּם"... OK (אום)
[1.9%] #564: "Jastrow, *אוּמָא"... OK (אומא)
[1.9%] #565: "Jastrow, אוּמָּא"... duplicate
[1.9%] #565: "Jastrow, אוֹמָאָה"... OK (אומאה)
[1.9%] #566: "Jastrow, אוּמָד"... OK (אומד)
[1.9%] #567: "Jastrow, אוּמָדוּת"... OK (אומדות)
[1.9%] #568: "Jastrow, אוּמְדָּנָא"... OK (אומדנא)
[1.9%] #569: "Jastrow, אוּמָּה"... OK (אומה)
[1.9%] #570: "Jastrow, *אוֹמוֹלוֹגְיָיא"... OK (אומולוגייא)
[1.9%] #571: "Jastrow, אומולוגין"... OK (אומולוגין)
[1.9%] #572: "Jastrow, אומוניאה"... OK (אומוניאה)
[1.9%] #573: "Jastrow, אוֹמִי"... OK (אומי)
[1.9%] #574: "Jastrow, אומיקטרון"... OK (אומיקטרון)
[1.9%] #575: "Jastrow, אוּמְלָל"... OK (אומלל)
[1.9%] #576: "Jastrow, אוֹמָן"... OK (אומן)
  [Saved progress: 576 entries]
[1.9%] #577: "Jastrow, אוֹמַן"... duplicate
[1.9%] #577: "Jastrow, אוּמָן"... duplicate
[1.9%] #577: "Jastrow, אוּמַן"... duplicate
[1.9%] #577: "Jastrow, אוּמְנָא"... OK (אומנא)
[1.9%] #578: "Jastrow, אוּמָנָה"... OK (אומנה)
[1.9%] #579: "Jastrow, אוֹמָנוּ"... OK (אומנו)
[1.9%] #580: "Jastrow, אומנון"... OK (אומנון)
[1.9%] #581: "Jastrow, אומנוס"... OK (אומנוס)
[1.9%] #582: "Jastrow, אוּמָנוּת"... OK (אומנות)
[1.9%] #583: "Jastrow, אוּמָנוּתָא"... OK (אומנותא)
[1.9%] #584: "Jastrow, אוֹמָנִית"... OK (אומנית)
[1.9%] #585: "Jastrow, אומפירטור"... OK (אומפירטור)
[1.9%] #586: "Jastrow, אוּמְצָא"... OK (אומצא)
[2.0%] #587: "Jastrow, אוּמְרִית"... OK (אומרית)
[2.0%] #588: "Jastrow, אוּמָּת"... OK (אומת)
[2.0%] #589: "Jastrow, אוֹמָתָא"... OK (אומתא)
[2.0%] #590: "Jastrow, אָוֶן"... OK (און)
[2.0%] #591: "Jastrow, אוֹן"... duplicate
[2.0%] #591: "Jastrow, אַיְנָא I"... OK (אינא)
[2.0%] #592: "Jastrow, אֲוָנָא II"... OK (אונא)
[2.0%] #593: "Jastrow, *אונא"... duplicate
[2.0%] #593: "Jastrow, אוּנָא"... duplicate
[2.0%] #593: "Jastrow, אוֹנָאָה"... OK (אונאה)
[2.0%] #594: "Jastrow, אוֹנָאוּתָא"... OK (אונאותא)
[2.0%] #595: "Jastrow, אונאי"... OK (אונאי)
[2.0%] #596: "Jastrow, *אוֹנָאִיתָא"... OK (אונאיתא)
[2.0%] #597: "Jastrow, אונדפא"... OK (אונדפא)
[2.0%] #598: "Jastrow, אוֹנָה I"... OK (אונה)
[2.0%] #599: "Jastrow, אוֹנָה II"... duplicate
[2.0%] #599: "Jastrow, אוֹנוּ"... OK (אונו)
[2.0%] #600: "Jastrow, אוֹנוֹ"... duplicate
[2.0%] #600: "Jastrow, אונוס"... OK (אונוס)
[2.0%] #601: "Jastrow, אוֹנוֹס"... duplicate
[2.0%] #601: "Jastrow, אוֹנְטוֹס"... OK (אונטוס)
[2.0%] #602: "Jastrow, אונטלית"... OK (אונטלית)
[2.0%] #603: "Jastrow, אוני"... OK (אוני)
[2.0%] #604: "Jastrow, אוֹנִי I"... duplicate
[2.0%] #604: "Jastrow, אוֹנִי II"... duplicate
[2.0%] #604: "Jastrow, אוֹנְיָא"... OK (אוניא)
[2.0%] #605: "Jastrow, אוֹנִיאוּתָא"... OK (אוניאותא)
[2.0%] #606: "Jastrow, אוֹנָיָה"... OK (אוניה)
[2.0%] #607: "Jastrow, אוֹנְיָיא"... OK (אונייא)
[2.0%] #608: "Jastrow, אוּנְיָיקִי"... OK (אונייקי)
[2.0%] #609: "Jastrow, *אוּנִין"... OK (אונין)
[2.0%] #610: "Jastrow, אוֹנֵיס"... OK (אוניס)
[2.0%] #611: "Jastrow, אוֹנִיתָא"... OK (אוניתא)
[2.0%] #612: "Jastrow, אוֹנָיָתָא"... duplicate
[2.0%] #612: "Jastrow, *אוּנְכִין"... OK (אונכין)
[2.0%] #613: "Jastrow, אונכלי"... OK (אונכלי)
[2.0%] #614: "Jastrow, אֲוַנְכְּרֵי"... OK (אונכרי)
[2.0%] #615: "Jastrow, אוֹנֵן"... OK (אונן)
[2.1%] #616: "Jastrow, אוננא"... OK (אוננא)
[2.1%] #617: "Jastrow, אונניות"... OK (אונניות)
[2.1%] #618: "Jastrow, אוֹנֶס"... OK (אונס)
[2.1%] #619: "Jastrow, אוֹנֶס ²"... duplicate
[2.1%] #619: "Jastrow, אוּנְסָא"... OK (אונסא)
[2.1%] #620: "Jastrow, אוֹנָסָא"... duplicate
[2.1%] #620: "Jastrow, *אונסין"... OK (אונסין)
[2.1%] #621: "Jastrow, אוּנְפִּיל"... OK (אונפיל)
[2.1%] #622: "Jastrow, אוּנְפְּלָא"... OK (אונפלא)
[2.1%] #623: "Jastrow, אוּנְקָא I"... OK (אונקא)
[2.1%] #624: "Jastrow, אוּנְקָא II"... duplicate
[2.1%] #624: "Jastrow, אוּנְקוֹלִין"... OK (אונקולין)
[2.1%] #625: "Jastrow, אוֹנְקוֹס"... OK (אונקוס)
[2.1%] #626: "Jastrow, אוּנְקַי"... OK (אונקי)
[2.1%] #627: "Jastrow, אוּנְקְיָא"... OK (אונקיא)
[2.1%] #628: "Jastrow, אונקיינוס"... OK (אונקיינוס)
[2.1%] #629: "Jastrow, אונקילוסיא"... OK (אונקילוסיא)
[2.1%] #630: "Jastrow, אונקים"... OK (אונקים)
[2.1%] #631: "Jastrow, אוּנְקַל"... OK (אונקל)
[2.1%] #632: "Jastrow, אוּנְקְלָא"... OK (אונקלא)
[2.1%] #633: "Jastrow, אוּנְקְלָאוֹת"... OK (אונקלאות)
[2.1%] #634: "Jastrow, אוּנְקְלָה"... OK (אונקלה)
[2.1%] #635: "Jastrow, אוֹנְקְלוֹס"... OK (אונקלוס)
[2.1%] #636: "Jastrow, אונקלוסיא"... OK (אונקלוסיא)
[2.1%] #637: "Jastrow, אוּנְקְלַי I"... OK (אונקלי)
[2.1%] #638: "Jastrow, אוּנְקְלַי II"... duplicate
[2.1%] #638: "Jastrow, אוֹנקַלְמוֹס"... OK (אונקלמוס)
[2.1%] #639: "Jastrow, אונקלסיא"... OK (אונקלסיא)
[2.1%] #640: "Jastrow, אוס"... OK (אוס)
[2.1%] #641: "Jastrow, אוֹסָאֵי"... OK (אוסאי)
[2.1%] #642: "Jastrow, אוסטולין"... OK (אוסטולין)
[2.1%] #643: "Jastrow, אַוְסֵי"... OK (אוסי)
[2.1%] #644: "Jastrow, אוסי"... duplicate
[2.1%] #644: "Jastrow, אוסיא"... OK (אוסיא)
[2.1%] #645: "Jastrow, אוסיא ²"... duplicate
[2.1%] #645: "Jastrow, אוּסְיָא"... duplicate
[2.1%] #645: "Jastrow, אוּסִיָּא"... duplicate
[2.1%] #645: "Jastrow, אוסיניסי"... OK (אוסיניסי)
[2.1%] #646: "Jastrow, אוסיתא"... OK (אוסיתא)
[2.2%] #647: "Jastrow, אוסכולי"... OK (אוסכולי)
[2.2%] #648: "Jastrow, אוּסְמָנָא"... OK (אוסמנא)
[2.2%] #649: "Jastrow, אוּסְנָא"... OK (אוסנא)
[2.2%] #650: "Jastrow, אוֹסֶף"... OK (אוסף)
[2.2%] #651: "Jastrow, אוּסְפְּלִידָא"... OK (אוספלידא)
[2.2%] #652: "Jastrow, אוּסְקָנִיתא"... OK (אוסקניתא)
[2.2%] #653: "Jastrow, אוֹף I"... OK (אוף)
[2.2%] #654: "Jastrow, אוֹף II"... duplicate
[2.2%] #654: "Jastrow, אוּפֵי"... OK (אופי)
[2.2%] #655: "Jastrow, אוֹפִי"... duplicate
  [Saved progress: 654 entries]
[2.2%] #655: "Jastrow, אוֹפְיָא"... OK (אופיא)
[2.2%] #656: "Jastrow, *אוֹפְיוֹן"... OK (אופיון)
[2.2%] #657: "Jastrow, אופיטא"... OK (אופיטא)
[2.2%] #658: "Jastrow, אוּפְיֵי"... OK (אופיי)
[2.2%] #659: "Jastrow, אוֹפִיכָא"... OK (אופיכא)
[2.2%] #660: "Jastrow, אופילין"... OK (אופילין)
[2.2%] #661: "Jastrow, *אופימטטאטא"... OK (אופימטטאטא)
[2.2%] #662: "Jastrow, אוֹפִיקְיָלִין"... OK (אופיקילין)
[2.2%] #663: "Jastrow, אוֹפִיתָא"... OK (אופיתא)
[2.2%] #664: "Jastrow, אופכי"... OK (אופכי)
[2.2%] #665: "Jastrow, אוֹפֶל"... OK (אופל)
[2.2%] #666: "Jastrow, אוֹפָן"... OK (אופן)
[2.2%] #667: "Jastrow, אוֹפֶן"... duplicate
[2.2%] #667: "Jastrow, אוֹפַנָּא"... OK (אופנא)
[2.2%] #668: "Jastrow, אוֹפְנָא"... duplicate
[2.2%] #668: "Jastrow, אוּפְסַיִם"... OK (אופסים)
[2.2%] #669: "Jastrow, אוּפְסִין"... OK (אופסין)
[2.2%] #670: "Jastrow, אופסנון"... OK (אופסנון)
[2.2%] #671: "Jastrow, אוּפְתָּא"... OK (אופתא)
[2.2%] #672: "Jastrow, אוּפְתֵּיק"... OK (אופתיק)
[2.2%] #673: "Jastrow, אוּץ"... OK (אוץ)
[2.2%] #674: "Jastrow, אוּצְבָּתָא"... OK (אוצבתא)
[2.2%] #675: "Jastrow, אוּצְיָא"... OK (אוציא)
[2.3%] #676: "Jastrow, אוציטילין"... OK (אוציטילין)
[2.3%] #677: "Jastrow, אוֹצֶן"... OK (אוצן)
[2.3%] #678: "Jastrow, אוֹצָר"... OK (אוצר)
[2.3%] #679: "Jastrow, אוֹצָרָא"... OK (אוצרא)
[2.3%] #680: "Jastrow, אוקומיני"... OK (אוקומיני)
[2.3%] #681: "Jastrow, אוקונים"... OK (אוקונים)
[2.3%] #682: "Jastrow, אוקטוריא"... OK (אוקטוריא)
[2.3%] #683: "Jastrow, אוֹקִי"... OK (אוקי)
[2.3%] #684: "Jastrow, אוקי"... duplicate
[2.3%] #684: "Jastrow, *אוּקְיָא"... OK (אוקיא)
[2.3%] #685: "Jastrow, אוֹקְיָאנוֹס"... OK (אוקיאנוס)
[2.3%] #686: "Jastrow, *אוקיי"... OK (אוקיי)
[2.3%] #687: "Jastrow, אוֹקְיָינוֹס"... OK (אוקיינוס)
[2.3%] #688: "Jastrow, אוֹקִים"... OK (אוקים)
[2.3%] #689: "Jastrow, אוֹקִימוּתָא"... OK (אוקימותא)
[2.3%] #690: "Jastrow, אוקינין"... OK (אוקינין)
[2.3%] #691: "Jastrow, אוּקְצָא"... OK (אוקצא)
[2.3%] #692: "Jastrow, אוֹר I"... OK (אור)
[2.3%] #693: "Jastrow, אוֹר"... duplicate
[2.3%] #693: "Jastrow, אוֹר II"... duplicate
[2.3%] #693: "Jastrow, אוּר I"... duplicate
[2.3%] #693: "Jastrow, *אוּר II"... duplicate
[2.3%] #693: "Jastrow, אוּרָא I"... OK (אורא)
[2.3%] #694: "Jastrow, *אוּרָא II"... duplicate
[2.3%] #694: "Jastrow, אוֹרָאָה"... OK (אוראה)
[2.3%] #695: "Jastrow, אוּרְבָּא"... OK (אורבא)
[2.3%] #696: "Jastrow, אוּרְבִּינָא"... OK (אורבינא)
[2.3%] #697: "Jastrow, אוּרְבָּנָא"... OK (אורבנא)
[2.3%] #698: "Jastrow, *אוּרְבָּנִין"... OK (אורבנין)
[2.3%] #699: "Jastrow, אורדי"... OK (אורדי)
[2.3%] #700: "Jastrow, *אוּרְדַּיָּא"... OK (אורדיא)
[2.3%] #701: "Jastrow, אוּרְדִּילָאֵי"... OK (אורדילאי)
[2.3%] #702: "Jastrow, *אוּרְדָּךְ"... OK (אורדך)
[2.3%] #703: "Jastrow, אוּרְדְּעָה"... OK (אורדעה)
[2.3%] #704: "Jastrow, אורדען"... OK (אורדען)
[2.3%] #705: "Jastrow, אוּרְדַּעְנָה"... OK (אורדענה)
[2.4%] #706: "Jastrow, אוֹרָה I"... OK (אורה)
[2.4%] #707: "Jastrow, אוֹרָה II"... duplicate
[2.4%] #707: "Jastrow, אוֹרֶה"... duplicate
[2.4%] #707: "Jastrow, אורוורין"... OK (אורוורין)
[2.4%] #708: "Jastrow, אוּרְווֹת"... OK (אורוות)
[2.4%] #709: "Jastrow, אוּרְוָותָא"... OK (אורוותא)
[2.4%] #710: "Jastrow, אוֹרוֹלוֹגִין"... OK (אורולוגין)
[2.4%] #711: "Jastrow, *אורוסטי"... OK (אורוסטי)
[2.4%] #712: "Jastrow, אורורין"... OK (אורורין)
[2.4%] #713: "Jastrow, אוֹרֶז"... OK (אורז)
[2.4%] #714: "Jastrow, אוּרְזָא"... OK (אורזא)
[2.4%] #715: "Jastrow, אוּרְזִילָא"... OK (אורזילא)
[2.4%] #716: "Jastrow, אוּרְזָנַיָּיא"... OK (אורזנייא)
[2.4%] #717: "Jastrow, אוֹרֵחַ"... OK (אורח)
[2.4%] #718: "Jastrow, אוֹרַח"... duplicate
[2.4%] #718: "Jastrow, אוּרִי"... OK (אורי)
[2.4%] #719: "Jastrow, אוֹרִי"... duplicate
[2.4%] #719: "Jastrow, אוֹרְיָא"... OK (אוריא)
[2.4%] #720: "Jastrow, אוּרְיָא"... duplicate
[2.4%] #720: "Jastrow, אוּרְיָא ²"... duplicate
[2.4%] #720: "Jastrow, אוּרְיָא ³"... duplicate
[2.4%] #720: "Jastrow, אוֹרְיָא ²"... duplicate
[2.4%] #720: "Jastrow, אוּרִיאֵל"... OK (אוריאל)
[2.4%] #721: "Jastrow, אוֹרְיָאן"... OK (אוריאן)
[2.4%] #722: "Jastrow, אוּרְיָה  I, II"... OK (אוריה)
[2.4%] #723: "Jastrow, אוֹרְיָה"... duplicate
[2.4%] #723: "Jastrow, אוֹרְיוֹן"... OK (אוריון)
[2.4%] #724: "Jastrow, אוֹרִיזָא"... OK (אוריזא)
[2.4%] #725: "Jastrow, אוּרְיָיא"... OK (אורייא)
[2.4%] #726: "Jastrow, אוֹרָיָיא"... duplicate
[2.4%] #726: "Jastrow, אוֹרְיָין"... OK (אוריין)
[2.4%] #727: "Jastrow, אוֹרְיָין II"... duplicate
[2.4%] #727: "Jastrow, *אוּרְיָינִי"... OK (אורייני)
[2.4%] #728: "Jastrow, אוֹרְיָיר"... OK (אורייר)
[2.4%] #729: "Jastrow, אוּרְיָירָא"... OK (אוריירא)
[2.4%] #730: "Jastrow, אוֹרַיְיתָא"... OK (אורייתא)
[2.4%] #731: "Jastrow, אוּרִית"... OK (אורית)
[2.4%] #732: "Jastrow, אוֹרַיְתָא"... OK (אוריתא)
[2.4%] #733: "Jastrow, אוריכות"... OK (אוריכות)
[2.4%] #734: "Jastrow, אוֹרִיכוּתָא"... OK (אוריכותא)
[2.4%] #735: "Jastrow, אוֹרֶךְ"... OK (אורך)
  [Saved progress: 735 entries]
[2.5%] #736: "Jastrow, אוּרְכָּא"... OK (אורכא)
[2.5%] #737: "Jastrow, אוֹרָכוּתָא"... OK (אורכותא)
[2.5%] #738: "Jastrow, *אוּרְכָנִיס"... OK (אורכניס)
[2.5%] #739: "Jastrow, אורכתא"... OK (אורכתא)
[2.5%] #740: "Jastrow, אוֹרְלוֹגִין"... OK (אורלוגין)
[2.5%] #741: "Jastrow, אוֹרֶן"... OK (אורן)
[2.5%] #742: "Jastrow, אוֹרָן"... duplicate
[2.5%] #742: "Jastrow, *אַוְרַנֹּוס"... OK (אורנוס)
[2.5%] #743: "Jastrow, אורסיקין"... OK (אורסיקין)
[2.5%] #744: "Jastrow, אוֹרָעָא"... OK (אורעא)
[2.5%] #745: "Jastrow, אוּרְעֵי"... OK (אורעי)
[2.5%] #746: "Jastrow, אוּרְעִיתָא"... OK (אורעיתא)
[2.5%] #747: "Jastrow, אורשינא"... OK (אורשינא)
[2.5%] #748: "Jastrow, אוּרְתָּא"... OK (אורתא)
[2.5%] #749: "Jastrow, אֲוַשׁ"... OK (אוש)
[2.5%] #750: "Jastrow, אוּשׁ I"... duplicate
[2.5%] #750: "Jastrow, אוּשׁ II"... duplicate
[2.5%] #750: "Jastrow, אוּשָּׁא"... OK (אושא)
[2.5%] #751: "Jastrow, אוּשָׁא"... duplicate
[2.5%] #751: "Jastrow, אוּשְׁוָותָא"... OK (אושוותא)
[2.5%] #752: "Jastrow, אוֹשָׁטוּתָא"... OK (אושטותא)
[2.5%] #753: "Jastrow, אוּשְׁיָיתָא"... OK (אושייתא)
[2.5%] #754: "Jastrow, *אוּשְׁכִּי"... OK (אושכי)
[2.5%] #755: "Jastrow, אוּשְׁכָּף"... OK (אושכף)
[2.5%] #756: "Jastrow, אוּשְׁכָּפָא"... OK (אושכפא)
[2.5%] #757: "Jastrow, אוּשְׁלָא"... OK (אושלא)
[2.5%] #758: "Jastrow, אוּשְׁלַיָּא"... OK (אושליא)
[2.5%] #759: "Jastrow, אוֹשַׁעְיָא"... OK (אושעיא)
[2.5%] #760: "Jastrow, אוּשְׁפְּזִיכָא"... OK (אושפזיכא)
[2.5%] #761: "Jastrow, אוּשְׁפְּזִיכְנָא"... OK (אושפזיכנא)
[2.5%] #762: "Jastrow, אושפזתי"... OK (אושפזתי)
[2.5%] #763: "Jastrow, אוּשְׁפֵּיז"... OK (אושפיז)
[2.5%] #764: "Jastrow, אוּשְׁפִּיזָא"... OK (אושפיזא)
[2.5%] #765: "Jastrow, אוּשְׁפִּיזִיכְנָא"... OK (אושפיזיכנא)
[2.5%] #766: "Jastrow, אוּשְׁפִּיזְכָן"... OK (אושפיזכן)
[2.6%] #767: "Jastrow, אוּשְׁפִּיזְכָנָא"... OK (אושפיזכנא)
[2.6%] #768: "Jastrow, *אוּשְׁפַּרְתִּי"... OK (אושפרתי)
[2.6%] #769: "Jastrow, אוּשְׁקָקָא"... OK (אושקקא)
[2.6%] #770: "Jastrow, אֶוְשַׁר"... OK (אושר)
[2.6%] #771: "Jastrow, אוֹת I"... OK (אות)
[2.6%] #772: "Jastrow, אוֹת II"... duplicate
[2.6%] #772: "Jastrow, אוֹת III"... duplicate
[2.6%] #772: "Jastrow, אוֹתָבוּתָא"... OK (אותבותא)
[2.6%] #773: "Jastrow, אותונין"... OK (אותונין)
[2.6%] #774: "Jastrow, *אוּתְיָא"... OK (אותיא)
[2.6%] #775: "Jastrow, אותיום"... OK (אותיום)
[2.6%] #776: "Jastrow, אותינייה"... OK (אותינייה)
[2.6%] #777: "Jastrow, אותניתיה"... OK (אותניתיה)
[2.6%] #778: "Jastrow, אֲזָא"... OK (אזא)
[2.6%] #779: "Jastrow, *אָזָא"... duplicate
[2.6%] #779: "Jastrow, אזביון"... OK (אזביון)
[2.6%] #780: "Jastrow, *אַזְגָּא"... OK (אזגא)
[2.6%] #781: "Jastrow, אִזְגַּד"... OK (אזגד)
[2.6%] #782: "Jastrow, אזגור"... OK (אזגור)
[2.6%] #783: "Jastrow, אזד־"... OK (אזד)
[2.6%] #784: "Jastrow, אֲזַד"... duplicate
[2.6%] #784: "Jastrow, אַזְדָּא"... OK (אזדא)
[2.6%] #785: "Jastrow, אִזְדַּעְזְעָא"... OK (אזדעזעא)
[2.6%] #786: "Jastrow, אִזְדַּעֲזָעוּתָא"... OK (אזדעזעותא)
[2.6%] #787: "Jastrow, אִזְדְּקָפוּתָא"... OK (אזדקפותא)
[2.6%] #788: "Jastrow, אֵזֶהוּ"... OK (אזהו)
[2.6%] #789: "Jastrow, אַזְהָרָא"... OK (אזהרא)
[2.6%] #790: "Jastrow, אַזְהָרָה"... OK (אזהרה)
[2.6%] #791: "Jastrow, אַזְהַרְתָּא"... OK (אזהרתא)
[2.6%] #792: "Jastrow, אֵזוֹב"... OK (אזוב)
[2.6%] #793: "Jastrow, אֵזוֹבָא"... OK (אזובא)
[2.6%] #794: "Jastrow, אֵזוֹר"... OK (אזור)
[2.6%] #795: "Jastrow, אֵזוֹרָא"... OK (אזורא)
[2.6%] #796: "Jastrow, אֲזִי"... OK (אזי)
[2.7%] #797: "Jastrow, אֲזִיל"... OK (אזיל)
[2.7%] #798: "Jastrow, אֲזֵינָא"... OK (אזינא)
[2.7%] #799: "Jastrow, *אַזֵּיק"... OK (אזיק)
[2.7%] #800: "Jastrow, אַזְכָּרָה"... OK (אזכרה)
[2.7%] #801: "Jastrow, אֲזַל I"... OK (אזל)
[2.7%] #802: "Jastrow, אֲזַל II"... duplicate
[2.7%] #802: "Jastrow, אַזְלוֹיָא"... OK (אזלויא)
[2.7%] #803: "Jastrow, *אֲזָלַיָּא"... OK (אזליא)
[2.7%] #804: "Jastrow, אזמאזמא"... OK (אזמאזמא)
[2.7%] #805: "Jastrow, אזמורד"... OK (אזמורד)
[2.7%] #806: "Jastrow, אִזְמֵל"... OK (אזמל)
[2.7%] #807: "Jastrow, אִזְמַרְגַּד"... OK (אזמרגד)
[2.7%] #808: "Jastrow, אֲזַן"... OK (אזן)
[2.7%] #809: "Jastrow, אֹזֶן"... duplicate
[2.7%] #809: "Jastrow, אָזְנִיֹּות"... OK (אזניות)
[2.7%] #810: "Jastrow, אָזַר"... OK (אזר)
[2.7%] #811: "Jastrow, אֶזְרָח"... OK (אזרח)
[2.7%] #812: "Jastrow, אֶזְרְעָא"... OK (אזרעא)
[2.7%] #813: "Jastrow, *אִזְתַּוְודָּא"... OK (אזתוודא)
[2.7%] #814: "Jastrow, אָח I"... OK (אח)
[2.7%] #815: "Jastrow, אַח"... duplicate
[2.7%] #815: "Jastrow, אָח II"... duplicate
[2.7%] #815: "Jastrow, אַחָא"... OK (אחא)
[2.7%] #816: "Jastrow, אַחַאי"... OK (אחאי)
[2.7%] #817: "Jastrow, אַחֲבָא"... OK (אחבא)
[2.7%] #818: "Jastrow, אֶחָד"... OK (אחד)
[2.7%] #819: "Jastrow, אָחַד"... duplicate
[2.7%] #819: "Jastrow, אֲחַד"... duplicate
[2.7%] #819: "Jastrow, אַחֲדָא"... OK (אחדא)
[2.7%] #820: "Jastrow, אֲחַדְבֹּוי"... OK (אחדבוי)
[2.7%] #821: "Jastrow, אָחָה"... OK (אחה)
  [Saved progress: 821 entries]
[2.7%] #822: "Jastrow, אַחְוָא"... OK (אחוא)
[2.7%] #823: "Jastrow, אֲחוּדְתָּא"... OK (אחודתא)
[2.7%] #824: "Jastrow, אַחֲוָה"... OK (אחוה)
[2.7%] #825: "Jastrow, אַחְוָה"... duplicate
[2.7%] #825: "Jastrow, אַחֲוָוא"... OK (אחווא)
[2.8%] #826: "Jastrow, אחווינא"... OK (אחווינא)
[2.8%] #827: "Jastrow, אַחְוַויְתָא"... OK (אחוויתא)
[2.8%] #828: "Jastrow, אַחְוָונָא"... OK (אחוונא)
[2.8%] #829: "Jastrow, אֲחוּזָה"... OK (אחוזה)
[2.8%] #830: "Jastrow, אֲחוּזְתָּא"... OK (אחוזתא)
[2.8%] #831: "Jastrow, אַחֲוָיָה"... OK (אחויה)
[2.8%] #832: "Jastrow, אַחֲוֵיתָא"... OK (אחויתא)
[2.8%] #833: "Jastrow, אֲחוּכֵי"... OK (אחוכי)
[2.8%] #834: "Jastrow, אחום"... OK (אחום)
[2.8%] #835: "Jastrow, אַחְוָנָא"... OK (אחונא)
[2.8%] #836: "Jastrow, אַחְוָנַיָּיא"... OK (אחונייא)
[2.8%] #837: "Jastrow, אַחְוָנַיְתָא"... OK (אחוניתא)
[2.8%] #838: "Jastrow, אָחוֹר"... OK (אחור)
[2.8%] #839: "Jastrow, אֲחוֹרָא"... OK (אחורא)
[2.8%] #840: "Jastrow, אֲחוֹרִי"... OK (אחורי)
[2.8%] #841: "Jastrow, אָחוֹת"... OK (אחות)
[2.8%] #842: "Jastrow, אָחַז"... OK (אחז)
[2.8%] #843: "Jastrow, אחזיונה"... OK (אחזיונה)
[2.8%] #844: "Jastrow, אחי"... OK (אחי)
[2.8%] #845: "Jastrow, אחי ²"... duplicate
[2.8%] #845: "Jastrow, אֲחִיד"... OK (אחיד)
[2.8%] #846: "Jastrow, אֲחִידָה I"... OK (אחידה)
[2.8%] #847: "Jastrow, אֲחִידָה II"... duplicate
[2.8%] #847: "Jastrow, אֲחִיָּה"... OK (אחיה)
[2.8%] #848: "Jastrow, אַחֲיוֹת"... OK (אחיות)
[2.8%] #849: "Jastrow, אַחֲיוּתָא"... OK (אחיותא)
[2.8%] #850: "Jastrow, אַחַיי"... OK (אחיי)
[2.8%] #851: "Jastrow, אֲחִיָּיה"... OK (אחייה)
[2.8%] #852: "Jastrow, אֲחִיךְ"... OK (אחיך)
[2.8%] #853: "Jastrow, אֲחִילוּ"... OK (אחילו)
[2.8%] #854: "Jastrow, אַחִים"... OK (אחים)
[2.8%] #855: "Jastrow, אֲחִינִית"... OK (אחינית)
[2.9%] #856: "Jastrow, *אֲחִלָּה"... OK (אחלה)
[2.9%] #857: "Jastrow, *אַחְמִיתָא"... OK (אחמיתא)
[2.9%] #858: "Jastrow, אַחְמַר"... OK (אחמר)
[2.9%] #859: "Jastrow, אַחְמְרָא"... OK (אחמרא)
[2.9%] #860: "Jastrow, אַחְמְתָא"... OK (אחמתא)
[2.9%] #861: "Jastrow, אח"ס"... OK (אחס)
[2.9%] #862: "Jastrow, אַחְסָנָא"... OK (אחסנא)
[2.9%] #863: "Jastrow, אָחַר"... OK (אחר)
[2.9%] #864: "Jastrow, אֲחַר"... duplicate
[2.9%] #864: "Jastrow, אַחַר"... duplicate
[2.9%] #864: "Jastrow, אַחֵר"... duplicate
[2.9%] #864: "Jastrow, אַחְרָא"... OK (אחרא)
[2.9%] #865: "Jastrow, אַחֲרָאִי"... OK (אחראי)
[2.9%] #866: "Jastrow, אַחֲרוֹן"... OK (אחרון)
[2.9%] #867: "Jastrow, אָחֳרִי"... OK (אחרי)
[2.9%] #868: "Jastrow, אַחֲרָיוּת"... OK (אחריות)
[2.9%] #869: "Jastrow, אַחֲרָיוּתָא"... OK (אחריותא)
[2.9%] #870: "Jastrow, אַחֲרָיִי"... OK (אחריי)
[2.9%] #871: "Jastrow, אַחֲרָיָיא"... OK (אחרייא)
[2.9%] #872: "Jastrow, אַחֲרִינָא"... OK (אחרינא)
[2.9%] #873: "Jastrow, אַחֲרִית"... OK (אחרית)
[2.9%] #874: "Jastrow, אַחֲרַיְתָא"... OK (אחריתא)
[2.9%] #875: "Jastrow, אַחֲרִיתִּי"... OK (אחריתי)
[2.9%] #876: "Jastrow, אָחֳרָן"... OK (אחרן)
[2.9%] #877: "Jastrow, אֲחֶרֶת"... OK (אחרת)
[2.9%] #878: "Jastrow, אֲחַשְׁדַּרְפְּנַיָּא"... OK (אחשדרפניא)
[2.9%] #879: "Jastrow, אַחַת"... OK (אחת)
[2.9%] #880: "Jastrow, אֲחָת"... duplicate
[2.9%] #880: "Jastrow, א"ט"... OK (אט)
[2.9%] #881: "Jastrow, אִטָּא"... OK (אטא)
[2.9%] #882: "Jastrow, אֲטָא"... duplicate
[2.9%] #882: "Jastrow, אַטְבָּא"... OK (אטבא)
[2.9%] #883: "Jastrow, אט"בח"... OK (אטבח)
[2.9%] #884: "Jastrow, אַטְבְּעָא"... OK (אטבעא)
[2.9%] #885: "Jastrow, אָטָד"... OK (אטד)
[2.9%] #886: "Jastrow, אָטָד ²"... duplicate
[2.9%] #886: "Jastrow, אָטוּ"... OK (אטו)
[3.0%] #887: "Jastrow, אֵטוּנָא"... OK (אטונא)
[3.0%] #888: "Jastrow, אֲטוּנָס"... OK (אטונס)
[3.0%] #889: "Jastrow, אטורנגא"... OK (אטורנגא)
[3.0%] #890: "Jastrow, אֲטָטָא"... OK (אטטא)
[3.0%] #891: "Jastrow, *אטיטס"... OK (אטיטס)
[3.0%] #892: "Jastrow, אטימוייס"... OK (אטימוייס)
[3.0%] #893: "Jastrow, אֱטִימוֹס"... OK (אטימוס)
[3.0%] #894: "Jastrow, אטימטון"... OK (אטימטון)
[3.0%] #895: "Jastrow, אֲטִימיטָא"... OK (אטימיטא)
[3.0%] #896: "Jastrow, אֲטִימִיטוֹן"... OK (אטימיטון)
[3.0%] #897: "Jastrow, אטימיסיאה"... OK (אטימיסיאה)
[3.0%] #898: "Jastrow, אֱטִימָסִיאָה"... OK (אטימסיאה)
[3.0%] #899: "Jastrow, *אַטִּינִין"... OK (אטינין)
[3.0%] #900: "Jastrow, *אַטִּיפָא"... OK (אטיפא)
[3.0%] #901: "Jastrow, אַטֵּל"... OK (אטל)
[3.0%] #902: "Jastrow, אִטְלוּלָא"... OK (אטלולא)
[3.0%] #903: "Jastrow, אַטְּלוּתָא"... OK (אטלותא)
[3.0%] #904: "Jastrow, אִטַלְיָא"... OK (אטליא)
[3.0%] #905: "Jastrow, אַטְלֵיז"... OK (אטליז)
[3.0%] #906: "Jastrow, אטליט"... OK (אטליט)
[3.0%] #907: "Jastrow, אַטְלֵיס"... OK (אטליס)
[3.0%] #908: "Jastrow, *אַטְלֵק"... OK (אטלק)
[3.0%] #909: "Jastrow, אִטְלָקוּתא"... OK (אטלקותא)
[3.0%] #910: "Jastrow, אָטַם"... OK (אטם)
[3.0%] #911: "Jastrow, אַטְמָא"... OK (אטמא)
[3.0%] #912: "Jastrow, אטנים"... OK (אטנים)
  [Saved progress: 912 entries]
[3.0%] #913: "Jastrow, אַטְּפָא"... OK (אטפא)
[3.0%] #914: "Jastrow, *אטקטיא"... OK (אטקטיא)
[3.0%] #915: "Jastrow, אִטֵּר"... OK (אטר)
[3.0%] #916: "Jastrow, אַטְרִבֹּולִיס"... OK (אטרבוליס)
[3.1%] #917: "Jastrow, אֶטְרוֹגָא"... OK (אטרוגא)
[3.1%] #918: "Jastrow, אִטְרוֹן"... OK (אטרון)
[3.1%] #919: "Jastrow, אִטְּרִי"... OK (אטרי)
[3.1%] #920: "Jastrow, אֲטַרְכוֹנָא"... OK (אטרכונא)
[3.1%] #921: "Jastrow, אַטְרַף"... OK (אטרף)
[3.1%] #922: "Jastrow, אִי־"... OK (אי)
[3.1%] #923: "Jastrow, אִי I"... duplicate
[3.1%] #923: "Jastrow, אִי II"... duplicate
[3.1%] #923: "Jastrow, אִי III"... duplicate
[3.1%] #923: "Jastrow, אִי IV"... duplicate
[3.1%] #923: "Jastrow, אֵי II"... duplicate
[3.1%] #923: "Jastrow, אֵי III"... duplicate
[3.1%] #923: "Jastrow, אֵיב"... OK (איב)
[3.1%] #924: "Jastrow, אִיבָּא I"... OK (איבא)
[3.1%] #925: "Jastrow, אִיבָּא II"... duplicate
[3.1%] #925: "Jastrow, *אִיבְבָא"... OK (איבבא)
[3.1%] #926: "Jastrow, אֵיבָה"... OK (איבה)
[3.1%] #927: "Jastrow, אִיבּוּ"... OK (איבו)
[3.1%] #928: "Jastrow, אִיבּוּד"... OK (איבוד)
[3.1%] #929: "Jastrow, אִיבּוּל I"... OK (איבול)
[3.1%] #930: "Jastrow, אִיבּוּל II"... duplicate
[3.1%] #930: "Jastrow, אֵיבוּס"... OK (איבוס)
[3.1%] #931: "Jastrow, *איבּוּס"... duplicate
[3.1%] #931: "Jastrow, אִיבּוּס"... duplicate
[3.1%] #931: "Jastrow, *אִיבִּירְיָתָא"... OK (איביריתא)
[3.1%] #932: "Jastrow, אִיבְלָא"... OK (איבלא)
[3.1%] #933: "Jastrow, אֵיבְלַיִים"... OK (איבליים)
[3.1%] #934: "Jastrow, אִיבָּעִית"... OK (איבעית)
[3.1%] #935: "Jastrow, אֵיבֶר"... OK (איבר)
[3.1%] #936: "Jastrow, אֵיבָרָא"... OK (איברא)
[3.1%] #937: "Jastrow, אִיבְרָא"... duplicate
[3.1%] #937: "Jastrow, *אִיבְרָיָאתָא"... OK (איבריאתא)
[3.1%] #938: "Jastrow, *אִיבְרָיָה"... OK (איבריה)
[3.1%] #939: "Jastrow, איבריו"... OK (איבריו)
[3.1%] #940: "Jastrow, איברייא"... OK (איברייא)
[3.1%] #941: "Jastrow, אֵיגֶד"... OK (איגד)
[3.1%] #942: "Jastrow, אֵיגוֹר"... OK (איגור)
[3.1%] #943: "Jastrow, אִיגּוּרָא"... OK (איגורא)
[3.1%] #944: "Jastrow, אֵיגוֹרִי"... OK (איגורי)
[3.1%] #945: "Jastrow, אִיגִיאָה"... OK (איגיאה)
[3.1%] #946: "Jastrow, איגְלָא"... OK (איגלא)
[3.2%] #947: "Jastrow, אִיגָר"... OK (איגר)
[3.2%] #948: "Jastrow, אִיגָרָא"... OK (איגרא)
[3.2%] #949: "Jastrow, אִיגְּרָא"... duplicate
[3.2%] #949: "Jastrow, איגראנאמון"... OK (איגראנאמון)
[3.2%] #950: "Jastrow, אִיגֶּרֶת"... OK (איגרת)
[3.2%] #951: "Jastrow, אִיגַּרְתָּא"... OK (איגרתא)
[3.2%] #952: "Jastrow, אֵיד"... OK (איד)
[3.2%] #953: "Jastrow, אֵידָא I"... OK (אידא)
[3.2%] #954: "Jastrow, אֵידָא II"... duplicate
[3.2%] #954: "Jastrow, אִידָא I"... duplicate
[3.2%] #954: "Jastrow, אִידָא II"... duplicate
[3.2%] #954: "Jastrow, אִידָּא"... duplicate
[3.2%] #954: "Jastrow, אִידוֹר"... OK (אידור)
[3.2%] #955: "Jastrow, אִידוּתָא"... OK (אידותא)
[3.2%] #956: "Jastrow, אִידֵּי"... OK (אידי)
[3.2%] #957: "Jastrow, אִידִי"... duplicate
[3.2%] #957: "Jastrow, אֵידֵין"... OK (אידין)
[3.2%] #958: "Jastrow, אִידְיָנִי"... OK (אידיני)
[3.2%] #959: "Jastrow, אִידִית"... OK (אידית)
[3.2%] #960: "Jastrow, אִידֵּךְ"... OK (אידך)
[3.2%] #961: "Jastrow, אִידְכָּרוּ"... OK (אידכרו)
[3.2%] #962: "Jastrow, *אִידָּן"... OK (אידן)
[3.2%] #963: "Jastrow, אֵידְנָא"... OK (אידנא)
[3.2%] #964: "Jastrow, אִידָּנָא"... duplicate
[3.2%] #964: "Jastrow, אִידַּר"... OK (אידר)
[3.2%] #965: "Jastrow, *אידרוטירון"... OK (אידרוטירון)
[3.2%] #966: "Jastrow, *אִידְרוֹמִילוֹן"... OK (אידרומילון)
[3.2%] #967: "Jastrow, אִידְּרוֹן"... OK (אידרון)
[3.2%] #968: "Jastrow, אִידְּרוֹנָה"... OK (אידרונה)
[3.2%] #969: "Jastrow, אִידְּרִי"... OK (אידרי)
[3.2%] #970: "Jastrow, אִידְרְעָא = אֶדְרְעָא"... OK (אידרעאאדרעא)
[3.2%] #971: "Jastrow, *אידרתו"... OK (אידרתו)
[3.2%] #972: "Jastrow, *אידתיקרימא"... OK (אידתיקרימא)
[3.2%] #973: "Jastrow, אַיָּה"... OK (איה)
[3.2%] #974: "Jastrow, אִיהָא"... OK (איהא)
[3.2%] #975: "Jastrow, אִיהוּ"... OK (איהו)
[3.3%] #976: "Jastrow, אִיהִי I"... OK (איהי)
[3.3%] #977: "Jastrow, *אִיהִי II"... duplicate
[3.3%] #977: "Jastrow, אַיּוֹ"... OK (איו)
[3.3%] #978: "Jastrow, אִיֹּוב"... OK (איוב)
[3.3%] #979: "Jastrow, איוונטיאות"... OK (איוונטיאות)
[3.3%] #980: "Jastrow, אִיוְיָא"... OK (איויא)
[3.3%] #981: "Jastrow, איול"... OK (איול)
[3.3%] #982: "Jastrow, אִיזָּא"... OK (איזא)
[3.3%] #983: "Jastrow, אֵיזֹבְיָוָן"... OK (איזביון)
[3.3%] #984: "Jastrow, אִיזְגַּד"... OK (איזגד)
[3.3%] #985: "Jastrow, אִיזְגְּדַר"... OK (איזגדר)
[3.3%] #986: "Jastrow, *אִיזְגָּרָא"... OK (איזגרא)
[3.3%] #987: "Jastrow, אִיזְדקַר"... OK (איזדקר)
[3.3%] #988: "Jastrow, אֵיזֶה"... OK (איזה)
[3.3%] #989: "Jastrow, אֵיזוּ"... OK (איזו)
[3.3%] #990: "Jastrow, אֵיזוֹב"... OK (איזוב)
[3.3%] #991: "Jastrow, אֵיזִי"... OK (איזי)
[3.3%] #992: "Jastrow, אִיזְלָא"... OK (איזלא)
[3.3%] #993: "Jastrow, אִיזְמָא"... OK (איזמא)
  [Saved progress: 993 entries]
[3.3%] #994: "Jastrow, אִיזְמֵיל"... OK (איזמיל)
[3.3%] #995: "Jastrow, איזמר"... OK (איזמר)
[3.3%] #996: "Jastrow, אִיזְקָפָה"... OK (איזקפה)
[3.3%] #997: "Jastrow, אִיזְתַּוְודָּא"... OK (איזתוודא)
[3.3%] #998: "Jastrow, אִיחוּי"... OK (איחוי)
[3.3%] #999: "Jastrow, אִיחוּר"... OK (איחור)
[3.3%] #1000: "Jastrow, אִיחוּרָא"... OK (איחורא)
[3.3%] #1001: "Jastrow, *אִיחֲטָא"... OK (איחטא)
[3.3%] #1002: "Jastrow, אִיטָא"... OK (איטא)
[3.3%] #1003: "Jastrow, אִיטָאלְיָא"... OK (איטאליא)
[3.3%] #1004: "Jastrow, אִיטָה I"... OK (איטה)
[3.3%] #1005: "Jastrow, *אִיטָה II"... duplicate
[3.3%] #1005: "Jastrow, אִיטִימוֹס"... OK (איטימוס)
[3.4%] #1006: "Jastrow, איטימיסייה"... OK (איטימיסייה)
[3.4%] #1007: "Jastrow, אִיטְלוּלָא"... OK (איטלולא)
[3.4%] #1008: "Jastrow, אִיטַלְיָא"... OK (איטליא)
[3.4%] #1009: "Jastrow, אִיטְלֵיז"... OK (איטליז)
[3.4%] #1010: "Jastrow, אִיטְלִיסִית"... OK (איטליסית)
[3.4%] #1011: "Jastrow, אִיטַלָּקוּתָא"... OK (איטלקותא)
[3.4%] #1012: "Jastrow, אִיטַלְקִי"... OK (איטלקי)
[3.4%] #1013: "Jastrow, איטם"... OK (איטם)
[3.4%] #1014: "Jastrow, אִיטְמָא"... OK (איטמא)
[3.4%] #1015: "Jastrow, אִיטְמוֹן"... OK (איטמון)
[3.4%] #1016: "Jastrow, אִיטָּן"... OK (איטן)
[3.4%] #1017: "Jastrow, *אִיטְּנִי"... OK (איטני)
[3.4%] #1018: "Jastrow, אִיטֵּר"... OK (איטר)
[3.4%] #1019: "Jastrow, אִיטְרָא"... OK (איטרא)
[3.4%] #1020: "Jastrow, אִיטְרוֹן"... OK (איטרון)
[3.4%] #1021: "Jastrow, איטרטלין"... OK (איטרטלין)
[3.4%] #1022: "Jastrow, אֵיי"... OK (איי)
[3.4%] #1023: "Jastrow, אַיְיבוּ"... OK (אייבו)
[3.4%] #1024: "Jastrow, אַיְידָא"... OK (איידא)
[3.4%] #1025: "Jastrow, אַיְידֵי"... OK (איידי)
[3.4%] #1026: "Jastrow, אייזן"... OK (אייזן)
[3.4%] #1027: "Jastrow, אַיְיכַל"... OK (אייכל)
[3.4%] #1028: "Jastrow, אייל"... OK (אייל)
[3.4%] #1029: "Jastrow, אַיְילֵן"... OK (איילן)
[3.4%] #1030: "Jastrow, אִיֵּים"... OK (איים)
[3.4%] #1031: "Jastrow, אִיֵּין"... OK (איין)
[3.4%] #1032: "Jastrow, אֵיינוֹי"... OK (איינוי)
[3.4%] #1033: "Jastrow, איינטבלינית"... OK (איינטבלינית)
[3.4%] #1034: "Jastrow, *איינים"... OK (איינים)
[3.4%] #1035: "Jastrow, אִיָּיר"... OK (אייר)
[3.5%] #1036: "Jastrow, *אֲיָירָא"... OK (איירא)
[3.5%] #1037: "Jastrow, אַיְירִי"... OK (איירי)
[3.5%] #1038: "Jastrow, אַיְירִינוֹן"... OK (איירינון)
[3.5%] #1039: "Jastrow, אַיְישַׁר"... OK (איישר)
[3.5%] #1040: "Jastrow, אֵיךְ"... OK (איך)
[3.5%] #1041: "Jastrow, אֵיכָא"... OK (איכא)
[3.5%] #1042: "Jastrow, אִיכָּא"... duplicate
[3.5%] #1042: "Jastrow, אֵיכְדֵּין"... OK (איכדין)
[3.5%] #1043: "Jastrow, אֵיכָה"... OK (איכה)
[3.5%] #1044: "Jastrow, אִיכּוּ"... OK (איכו)
[3.5%] #1045: "Jastrow, אִיכּוּל"... OK (איכול)
[3.5%] #1046: "Jastrow, אִיכּוּמָא"... OK (איכומא)
[3.5%] #1047: "Jastrow, אִיכּוּף"... OK (איכוף)
[3.5%] #1048: "Jastrow, אֵיכַן"... OK (איכן)
[3.5%] #1049: "Jastrow, איכפייה"... OK (איכפייה)
[3.5%] #1050: "Jastrow, אִיכְפַּת"... OK (איכפת)
[3.5%] #1051: "Jastrow, אִיכָּר"... OK (איכר)
[3.5%] #1052: "Jastrow, אִיכָּרָא"... OK (איכרא)
[3.5%] #1053: "Jastrow, אִיכְרוּם"... OK (איכרום)
[3.5%] #1054: "Jastrow, אִיכַּרְיָיתָא"... OK (איכרייתא)
[3.5%] #1055: "Jastrow, *אֱיָל"... OK (איל)
[3.5%] #1056: "Jastrow, אַיִל"... duplicate
[3.5%] #1056: "Jastrow, אַיָּל"... duplicate
[3.5%] #1056: "Jastrow, אֵילָא"... OK (אילא)
[3.5%] #1057: "Jastrow, אַיָּלָא"... duplicate
[3.5%] #1057: "Jastrow, אִילָא"... duplicate
[3.5%] #1057: "Jastrow, אִילָּא"... duplicate
[3.5%] #1057: "Jastrow, אילאסרין"... OK (אילאסרין)
[3.5%] #1058: "Jastrow, אֵילַהּ"... OK (אילה)
[3.5%] #1059: "Jastrow, אַיָּלָה"... duplicate
[3.5%] #1059: "Jastrow, אִילָּהֵין"... OK (אילהין)
[3.5%] #1060: "Jastrow, אֵילּוּ"... OK (אילו)
[3.5%] #1061: "Jastrow, אילו"... duplicate
[3.5%] #1061: "Jastrow, אִילּוּ"... duplicate
[3.5%] #1061: "Jastrow, אֵילוֹגִין"... OK (אילוגין)
[3.5%] #1062: "Jastrow, אילווא"... OK (אילווא)
[3.5%] #1063: "Jastrow, אִילַּוָּיוּתָא"... OK (אילויותא)
[3.5%] #1064: "Jastrow, אֵילוּל"... OK (אילול)
[3.5%] #1065: "Jastrow, אִילּוּלָא"... OK (אילולא)
[3.5%] #1066: "Jastrow, אִילּוּלֵיפוֹן"... OK (אילוליפון)
[3.6%] #1067: "Jastrow, אַיְלוֹנִית"... OK (אילונית)
[3.6%] #1068: "Jastrow, אילוסיס"... OK (אילוסיס)
[3.6%] #1069: "Jastrow, אילוסריקא"... OK (אילוסריקא)
[3.6%] #1070: "Jastrow, *אִילוֹפִיסָה"... OK (אילופיסה)
[3.6%] #1071: "Jastrow, אילטיס"... OK (אילטיס)
[3.6%] #1072: "Jastrow, אִילְיָא"... OK (איליא)
[3.6%] #1073: "Jastrow, *אִילִיאוֹס"... OK (איליאוס)
[3.6%] #1074: "Jastrow, אִילְיוֹן"... OK (איליון)
[3.6%] #1075: "Jastrow, אִילְיוֹפֹּולִיס"... OK (איליופוליס)
[3.6%] #1076: "Jastrow, אִילֵימָא"... OK (אילימא)
[3.6%] #1077: "Jastrow, אִילֵּימָא I"... duplicate
[3.6%] #1077: "Jastrow, אִילֵּימָא II"... duplicate
[3.6%] #1077: "Jastrow, אִילְיֵין"... OK (איליין)
[3.6%] #1078: "Jastrow, אילין"... OK (אילין)
[3.6%] #1079: "Jastrow, אִילְיָן"... duplicate
[3.6%] #1079: "Jastrow, אִילֵּין"... duplicate
[3.6%] #1079: "Jastrow, אִילִיס"... OK (איליס)
  [Saved progress: 1079 entries]
[3.6%] #1080: "Jastrow, אֲיֵלִיתָא"... OK (איליתא)
[3.6%] #1081: "Jastrow, אֵילֵךְ"... OK (אילך)
[3.6%] #1082: "Jastrow, אֵילָם"... OK (אילם)
[3.6%] #1083: "Jastrow, אִילֵּם"... duplicate
[3.6%] #1083: "Jastrow, אִילְּמָא"... OK (אילמא)
[3.6%] #1084: "Jastrow, אִילְּמָנָא"... OK (אילמנא)
[3.6%] #1085: "Jastrow, אִילָּן"... OK (אילן)
[3.6%] #1086: "Jastrow, אִילַן"... duplicate
[3.6%] #1086: "Jastrow, אִילֵס"... OK (אילס)
[3.6%] #1087: "Jastrow, אִילְסָרִין"... OK (אילסרין)
[3.6%] #1088: "Jastrow, אִילפָא I"... OK (אילפא)
[3.6%] #1089: "Jastrow, אִילְפָא II"... duplicate
[3.6%] #1089: "Jastrow, אִילְפַי"... OK (אילפי)
[3.6%] #1090: "Jastrow, אִילְפֵס"... OK (אילפס)
[3.6%] #1091: "Jastrow, אַיֶּלֶת I"... OK (אילת)
[3.6%] #1092: "Jastrow, אַיֶּלֶת II"... duplicate
[3.6%] #1092: "Jastrow, אַיַּלְתָּא"... OK (אילתא)
[3.6%] #1093: "Jastrow, אָיַם"... OK (אים)
[3.6%] #1094: "Jastrow, אֵימָא"... OK (אימא)
[3.6%] #1095: "Jastrow, אימָּא I"... duplicate
[3.6%] #1095: "Jastrow, אִימָּא II"... duplicate
[3.6%] #1095: "Jastrow, אִימָּא III"... duplicate
[3.6%] #1095: "Jastrow, אִימָּאוּס"... OK (אימאוס)
[3.6%] #1096: "Jastrow, אִימָּה I"... OK (אימה)
[3.7%] #1097: "Jastrow, אִימָּה II"... duplicate
[3.7%] #1097: "Jastrow, אֵימָה"... duplicate
[3.7%] #1097: "Jastrow, אִימָּהוֹת"... OK (אימהות)
[3.7%] #1098: "Jastrow, אימהן"... OK (אימהן)
[3.7%] #1099: "Jastrow, אימולוגים"... OK (אימולוגים)
[3.7%] #1100: "Jastrow, אִימּוּם"... OK (אימום)
[3.7%] #1101: "Jastrow, אימונים"... OK (אימונים)
[3.7%] #1102: "Jastrow, אימוס"... OK (אימוס)
[3.7%] #1103: "Jastrow, *אִימּוּס"... duplicate
[3.7%] #1103: "Jastrow, אֵימוּר"... OK (אימור)
[3.7%] #1104: "Jastrow, אֵימוּרִים"... OK (אימורים)
[3.7%] #1105: "Jastrow, אֵימוּרִים ²"... duplicate
[3.7%] #1105: "Jastrow, אֵימוּרִין"... OK (אימורין)
[3.7%] #1106: "Jastrow, *אִימְּטִין"... OK (אימטין)
[3.7%] #1107: "Jastrow, *אימיקנטרון"... OK (אימיקנטרון)
[3.7%] #1108: "Jastrow, *אִימִירָא"... OK (אימירא)
[3.7%] #1109: "Jastrow, אִימִירוֹן"... OK (אימירון)
[3.7%] #1110: "Jastrow, *אִימְלָא"... OK (אימלא)
[3.7%] #1111: "Jastrow, אִימָמָא"... OK (איממא)
[3.7%] #1112: "Jastrow, אימן"... OK (אימן)
[3.7%] #1113: "Jastrow, אִימֵּן"... duplicate
[3.7%] #1113: "Jastrow, אִימְנוֹן = הִמְנוֹן"... OK (אימנוןהמנון)
[3.7%] #1114: "Jastrow, איממריי"... OK (איממריי)
[3.7%] #1115: "Jastrow, אִימְצִי"... OK (אימצי)
[3.7%] #1116: "Jastrow, אֵימַר"... OK (אימר)
[3.7%] #1117: "Jastrow, אִימַר"... duplicate
[3.7%] #1117: "Jastrow, אִימַּר"... duplicate
[3.7%] #1117: "Jastrow, אִימְּרָה"... OK (אימרה)
[3.7%] #1118: "Jastrow, *אִימְרָיָיא"... OK (אימרייא)
[3.7%] #1119: "Jastrow, *אִימְרָנָא"... OK (אימרנא)
[3.7%] #1120: "Jastrow, אִימַּרְתָּא"... OK (אימרתא)
[3.7%] #1121: "Jastrow, אֵימָת"... OK (אימת)
[3.7%] #1122: "Jastrow, אֵימַת"... duplicate
[3.7%] #1122: "Jastrow, אֵימְתָא"... OK (אימתא)
[3.7%] #1123: "Jastrow, אֵימָתַי"... OK (אימתי)
[3.7%] #1124: "Jastrow, אֵימְתָן"... OK (אימתן)
[3.7%] #1125: "Jastrow, אָיַן"... OK (אין)
[3.8%] #1126: "Jastrow, אַיִן I"... duplicate
[3.8%] #1126: "Jastrow, אַיִן II"... duplicate
[3.8%] #1126: "Jastrow, אֵין"... duplicate
[3.8%] #1126: "Jastrow, אִין I"... duplicate
[3.8%] #1126: "Jastrow, אִין II"... duplicate
[3.8%] #1126: "Jastrow, אִינָא"... duplicate
[3.8%] #1126: "Jastrow, אֵינָב"... OK (אינב)
[3.8%] #1127: "Jastrow, אִינְבָּא"... OK (אינבא)
[3.8%] #1128: "Jastrow, אִינְגַּד"... OK (אינגד)
[3.8%] #1129: "Jastrow, אינגורין"... OK (אינגורין)
[3.8%] #1130: "Jastrow, אִינְדְּרָא"... OK (אינדרא)
[3.8%] #1131: "Jastrow, אִינְדְּרוֹנָא"... OK (אינדרונא)
[3.8%] #1132: "Jastrow, אינדרטין"... OK (אינדרטין)
[3.8%] #1133: "Jastrow, אִינְהוּ"... OK (אינהו)
[3.8%] #1134: "Jastrow, אינו"... OK (אינו)
[3.8%] #1135: "Jastrow, אִינוֹמִילִין"... OK (אינומילין)
[3.8%] #1136: "Jastrow, אִינוּן"... OK (אינון)
[3.8%] #1137: "Jastrow, *אינוניתא"... OK (אינוניתא)
[3.8%] #1138: "Jastrow, *אִינַחְתָּא"... OK (אינחתא)
[3.8%] #1139: "Jastrow, אינטפלינית"... OK (אינטפלינית)
[3.8%] #1140: "Jastrow, אֵינִי"... OK (איני)
[3.8%] #1141: "Jastrow, אִינִי"... duplicate
[3.8%] #1141: "Jastrow, איניבא"... OK (איניבא)
[3.8%] #1142: "Jastrow, אִינְיָיא"... OK (אינייא)
[3.8%] #1143: "Jastrow, אִינְיָינִי"... OK (אינייני)
[3.8%] #1144: "Jastrow, אִינִין"... OK (אינין)
[3.8%] #1145: "Jastrow, אִינִישׁ"... OK (איניש)
[3.8%] #1146: "Jastrow, אִינָךְ"... OK (אינך)
[3.8%] #1147: "Jastrow, אֶינְמִירִינוֹן"... OK (אינמירינון)
[3.8%] #1148: "Jastrow, אִינְפֹּולַי"... OK (אינפולי)
[3.8%] #1149: "Jastrow, אִינְקָא"... OK (אינקא)
[3.8%] #1150: "Jastrow, אִינְקוֹרָא"... OK (אינקורא)
[3.8%] #1151: "Jastrow, אינקלסיא"... OK (אינקלסיא)
[3.8%] #1152: "Jastrow, אֱינָשׁ"... OK (אינש)
[3.8%] #1153: "Jastrow, אינתימרוס"... OK (אינתימרוס)
[3.8%] #1154: "Jastrow, אִיס־"... OK (איס)
[3.8%] #1155: "Jastrow, אִיס"... duplicate
[3.8%] #1155: "Jastrow, אִיסָא"... OK (איסא)
[3.9%] #1156: "Jastrow, איסגנטירין"... OK (איסגנטירין)
  [Saved progress: 1156 entries]
[3.9%] #1157: "Jastrow, אִיסָדָא"... OK (איסדא)
[3.9%] #1158: "Jastrow, אֵיסוּ"... OK (איסו)
[3.9%] #1159: "Jastrow, אִיסוֹדָא"... OK (איסודא)
[3.9%] #1160: "Jastrow, אִיסוֹפֹּולִיטְיָיא"... OK (איסופוליטייא)
[3.9%] #1161: "Jastrow, אֵיסוּר"... OK (איסור)
[3.9%] #1162: "Jastrow, אִיסּוּר I"... duplicate
[3.9%] #1162: "Jastrow, אִיסּוּר II"... duplicate
[3.9%] #1162: "Jastrow, אִיסּוּרָא"... OK (איסורא)
[3.9%] #1163: "Jastrow, אִיסוּרָא II"... duplicate
[3.9%] #1163: "Jastrow, אֱיסוּרְיָא"... OK (איסוריא)
[3.9%] #1164: "Jastrow, אִיסְט־"... OK (איסט)
[3.9%] #1165: "Jastrow, אִיסְטְבָא"... OK (איסטבא)
[3.9%] #1166: "Jastrow, *אִיסְטַגְלִילִית"... OK (איסטגלילית)
[3.9%] #1167: "Jastrow, אִיסְטַגְנֵין"... OK (איסטגנין)
[3.9%] #1168: "Jastrow, איסטדומוטא"... OK (איסטדומוטא)
[3.9%] #1169: "Jastrow, אִיסְטַדְיָא"... OK (איסטדיא)
[3.9%] #1170: "Jastrow, איסטדין"... OK (איסטדין)
[3.9%] #1171: "Jastrow, אִיסְטְדִירָא"... OK (איסטדירא)
[3.9%] #1172: "Jastrow, אִיסְטַהַר"... OK (איסטהר)
[3.9%] #1173: "Jastrow, אִיסטְוָוא I"... OK (איסטווא)
[3.9%] #1174: "Jastrow, אִיסְטְוָוא II"... duplicate
[3.9%] #1174: "Jastrow, אִיסְטְוָוה"... OK (איסטווה)
[3.9%] #1175: "Jastrow, אִיסְטְוָונָא"... OK (איסטוונא)
[3.9%] #1176: "Jastrow, אִיסְטְוָונִית"... OK (איסטוונית)
[3.9%] #1177: "Jastrow, אִיסטְוָורָא"... OK (איסטוורא)
[3.9%] #1178: "Jastrow, אִיסְטוֵיט"... OK (איסטויט)
[3.9%] #1179: "Jastrow, אִיסטוֹלִין"... OK (איסטולין)
[3.9%] #1180: "Jastrow, אִיסְטוָנוֹת"... OK (איסטונות)
[3.9%] #1181: "Jastrow, איסטופיטא"... OK (איסטופיטא)
[3.9%] #1182: "Jastrow, אִיסְטַטְיוֹן"... OK (איסטטיון)
[3.9%] #1183: "Jastrow, איסטטיונרון"... OK (איסטטיונרון)
[3.9%] #1184: "Jastrow, אִיסְטַטִּית"... OK (איסטטית)
[3.9%] #1185: "Jastrow, *אִיסְטַטָּנִית"... OK (איסטטנית)
[4.0%] #1186: "Jastrow, אִיסטֵיב"... OK (איסטיב)
[4.0%] #1187: "Jastrow, אִיסְטֵיו"... OK (איסטיו)
[4.0%] #1188: "Jastrow, איסטיוט"... OK (איסטיוט)
[4.0%] #1189: "Jastrow, איסטיות"... OK (איסטיות)
[4.0%] #1190: "Jastrow, אִיסטִיטִית"... OK (איסטיטית)
[4.0%] #1191: "Jastrow, אִיסְטְיָיא"... OK (איסטייא)
[4.0%] #1192: "Jastrow, *איסטילין"... OK (איסטילין)
[4.0%] #1193: "Jastrow, איסטיס"... OK (איסטיס)
[4.0%] #1194: "Jastrow, אִיסָטִיס"... duplicate
[4.0%] #1194: "Jastrow, איסטיסית"... OK (איסטיסית)
[4.0%] #1195: "Jastrow, איסטירטיגוס"... OK (איסטירטיגוס)
[4.0%] #1196: "Jastrow, איסטית"... OK (איסטית)
[4.0%] #1197: "Jastrow, אִיסְטְמָא"... OK (איסטמא)
[4.0%] #1198: "Jastrow, *איסטמאה"... OK (איסטמאה)
[4.0%] #1199: "Jastrow, איסטנינותיא"... OK (איסטנינותיא)
[4.0%] #1200: "Jastrow, אִיסְטְנִיס"... OK (איסטניס)
[4.0%] #1201: "Jastrow, אִיסְטְסוֹנִית"... OK (איסטסונית)
[4.0%] #1202: "Jastrow, איסטפונין"... OK (איסטפונין)
[4.0%] #1203: "Jastrow, אִיסְטַפְלִינִין"... OK (איסטפלינין)
[4.0%] #1204: "Jastrow, אִיסְטְרָא"... OK (איסטרא)
[4.0%] #1205: "Jastrow, אִיסְטְרוֹבִיל"... OK (איסטרוביל)
[4.0%] #1206: "Jastrow, אִיסְטְרוֹבִילוֹס"... OK (איסטרובילוס)
[4.0%] #1207: "Jastrow, אִיסְטְרוֹגֵי"... OK (איסטרוגי)
[4.0%] #1208: "Jastrow, איסטרולוגוס"... OK (איסטרולוגוס)
[4.0%] #1209: "Jastrow, איסטרטטי"... OK (איסטרטטי)
[4.0%] #1210: "Jastrow, איסטריא"... OK (איסטריא)
[4.0%] #1211: "Jastrow, איסטריבוליא"... OK (איסטריבוליא)
[4.0%] #1212: "Jastrow, אִיסְטְרִידָא"... OK (איסטרידא)
[4.0%] #1213: "Jastrow, איסטריפומטא"... OK (איסטריפומטא)
[4.0%] #1214: "Jastrow, *אִיסְטַרְכִין"... OK (איסטרכין)
[4.0%] #1215: "Jastrow, אִיסִי"... OK (איסי)
[4.0%] #1216: "Jastrow, איסיפקאות"... OK (איסיפקאות)
[4.1%] #1217: "Jastrow, אִיסְכֹּולִי"... OK (איסכולי)
[4.1%] #1218: "Jastrow, אִיסְכֹּולַסְטִיקָא"... OK (איסכולסטיקא)
[4.1%] #1219: "Jastrow, אִיסְכּוּפְיָה"... OK (איסכופיה)
[4.1%] #1220: "Jastrow, איסכלא"... OK (איסכלא)
[4.1%] #1221: "Jastrow, איסכלוסקי"... OK (איסכלוסקי)
[4.1%] #1222: "Jastrow, *אִיסְמְטָא"... OK (איסמטא)
[4.1%] #1223: "Jastrow, *איסניא"... OK (איסניא)
[4.1%] #1224: "Jastrow, איספו"... OK (איספו)
[4.1%] #1225: "Jastrow, איספוטיקוס"... OK (איספוטיקוס)
[4.1%] #1226: "Jastrow, איספוסין"... OK (איספוסין)
[4.1%] #1227: "Jastrow, איספטיא"... OK (איספטיא)
[4.1%] #1228: "Jastrow, איספטר"... OK (איספטר)
[4.1%] #1229: "Jastrow, איספי"... OK (איספי)
[4.1%] #1230: "Jastrow, איספיטין"... OK (איספיטין)
[4.1%] #1231: "Jastrow, *איספיסריאון"... OK (איספיסריאון)
[4.1%] #1232: "Jastrow, אִיסְפְּלִידָא"... OK (איספלידא)
[4.1%] #1233: "Jastrow, אִיסְפֶנְדַּמְנוֹס"... OK (איספנדמנוס)
[4.1%] #1234: "Jastrow, *אִיסְפְּקָא"... OK (איספקא)
[4.1%] #1235: "Jastrow, איספקאות"... OK (איספקאות)
[4.1%] #1236: "Jastrow, אִיסְפִּקְלָטוֹר"... OK (איספקלטור)
[4.1%] #1237: "Jastrow, אִיסְפַּקְלָטוֹרָא"... OK (איספקלטורא)
[4.1%] #1238: "Jastrow, אִיסְפַּקְלַרְיָא"... OK (איספקלריא)
[4.1%] #1239: "Jastrow, *איספקסיטין"... OK (איספקסיטין)
[4.1%] #1240: "Jastrow, איספקרפסטי"... OK (איספקרפסטי)
[4.1%] #1241: "Jastrow, אִיסְפַּרְגּוֹס"... OK (איספרגוס)
[4.1%] #1242: "Jastrow, אִיסְפַּרְגַּל"... OK (איספרגל)
[4.1%] #1243: "Jastrow, אִיסְפַרְמְקִי"... OK (איספרמקי)
[4.1%] #1244: "Jastrow, איספרנמין"... OK (איספרנמין)
[4.1%] #1245: "Jastrow, אִיסְפַּתְרִין"... OK (איספתרין)
[4.2%] #1246: "Jastrow, אִיסָק"... OK (איסק)
[4.2%] #1247: "Jastrow, איסקבטיריי"... OK (איסקבטיריי)
[4.2%] #1248: "Jastrow, אִיסְקוּדְרֵי"... OK (איסקודרי)
[4.2%] #1249: "Jastrow, אִיסְקוֹזוּת"... OK (איסקוזות)
[4.2%] #1250: "Jastrow, איסקומדרי"... OK (איסקומדרי)
[4.2%] #1251: "Jastrow, אִיסְקוּנְדְּרֵי"... OK (איסקונדרי)
  [Saved progress: 1251 entries]
[4.2%] #1252: "Jastrow, אִיסְקוּפָּא"... OK (איסקופא)
[4.2%] #1253: "Jastrow, אִיסְקוֹרטְיָא"... OK (איסקורטיא)
[4.2%] #1254: "Jastrow, אִיסְקַרְיָא"... OK (איסקריא)
[4.2%] #1255: "Jastrow, איסקריטורי"... OK (איסקריטורי)
[4.2%] #1256: "Jastrow, אִיסְקְרִיטֵי"... OK (איסקריטי)
[4.2%] #1257: "Jastrow, *איסקרנדה"... OK (איסקרנדה)
[4.2%] #1258: "Jastrow, אִיסָר"... OK (איסר)
[4.2%] #1259: "Jastrow, אִיסָּר"... duplicate
[4.2%] #1259: "Jastrow, אֵיסַר"... duplicate
[4.2%] #1259: "Jastrow, אִיסְרָא I"... OK (איסרא)
[4.2%] #1260: "Jastrow, אִיסְרָא II"... duplicate
[4.2%] #1260: "Jastrow, אִיסְרָטָא"... OK (איסרטא)
[4.2%] #1261: "Jastrow, *אִיסְרָטָה"... OK (איסרטה)
[4.2%] #1262: "Jastrow, *איסרטוס"... OK (איסרטוס)
[4.2%] #1263: "Jastrow, *אִיסְרָטִין"... OK (איסרטין)
[4.2%] #1264: "Jastrow, איסרקא"... OK (איסרקא)
[4.2%] #1265: "Jastrow, אֵיסַרְתָּא"... OK (איסרתא)
[4.2%] #1266: "Jastrow, איסרתה"... OK (איסרתה)
[4.2%] #1267: "Jastrow, אִיסְתְּוָורָא"... OK (איסתוורא)
[4.2%] #1268: "Jastrow, *איסתוננסין"... OK (איסתוננסין)
[4.2%] #1269: "Jastrow, אִיסְתַּוְרָא"... OK (איסתורא)
[4.2%] #1270: "Jastrow, אִיסְתִּירָא"... OK (איסתירא)
[4.2%] #1271: "Jastrow, איסתלגינית"... OK (איסתלגינית)
[4.2%] #1272: "Jastrow, אִיסְתָּנָא"... OK (איסתנא)
[4.2%] #1273: "Jastrow, אִיסְתַּנְדְּרָא"... OK (איסתנדרא)
[4.2%] #1274: "Jastrow, אִיסְתְּנִיס"... OK (איסתניס)
[4.2%] #1275: "Jastrow, איסתניסיה"... OK (איסתניסיה)
[4.3%] #1276: "Jastrow, אִיסְתַּפְנִינִי"... OK (איסתפניני)
[4.3%] #1277: "Jastrow, אִיסְתְּרוֹקָנִית"... OK (איסתרוקנית)
[4.3%] #1278: "Jastrow, אִיסְתַּרְתִּיגִין"... OK (איסתרתיגין)
[4.3%] #1279: "Jastrow, איפאניטא"... OK (איפאניטא)
[4.3%] #1280: "Jastrow, אֵיפָה I"... OK (איפה)
[4.3%] #1281: "Jastrow, *אֵיפָה II"... duplicate
[4.3%] #1281: "Jastrow, אֵיפָה III"... duplicate
[4.3%] #1281: "Jastrow, *איפוטונקריק"... OK (איפוטונקריק)
[4.3%] #1282: "Jastrow, איפוטיקוס"... OK (איפוטיקוס)
[4.3%] #1283: "Jastrow, אִיפּוּכִי"... OK (איפוכי)
[4.3%] #1284: "Jastrow, אִיפוֹלִין"... OK (איפולין)
[4.3%] #1285: "Jastrow, אִיפּוּמָא"... OK (איפומא)
[4.3%] #1286: "Jastrow, איפומטא"... OK (איפומטא)
[4.3%] #1287: "Jastrow, *איפומנימא"... OK (איפומנימא)
[4.3%] #1288: "Jastrow, *אֵיפוּס"... OK (איפוס)
[4.3%] #1289: "Jastrow, אִיפֹּופּוֹדִין"... OK (איפופודין)
[4.3%] #1290: "Jastrow, איפופורין"... OK (איפופורין)
[4.3%] #1291: "Jastrow, *אֱיפוֹפֵי"... OK (איפופי)
[4.3%] #1292: "Jastrow, איפופיס"... OK (איפופיס)
[4.3%] #1293: "Jastrow, איפוריא"... OK (איפוריא)
[4.3%] #1294: "Jastrow, אִיפּוּרְיָיא"... OK (איפורייא)
[4.3%] #1295: "Jastrow, *אִיפֹּותוֹרוֹס"... OK (איפותורוס)
[4.3%] #1296: "Jastrow, אֶיפְטָא"... OK (איפטא)
[4.3%] #1297: "Jastrow, אִיפַּטְיָא"... OK (איפטיא)
[4.3%] #1298: "Jastrow, אִיפָּטִיקוֹס"... OK (איפטיקוס)
[4.3%] #1299: "Jastrow, איפיטיקוס"... OK (איפיטיקוס)
[4.3%] #1300: "Jastrow, אִיפְּכָא"... OK (איפכא)
[4.3%] #1301: "Jastrow, איפליקתא"... OK (איפליקתא)
[4.3%] #1302: "Jastrow, אִיפַּסְטְלִין"... OK (איפסטלין)
[4.3%] #1303: "Jastrow, איפסטקין"... OK (איפסטקין)
[4.3%] #1304: "Jastrow, אֶיפְסָר"... OK (איפסר)
[4.3%] #1305: "Jastrow, איפקינון"... OK (איפקינון)
[4.3%] #1306: "Jastrow, אִיפְקַרְסִין"... OK (איפקרסין)
[4.4%] #1307: "Jastrow, אֶיפְרָא"... OK (איפרא)
[4.4%] #1308: "Jastrow, אִיפְרָא"... duplicate
[4.4%] #1308: "Jastrow, אִיפַּרְוָון"... OK (איפרוון)
[4.4%] #1309: "Jastrow, *איפרוטוס"... OK (איפרוטוס)
[4.4%] #1310: "Jastrow, אִיפַּרְכָא"... OK (איפרכא)
[4.4%] #1311: "Jastrow, אִיפַּרְכוֹס"... OK (איפרכוס)
[4.4%] #1312: "Jastrow, אִיפַּרְכוּסְיָא"... OK (איפרכוסיא)
[4.4%] #1313: "Jastrow, אִיפַּרְכִי"... OK (איפרכי)
[4.4%] #1314: "Jastrow, אִיפַּרְכָיוּתָא"... OK (איפרכיותא)
[4.4%] #1315: "Jastrow, *אִיפַּרְסֵן"... OK (איפרסן)
[4.4%] #1316: "Jastrow, איפרפוס"... OK (איפרפוס)
[4.4%] #1317: "Jastrow, אֶיפֶשׁ"... OK (איפש)
[4.4%] #1318: "Jastrow, איפתוסים"... OK (איפתוסים)
[4.4%] #1319: "Jastrow, אִיצָא I"... OK (איצא)
[4.4%] #1320: "Jastrow, אִיצָא II"... duplicate
[4.4%] #1320: "Jastrow, איצבתו"... OK (איצבתו)
[4.4%] #1321: "Jastrow, אִיצְטַדְיָא"... OK (איצטדיא)
[4.4%] #1322: "Jastrow, אִיצְטַדִּין"... OK (איצטדין)
[4.4%] #1323: "Jastrow, איצטיוראן"... OK (איצטיוראן)
[4.4%] #1324: "Jastrow, אִיצְטְנִיסִית"... OK (איצטניסית)
[4.4%] #1325: "Jastrow, איצטרי"... OK (איצטרי)
[4.4%] #1326: "Jastrow, אִיצְיָיתָא"... OK (איצייתא)
[4.4%] #1327: "Jastrow, *אִיצְרָא"... OK (איצרא)
[4.4%] #1328: "Jastrow, אִיצְרוֹלוֹגִין"... OK (איצרולוגין)
[4.4%] #1329: "Jastrow, *אִיקָא"... OK (איקא)
[4.4%] #1330: "Jastrow, איקוביטון"... OK (איקוביטון)
[4.4%] #1331: "Jastrow, *איקוטטא"... OK (איקוטטא)
[4.4%] #1332: "Jastrow, אִיקוֹמוֹנוֹס"... OK (איקומונוס)
[4.4%] #1333: "Jastrow, אִיקוּמֵינֵי"... OK (איקומיני)
[4.4%] #1334: "Jastrow, איקומנוס"... OK (איקומנוס)
[4.4%] #1335: "Jastrow, אִיקוֹן"... OK (איקון)
[4.5%] #1336: "Jastrow, אִיקוֹנוֹמוֹס"... OK (איקונומוס)
[4.5%] #1337: "Jastrow, *אִיקוֹנְיָא I"... OK (איקוניא)
[4.5%] #1338: "Jastrow, *אִיקוֹנְיָא II"... duplicate
[4.5%] #1338: "Jastrow, איקוניה"... OK (איקוניה)
[4.5%] #1339: "Jastrow, איקונים"... OK (איקונים)
[4.5%] #1340: "Jastrow, אִיקוֹנִין"... OK (איקונין)
[4.5%] #1341: "Jastrow, אֶיקְלִיטָא"... OK (איקליטא)
[4.5%] #1342: "Jastrow, איקלין"... OK (איקלין)
[4.5%] #1343: "Jastrow, אִיקְלַס"... OK (איקלס)
  [Saved progress: 1343 entries]
[4.5%] #1344: "Jastrow, אִיקָנוֹס"... OK (איקנוס)
[4.5%] #1345: "Jastrow, אִיקָר"... OK (איקר)
[4.5%] #1346: "Jastrow, אִירָא"... OK (אירא)
[4.5%] #1347: "Jastrow, *אִירוֹנִית"... OK (אירונית)
[4.5%] #1348: "Jastrow, אֵירוּס I"... OK (אירוס)
[4.5%] #1349: "Jastrow, אֵירוּס II"... duplicate
[4.5%] #1349: "Jastrow, אֵירוּסִין"... OK (אירוסין)
[4.5%] #1350: "Jastrow, אִירוּעַ"... OK (אירוע)
[4.5%] #1351: "Jastrow, אִירְיָא"... OK (איריא)
[4.5%] #1352: "Jastrow, אֱירִימוֹן"... OK (אירימון)
[4.5%] #1353: "Jastrow, אֱירֵימִיאָה"... OK (אירימיאה)
[4.5%] #1354: "Jastrow, אירם"... OK (אירם)
[4.5%] #1355: "Jastrow, אֶירֶס"... OK (אירס)
[4.5%] #1356: "Jastrow, אִירְסַיָּה"... OK (אירסיה)
[4.5%] #1357: "Jastrow, אִירַע"... OK (אירע)
[4.5%] #1358: "Jastrow, אִישׁ"... OK (איש)
[4.5%] #1359: "Jastrow, אִישָּׁא"... OK (אישא)
[4.5%] #1360: "Jastrow, אֶישְׁבֹּורָן"... OK (אישבורן)
[4.5%] #1361: "Jastrow, אִישֶּׁה"... OK (אישה)
[4.5%] #1362: "Jastrow, אִישֹׁון"... OK (אישון)
[4.5%] #1363: "Jastrow, אִישּׁוּר"... OK (אישור)
[4.5%] #1364: "Jastrow, אִישׁוּת"... OK (אישות)
[4.5%] #1365: "Jastrow, אישות"... duplicate
[4.5%] #1365: "Jastrow, אֵישׁוּת"... duplicate
[4.5%] #1365: "Jastrow, אִישְׂטַטְיוֹן"... OK (אישטטיון)
[4.5%] #1366: "Jastrow, אֶישְׁפָּה"... OK (אישפה)
[4.6%] #1367: "Jastrow, אישפותי"... OK (אישפותי)
[4.6%] #1368: "Jastrow, אִישְׁפֹּת"... OK (אישפת)
[4.6%] #1369: "Jastrow, אִישְׁקָק"... OK (אישקק)
[4.6%] #1370: "Jastrow, אַיְשַׁר"... OK (אישר)
[4.6%] #1371: "Jastrow, אִישֵּׁר"... duplicate
[4.6%] #1371: "Jastrow, אִישַׁת"... OK (אישת)
[4.6%] #1372: "Jastrow, אֶושָּׁתָא"... OK (אושתא)
[4.6%] #1373: "Jastrow, אֶישְׁתָּא"... OK (אישתא)
[4.6%] #1374: "Jastrow, *אִישְׁתַּטִּית"... OK (אישתטית)
[4.6%] #1375: "Jastrow, אִישְׁתִּי"... OK (אישתי)
[4.6%] #1376: "Jastrow, אִישְׁתִּיתָא"... OK (אישתיתא)
[4.6%] #1377: "Jastrow, אִישְׁתְּמוֹדַע"... OK (אישתמודע)
[4.6%] #1378: "Jastrow, אִיתְ־"... OK (אית)
[4.6%] #1379: "Jastrow, אִית"... duplicate
[4.6%] #1379: "Jastrow, אִיתָא"... OK (איתא)
[4.6%] #1380: "Jastrow, אִיתָּא"... duplicate
[4.6%] #1380: "Jastrow, אִיתּוּ"... OK (איתו)
[4.6%] #1381: "Jastrow, אִיתוּ"... duplicate
[4.6%] #1381: "Jastrow, אִיתֹּודָאָה"... OK (איתודאה)
[4.6%] #1382: "Jastrow, *אִיתַי"... OK (איתי)
[4.6%] #1383: "Jastrow, אִיתִי"... duplicate
[4.6%] #1383: "Jastrow, *אִיתְּיַטְרוֹן"... OK (איתיטרון)
[4.6%] #1384: "Jastrow, אִיתֵּימָא"... OK (איתימא)
[4.6%] #1385: "Jastrow, איתימוס"... OK (איתימוס)
[4.6%] #1386: "Jastrow, אִיתִינָן"... OK (איתינן)
[4.6%] #1387: "Jastrow, אִיתְכָּלָא"... OK (איתכלא)
[4.6%] #1388: "Jastrow, אִיתְּלִיס"... OK (איתליס)
[4.6%] #1389: "Jastrow, *אִיתָּם"... OK (איתם)
[4.6%] #1390: "Jastrow, אִיתְּמָל"... OK (איתמל)
[4.6%] #1391: "Jastrow, אֵיתָן"... OK (איתן)
[4.6%] #1392: "Jastrow, איתנטייה"... OK (איתנטייה)
[4.6%] #1393: "Jastrow, אִיתְנִיס"... OK (איתניס)
[4.6%] #1394: "Jastrow, אִיתְנְכוּ"... OK (איתנכו)
[4.6%] #1395: "Jastrow, אִיתְקוּטְלָא"... OK (איתקוטלא)
[4.7%] #1396: "Jastrow, אִיתְּתָא"... OK (איתתא)
[4.7%] #1397: "Jastrow, אַךְ I"... OK (אך)
[4.7%] #1398: "Jastrow, אַךְ II"... duplicate
[4.7%] #1398: "Jastrow, *אַךְ III"... duplicate
[4.7%] #1398: "Jastrow, אַכְאָבִית ²"... duplicate
[4.7%] #1398: "Jastrow, אֲכָאטֵיס"... OK (אכאטיס)
[4.7%] #1399: "Jastrow, אַכָּבָא"... OK (אכבא)
[4.7%] #1400: "Jastrow, אכבדא"... OK (אכבדא)
[4.7%] #1401: "Jastrow, אֵכְדֵן"... OK (אכדן)
[4.7%] #1402: "Jastrow, אכדרוי"... OK (אכדרוי)
[4.7%] #1403: "Jastrow, אכוור"... OK (אכוור)
[4.7%] #1404: "Jastrow, אַכְוַורְנְקָא"... OK (אכוורנקא)
[4.7%] #1405: "Jastrow, *אָכוּז"... OK (אכוז)
[4.7%] #1406: "Jastrow, אֲכוּזָא"... OK (אכוזא)
[4.7%] #1407: "Jastrow, אִכּוּם"... OK (אכום)
[4.7%] #1408: "Jastrow, אַכְוַנְגַּר"... OK (אכונגר)
[4.7%] #1409: "Jastrow, אַכְוַרְנְקָא"... OK (אכורנקא)
[4.7%] #1410: "Jastrow, *אכזווייא"... OK (אכזווייא)
[4.7%] #1411: "Jastrow, אַכְזִיב"... OK (אכזיב)
[4.7%] #1412: "Jastrow, אַכְזָר"... OK (אכזר)
[4.7%] #1413: "Jastrow, אַכְזְרָא"... OK (אכזרא)
[4.7%] #1414: "Jastrow, אַכְזָרִי"... OK (אכזרי)
[4.7%] #1415: "Jastrow, אַכְזְרִיאֵל"... OK (אכזריאל)
[4.7%] #1416: "Jastrow, אַכְזְרִיּוּת"... OK (אכזריות)
[4.7%] #1417: "Jastrow, אַכְזָרִית"... OK (אכזרית)
[4.7%] #1418: "Jastrow, אכטא"... OK (אכטא)
[4.7%] #1419: "Jastrow, אָכְטָא"... duplicate
[4.7%] #1419: "Jastrow, אֲכָיָיא"... OK (אכייא)
[4.7%] #1420: "Jastrow, אֲכִילָה"... OK (אכילה)
[4.7%] #1421: "Jastrow, אֲכִילְתָּא"... OK (אכילתא)
[4.7%] #1422: "Jastrow, *אָכִים"... OK (אכים)
[4.7%] #1423: "Jastrow, אָכֵין"... OK (אכין)
[4.7%] #1424: "Jastrow, אכיס"... OK (אכיס)
[4.7%] #1425: "Jastrow, אכיסן"... OK (אכיסן)
[4.8%] #1426: "Jastrow, *אַכָּכָא"... OK (אככא)
[4.8%] #1427: "Jastrow, אככמה"... OK (אככמה)
[4.8%] #1428: "Jastrow, אָכַל"... OK (אכל)
[4.8%] #1429: "Jastrow, אֲכַל"... duplicate
[4.8%] #1429: "Jastrow, אֲכַל II"... duplicate
[4.8%] #1429: "Jastrow, אֹכֶל"... duplicate
  [Saved progress: 1428 entries]
[4.8%] #1429: "Jastrow, אַכָּלָא"... OK (אכלא)
[4.8%] #1430: "Jastrow, אַכְלָאִין"... OK (אכלאין)
[4.8%] #1431: "Jastrow, אַכְלְבָא"... OK (אכלבא)
[4.8%] #1432: "Jastrow, אָכְלָה I"... OK (אכלה)
[4.8%] #1433: "Jastrow, אָכְלָה II"... duplicate
[4.8%] #1433: "Jastrow, אָכְלוֹזָא"... OK (אכלוזא)
[4.8%] #1434: "Jastrow, אַכְלוֹנָס"... OK (אכלונס)
[4.8%] #1435: "Jastrow, *אָכְלוֹשֵׂי"... OK (אכלושי)
[4.8%] #1436: "Jastrow, אַכְלִי"... OK (אכלי)
[4.8%] #1437: "Jastrow, אַכְלָיוּתָא"... OK (אכליותא)
[4.8%] #1438: "Jastrow, אכלים"... OK (אכלים)
[4.8%] #1439: "Jastrow, אַכְלָן"... OK (אכלן)
[4.8%] #1440: "Jastrow, אכלסין"... OK (אכלסין)
[4.8%] #1441: "Jastrow, אָכַם"... OK (אכם)
[4.8%] #1442: "Jastrow, *אִכְמַר"... OK (אכמר)
[4.8%] #1443: "Jastrow, אָכֵן"... OK (אכן)
[4.8%] #1444: "Jastrow, אֲכַנְגַּר"... OK (אכנגר)
[4.8%] #1445: "Jastrow, אכנס"... OK (אכנס)
[4.8%] #1446: "Jastrow, *אַכְסָא"... OK (אכסא)
[4.8%] #1447: "Jastrow, אכסגרון"... OK (אכסגרון)
[4.8%] #1448: "Jastrow, אַכְסַדְרָא"... OK (אכסדרא)
[4.8%] #1449: "Jastrow, אֶכְסוֹרִיָּה"... OK (אכסוריה)
[4.8%] #1450: "Jastrow, אכסי"... OK (אכסי)
[4.8%] #1451: "Jastrow, אָכְסִיגָרוֹן"... OK (אכסיגרון)
[4.8%] #1452: "Jastrow, אַכְסְיוֹמָא"... OK (אכסיומא)
[4.8%] #1453: "Jastrow, אכסיוט"... OK (אכסיוט)
[4.8%] #1454: "Jastrow, אכסיטורין"... OK (אכסיטורין)
[4.8%] #1455: "Jastrow, אכסילין"... OK (אכסילין)
[4.9%] #1456: "Jastrow, אכסיריה"... OK (אכסיריה)
[4.9%] #1457: "Jastrow, *אַכְסִילְגֹּוס"... OK (אכסילגוס)
[4.9%] #1458: "Jastrow, אַכְסִלְגְּיָא"... OK (אכסלגיא)
[4.9%] #1459: "Jastrow, אכסלגים"... OK (אכסלגים)
[4.9%] #1460: "Jastrow, *אכסלי"... OK (אכסלי)
[4.9%] #1461: "Jastrow, *אִכְסֵן"... OK (אכסן)
[4.9%] #1462: "Jastrow, אַכְסָן"... duplicate
[4.9%] #1462: "Jastrow, *אַכְסָן II"... duplicate
[4.9%] #1462: "Jastrow, אַכְסְנָא II"... OK (אכסנא)
[4.9%] #1463: "Jastrow, אַכְסְנָאִי"... OK (אכסנאי)
[4.9%] #1464: "Jastrow, *אַכְסַנְדַּרְיָא"... OK (אכסנדריא)
[4.9%] #1465: "Jastrow, אַכְסַנְיָא"... OK (אכסניא)
[4.9%] #1466: "Jastrow, אַכְסַנְיָאוּת"... OK (אכסניאות)
[4.9%] #1467: "Jastrow, *אכסניי"... OK (אכסניי)
[4.9%] #1468: "Jastrow, *אכספטיאס"... OK (אכספטיאס)
[4.9%] #1469: "Jastrow, אכסרא"... OK (אכסרא)
[4.9%] #1470: "Jastrow, אַכְסָרָה"... OK (אכסרה)
[4.9%] #1471: "Jastrow, אָכַף"... OK (אכף)
[4.9%] #1472: "Jastrow, אַכְפָּא"... OK (אכפא)
[4.9%] #1473: "Jastrow, אִכְפָּה"... OK (אכפה)
[4.9%] #1474: "Jastrow, אִכְפַּת"... OK (אכפת)
[4.9%] #1475: "Jastrow, אִכָּר"... OK (אכר)
[4.9%] #1476: "Jastrow, אֲכַרְגָּא"... OK (אכרגא)
[4.9%] #1477: "Jastrow, אַכְרוּב"... OK (אכרוב)
[4.9%] #1478: "Jastrow, *אִכְרוּם"... OK (אכרום)
[4.9%] #1479: "Jastrow, *אכרוע"... OK (אכרוע)
[4.9%] #1480: "Jastrow, אַכְרָזָה"... OK (אכרזה)
[4.9%] #1481: "Jastrow, אַכְרְזִיאֵל"... OK (אכרזיאל)
[4.9%] #1482: "Jastrow, אַכְרַזְתָּא"... OK (אכרזתא)
[4.9%] #1483: "Jastrow, אכרמוניא"... OK (אכרמוניא)
[4.9%] #1484: "Jastrow, אַכְרַעְתָּא"... OK (אכרעתא)
[4.9%] #1485: "Jastrow, אַכְשָׁרוּתָא"... OK (אכשרותא)
[5.0%] #1486: "Jastrow, אַכַּתִּי"... OK (אכתי)
[5.0%] #1487: "Jastrow, *אַכְתָּנָא"... OK (אכתנא)
[5.0%] #1488: "Jastrow, *אַכְתַּר"... OK (אכתר)
[5.0%] #1489: "Jastrow, *אַכְתְּרִיאֵל"... OK (אכתריאל)
[5.0%] #1490: "Jastrow, א"ל"... OK (אל)
[5.0%] #1491: "Jastrow, אַל־"... duplicate
[5.0%] #1491: "Jastrow, אַל"... duplicate
[5.0%] #1491: "Jastrow, אֶל"... duplicate
[5.0%] #1491: "Jastrow, אֵל"... duplicate
[5.0%] #1491: "Jastrow, אֵלָא"... OK (אלא)
[5.0%] #1492: "Jastrow, אֲלָא I"... duplicate
[5.0%] #1492: "Jastrow, אֲלָא II"... duplicate
[5.0%] #1492: "Jastrow, אֶלָּא"... duplicate
[5.0%] #1492: "Jastrow, אלאופטרא"... OK (אלאופטרא)
[5.0%] #1493: "Jastrow, אַלְבִּינָא"... OK (אלבינא)
[5.0%] #1494: "Jastrow, אִלְבָּנָא"... OK (אלבנא)
[5.0%] #1495: "Jastrow, אֶלְגָּבִישׁ"... OK (אלגביש)
[5.0%] #1496: "Jastrow, אַלְגּוּמַּיָּא"... OK (אלגומיא)
[5.0%] #1497: "Jastrow, אלגוסין"... OK (אלגוסין)
[5.0%] #1498: "Jastrow, אלדי"... OK (אלדי)
[5.0%] #1499: "Jastrow, אָלָה"... OK (אלה)
[5.0%] #1500: "Jastrow, אָלָה ²"... duplicate
[5.0%] #1500: "Jastrow, אֵלֶּה"... duplicate
[5.0%] #1500: "Jastrow, אֵלָה"... duplicate
[5.0%] #1500: "Jastrow, אלה"... duplicate
[5.0%] #1500: "Jastrow, אַלָּה"... duplicate
[5.0%] #1500: "Jastrow, אֱלָהּ"... duplicate
[5.0%] #1500: "Jastrow, אֱלָהוּת"... OK (אלהות)
[5.0%] #1501: "Jastrow, אֱלָהוּתָא"... OK (אלהותא)
[5.0%] #1502: "Jastrow, אֱלֹהִים"... OK (אלהים)
[5.0%] #1503: "Jastrow, אִלָּהֵין"... OK (אלהין)
[5.0%] #1504: "Jastrow, אֵלּוּ"... OK (אלו)
[5.0%] #1505: "Jastrow, אִלּוּ"... duplicate
[5.0%] #1505: "Jastrow, אֲלוּ"... duplicate
[5.0%] #1505: "Jastrow, אַלְוָא"... OK (אלוא)
[5.0%] #1506: "Jastrow, אָלוּאוֹן"... OK (אלואון)
[5.0%] #1507: "Jastrow, אַלְוַאי"... OK (אלואי)
[5.0%] #1508: "Jastrow, אַלְוָה"... OK (אלוה)
[5.0%] #1509: "Jastrow, אֱלוֹהַּ"... duplicate
[5.0%] #1509: "Jastrow, אֱלוֹהוּת"... OK (אלוהות)
  [Saved progress: 1509 entries]
[5.0%] #1510: "Jastrow, אֱלוֹהוֹת"... duplicate
[5.0%] #1510: "Jastrow, אַלְוָוא"... OK (אלווא)
[5.0%] #1511: "Jastrow, אַלְוַואי"... OK (אלוואי)
[5.0%] #1512: "Jastrow, אַלְוִוים"... OK (אלווים)
[5.0%] #1513: "Jastrow, אַלְוִוין"... OK (אלווין)
[5.0%] #1514: "Jastrow, אַלְוַוְיתָא"... OK (אלוויתא)
[5.0%] #1515: "Jastrow, אלוונתית"... OK (אלוונתית)
[5.1%] #1516: "Jastrow, אלווס"... OK (אלווס)
[5.1%] #1517: "Jastrow, אַלְוָותָא"... OK (אלוותא)
[5.1%] #1518: "Jastrow, אֱלוּל"... OK (אלול)
[5.1%] #1519: "Jastrow, אלולוגין"... OK (אלולוגין)
[5.1%] #1520: "Jastrow, אֱלוּלי"... OK (אלולי)
[5.1%] #1521: "Jastrow, אִלּוּלֵי"... duplicate
[5.1%] #1521: "Jastrow, אָלוּם"... OK (אלום)
[5.1%] #1522: "Jastrow, אֲלוּמָּא"... OK (אלומא)
[5.1%] #1523: "Jastrow, אֲלוּמָּה"... OK (אלומה)
[5.1%] #1524: "Jastrow, אַלֹּון I"... OK (אלון)
[5.1%] #1525: "Jastrow, אַלֹּון II"... duplicate
[5.1%] #1525: "Jastrow, אֲלוּנְטִית I"... OK (אלונטית)
[5.1%] #1526: "Jastrow, אֲלוּנְטִית II"... duplicate
[5.1%] #1526: "Jastrow, אלוניסתין"... OK (אלוניסתין)
[5.1%] #1527: "Jastrow, אֲלוּנְכָא"... OK (אלונכא)
[5.1%] #1528: "Jastrow, אַלּוּנְקֵי"... OK (אלונקי)
[5.1%] #1529: "Jastrow, אֲלוּנְתִּית"... OK (אלונתית)
[5.1%] #1530: "Jastrow, אלוסטרוס"... OK (אלוסטרוס)
[5.1%] #1531: "Jastrow, אַלּוּף"... OK (אלוף)
[5.1%] #1532: "Jastrow, אָלוּשׁ"... OK (אלוש)
[5.1%] #1533: "Jastrow, אלות"... OK (אלות)
[5.1%] #1534: "Jastrow, אַלְוָתָא"... OK (אלותא)
[5.1%] #1535: "Jastrow, אַלּוּתָא"... duplicate
[5.1%] #1535: "Jastrow, *אלטיכסייא"... OK (אלטיכסייא)
[5.1%] #1536: "Jastrow, אֱלָטִין"... OK (אלטין)
[5.1%] #1537: "Jastrow, *אלטינון"... OK (אלטינון)
[5.1%] #1538: "Jastrow, אלי I"... OK (אלי)
[5.1%] #1539: "Jastrow, אלי II"... duplicate
[5.1%] #1539: "Jastrow, אֱלִי"... duplicate
[5.1%] #1539: "Jastrow, אֶלְיָא"... OK (אליא)
[5.1%] #1540: "Jastrow, אליאס"... OK (אליאס)
[5.1%] #1541: "Jastrow, אַלִּיבָּא"... OK (אליבא)
[5.1%] #1542: "Jastrow, אַלְיָה"... OK (אליה)
[5.1%] #1543: "Jastrow, אֵלִיָּהוּ"... OK (אליהו)
[5.1%] #1544: "Jastrow, אֱלִיהוּא"... OK (אליהוא)
[5.1%] #1545: "Jastrow, אֶלְיְהוֹעֵינַי"... OK (אליהועיני)
[5.1%] #1546: "Jastrow, אַלְיוֹן"... OK (אליון)
[5.2%] #1547: "Jastrow, אִלְיוֹן"... duplicate
[5.2%] #1547: "Jastrow, אליוסטון"... OK (אליוסטון)
[5.2%] #1548: "Jastrow, אֶלְיוֹעֵינִי"... OK (אליועיני)
[5.2%] #1549: "Jastrow, אִלְיוֹפּוֹלִיס"... OK (אליופוליס)
[5.2%] #1550: "Jastrow, אִלְיוּתָא"... OK (אליותא)
[5.2%] #1551: "Jastrow, אֱלֶיוְתְּרוֹפּוֹלִיס"... OK (אליותרופוליס)
[5.2%] #1552: "Jastrow, אַלִּיחְרוֹק"... OK (אליחרוק)
[5.2%] #1553: "Jastrow, אֲלִיטָא"... OK (אליטא)
[5.2%] #1554: "Jastrow, אִלְיָיה"... OK (אלייה)
[5.2%] #1555: "Jastrow, אִלְיַיסְטֹן"... OK (אלייסטן)
[5.2%] #1556: "Jastrow, אַלְיָית"... OK (אליית)
[5.2%] #1557: "Jastrow, אֱלִיל"... OK (אליל)
[5.2%] #1558: "Jastrow, אֱלִיל ²"... duplicate
[5.2%] #1558: "Jastrow, אֱלֵיל"... duplicate
[5.2%] #1558: "Jastrow, אַלֵּיל"... duplicate
[5.2%] #1558: "Jastrow, אַלִּילָא"... OK (אלילא)
[5.2%] #1559: "Jastrow, אֵלִים"... OK (אלים)
[5.2%] #1560: "Jastrow, אֲלֵים"... duplicate
[5.2%] #1560: "Jastrow, אַלִּים"... duplicate
[5.2%] #1560: "Jastrow, אַלִּימָא"... OK (אלימא)
[5.2%] #1561: "Jastrow, אִלֵּימָא I"... duplicate
[5.2%] #1561: "Jastrow, אִלֵּימָא II"... duplicate
[5.2%] #1561: "Jastrow, אַלִּימוּתָא"... OK (אלימותא)
[5.2%] #1562: "Jastrow, אִלֵּימְנָא"... OK (אלימנא)
[5.2%] #1563: "Jastrow, אַלִּימְתָּא"... OK (אלימתא)
[5.2%] #1564: "Jastrow, אֲלִינְתִּין"... OK (אלינתין)
[5.2%] #1565: "Jastrow, *אָלִיס"... OK (אליס)
[5.2%] #1566: "Jastrow, אֲלֵיס"... duplicate
[5.2%] #1566: "Jastrow, אִלְיַסְטוֹן"... OK (אליסטון)
[5.2%] #1567: "Jastrow, אֱלִיעֶזֶר"... OK (אליעזר)
[5.2%] #1568: "Jastrow, אֲלֵיף"... OK (אליף)
[5.2%] #1569: "Jastrow, אליפיס"... OK (אליפיס)
[5.2%] #1570: "Jastrow, *אֶלִּיקָה"... OK (אליקה)
[5.2%] #1571: "Jastrow, *אֲלִיקִי"... OK (אליקי)
[5.2%] #1572: "Jastrow, אֶלְיָקִים"... OK (אליקים)
[5.2%] #1573: "Jastrow, אלירא"... OK (אלירא)
[5.2%] #1574: "Jastrow, אֶלִישָׁע"... OK (אלישע)
[5.2%] #1575: "Jastrow, בֵּי אֱלִישָׁפָט"... OK (ביאלישפט)
[5.3%] #1576: "Jastrow, אַלְיָת"... OK (אלית)
[5.3%] #1577: "Jastrow, אָלְיְתָא"... OK (אליתא)
[5.3%] #1578: "Jastrow, *אַלְיָתָא"... duplicate
[5.3%] #1578: "Jastrow, אַלְיְתָא"... duplicate
[5.3%] #1578: "Jastrow, אַלִּיתָא"... duplicate
[5.3%] #1578: "Jastrow, *אִלִּיתָא"... duplicate
[5.3%] #1578: "Jastrow, אַלִּיתָה"... OK (אליתה)
[5.3%] #1579: "Jastrow, אִלֵּךְ"... OK (אלך)
[5.3%] #1580: "Jastrow, אֲלַכְסָא"... OK (אלכסא)
[5.3%] #1581: "Jastrow, אֲלַכְסוֹן"... OK (אלכסון)
[5.3%] #1582: "Jastrow, אֲלַכְסִין"... OK (אלכסין)
[5.3%] #1583: "Jastrow, אֲלֶכְסַנְדְּרָא"... OK (אלכסנדרא)
[5.3%] #1584: "Jastrow, אֲלֶכְסַנְדְּרוֹס"... OK (אלכסנדרוס)
[5.3%] #1585: "Jastrow, אֲלֶכְסַנְדְּרִי"... OK (אלכסנדרי)
[5.3%] #1586: "Jastrow, אֲלֶכְסַנְדַּרְיָא"... OK (אלכסנדריא)
[5.3%] #1587: "Jastrow, אֲלֶכְסַנְדְּרִית"... OK (אלכסנדרית)
[5.3%] #1588: "Jastrow, אָלַל"... OK (אלל)
[5.3%] #1589: "Jastrow, אֲלַל"... duplicate
  [Saved progress: 1588 entries]
[5.3%] #1589: "Jastrow, אֱלָל"... duplicate
[5.3%] #1589: "Jastrow, אַלְלָא"... OK (אללא)
[5.3%] #1590: "Jastrow, אַלְלַי"... OK (אללי)
[5.3%] #1591: "Jastrow, אַלְלַיָּא"... OK (אלליא)
[5.3%] #1592: "Jastrow, אָלַם"... OK (אלם)
[5.3%] #1593: "Jastrow, אֲלַם"... duplicate
[5.3%] #1593: "Jastrow, אִלֵּם"... duplicate
[5.3%] #1593: "Jastrow, אִלְּמָא"... OK (אלמא)
[5.3%] #1594: "Jastrow, אַלְּמָא"... duplicate
[5.3%] #1594: "Jastrow, אַלְמָא"... duplicate
[5.3%] #1594: "Jastrow, אַלָּמָּא"... duplicate
[5.3%] #1594: "Jastrow, אַלְמוּג"... OK (אלמוג)
[5.3%] #1595: "Jastrow, אַלְמוֹגָא"... OK (אלמוגא)
[5.3%] #1596: "Jastrow, אַלְמוֹן I"... OK (אלמון)
[5.3%] #1597: "Jastrow, אַלְמוֹן II"... duplicate
[5.3%] #1597: "Jastrow, אַלְמוֹנִי"... OK (אלמוני)
[5.3%] #1598: "Jastrow, אלמיג"... OK (אלמיג)
[5.3%] #1599: "Jastrow, *אִלְמֵין"... OK (אלמין)
[5.3%] #1600: "Jastrow, אִלְמָלֵא"... OK (אלמלא)
[5.3%] #1601: "Jastrow, אִלְמֵן"... OK (אלמן)
[5.3%] #1602: "Jastrow, אַלְמָנָה"... OK (אלמנה)
[5.3%] #1603: "Jastrow, אַלְמָנוּת"... OK (אלמנות)
[5.3%] #1604: "Jastrow, אלנטיאות"... OK (אלנטיאות)
[5.3%] #1605: "Jastrow, אֲלִנִסְטִי"... OK (אלנסטי)
[5.3%] #1606: "Jastrow, *אֲלַנְקֵי"... OK (אלנקי)
[5.4%] #1607: "Jastrow, אֲלַס"... OK (אלס)
[5.4%] #1608: "Jastrow, אָלָס"... duplicate
[5.4%] #1608: "Jastrow, אַלַּס"... duplicate
[5.4%] #1608: "Jastrow, *אִלְסִיס"... OK (אלסיס)
[5.4%] #1609: "Jastrow, אִלְסָרִין"... OK (אלסרין)
[5.4%] #1610: "Jastrow, אֶלְעָזָר"... OK (אלעזר)
[5.4%] #1611: "Jastrow, אַלְעִיקִי"... OK (אלעיקי)
[5.4%] #1612: "Jastrow, אֶלֶף"... OK (אלף)
[5.4%] #1613: "Jastrow, אֲלַף I"... duplicate
[5.4%] #1613: "Jastrow, אֲלַף II"... duplicate
[5.4%] #1613: "Jastrow, אל"ף"... duplicate
[5.4%] #1613: "Jastrow, אלפ"א"... OK (אלפא)
[5.4%] #1614: "Jastrow, אַלְפָא"... duplicate
[5.4%] #1614: "Jastrow, אִלְפָא"... duplicate
[5.4%] #1614: "Jastrow, אַלְפַבֵּטָרִין"... OK (אלפבטרין)
[5.4%] #1615: "Jastrow, אַלֶּפְבֵּיתָא"... OK (אלפביתא)
[5.4%] #1616: "Jastrow, אלפבתרין"... OK (אלפבתרין)
[5.4%] #1617: "Jastrow, אִלְפֵּס"... OK (אלפס)
[5.4%] #1618: "Jastrow, *אִלְצָרִין"... OK (אלצרין)
[5.4%] #1619: "Jastrow, *אלקולאון"... OK (אלקולאון)
[5.4%] #1620: "Jastrow, *אַלְקוּם"... OK (אלקום)
[5.4%] #1621: "Jastrow, אלקט"... OK (אלקט)
[5.4%] #1622: "Jastrow, אִלְקְטִי"... OK (אלקטי)
[5.4%] #1623: "Jastrow, אִלְקָטִית"... OK (אלקטית)
[5.4%] #1624: "Jastrow, אֱלָקָא"... OK (אלקא)
[5.4%] #1625: "Jastrow, אלקים"... OK (אלקים)
[5.4%] #1626: "Jastrow, אַלְקַפְטָא"... OK (אלקפטא)
[5.4%] #1627: "Jastrow, אלקפרין"... OK (אלקפרין)
[5.4%] #1628: "Jastrow, אַלְקַפְתָּא"... OK (אלקפתא)
[5.4%] #1629: "Jastrow, אִלַּרְיָא"... OK (אלריא)
[5.4%] #1630: "Jastrow, *אלריא"... duplicate
[5.4%] #1630: "Jastrow, אַלָּתָא"... OK (אלתא)
[5.4%] #1631: "Jastrow, אַלְתּוּסְבְּרָאוֹת"... OK (אלתוסבראות)
[5.4%] #1632: "Jastrow, אִלְתִּית"... OK (אלתית)
[5.4%] #1633: "Jastrow, אַלְתַּר"... OK (אלתר)
[5.4%] #1634: "Jastrow, אִם"... OK (אם)
[5.4%] #1635: "Jastrow, אֵם"... duplicate
[5.4%] #1635: "Jastrow, אִמָּא"... OK (אמא)
[5.5%] #1636: "Jastrow, אַמָּא"... duplicate
[5.5%] #1636: "Jastrow, אְמָא I"... duplicate
[5.5%] #1636: "Jastrow, אֲמָא II"... duplicate
[5.5%] #1636: "Jastrow, אִמָּאוּס"... OK (אמאוס)
[5.5%] #1637: "Jastrow, אַמַּאי"... OK (אמאי)
[5.5%] #1638: "Jastrow, אַמַּאן"... OK (אמאן)
[5.5%] #1639: "Jastrow, אַמְבּוּהָ"... OK (אמבוה)
[5.5%] #1640: "Jastrow, אִמְבֹּול"... OK (אמבול)
[5.5%] #1641: "Jastrow, *אמבוניא"... OK (אמבוניא)
[5.5%] #1642: "Jastrow, אִמְבּוּרְקְלוֹן"... OK (אמבורקלון)
[5.5%] #1643: "Jastrow, אַמְבְּטָה"... OK (אמבטה)
[5.5%] #1644: "Jastrow, אַמְבְּטִי"... OK (אמבטי)
[5.5%] #1645: "Jastrow, *אַמְבָּטֵיס"... OK (אמבטיס)
[5.5%] #1646: "Jastrow, אַמְבְּטִיתָא"... OK (אמבטיתא)
[5.5%] #1647: "Jastrow, *אמבירוס"... OK (אמבירוס)
[5.5%] #1648: "Jastrow, אִמְבְּרָא"... OK (אמברא)
[5.5%] #1649: "Jastrow, אֶמְגּוּזָא"... OK (אמגוזא)
[5.5%] #1650: "Jastrow, אַמְגֹּושָׁא"... OK (אמגושא)
[5.5%] #1651: "Jastrow, אַמְגּוּשִׁי"... OK (אמגושי)
[5.5%] #1652: "Jastrow, אַמְגּוּשְׁתָּא"... OK (אמגושתא)
[5.5%] #1653: "Jastrow, *אַמְּגַיַּירְתֵּיה"... OK (אמגיירתיה)
[5.5%] #1654: "Jastrow, אָמַד"... OK (אמד)
[5.5%] #1655: "Jastrow, אֲמַד"... duplicate
[5.5%] #1655: "Jastrow, *אַמַּדְלָא"... OK (אמדלא)
[5.5%] #1656: "Jastrow, אמדלאי"... OK (אמדלאי)
[5.5%] #1657: "Jastrow, *אִמִּדָּרוֹמָה"... OK (אמדרומה)
[5.5%] #1658: "Jastrow, אַמָּה"... OK (אמה)
[5.5%] #1659: "Jastrow, אָמָה"... duplicate
[5.5%] #1659: "Jastrow, אַמְהָא"... OK (אמהא)
[5.5%] #1660: "Jastrow, אַמְהוּ"... OK (אמהו)
[5.5%] #1661: "Jastrow, אַמְהוּת"... OK (אמהות)
[5.5%] #1662: "Jastrow, אַמְהֲתָא"... OK (אמהתא)
[5.5%] #1663: "Jastrow, אַמָּהָתָא"... duplicate
[5.5%] #1663: "Jastrow, *אֲמוֹדַאי"... OK (אמודאי)
[5.5%] #1664: "Jastrow, אמודין"... OK (אמודין)
[5.5%] #1665: "Jastrow, אִמּוּם"... OK (אמום)
[5.5%] #1666: "Jastrow, אָמוֹן I"... OK (אמון)
  [Saved progress: 1666 entries]
[5.6%] #1667: "Jastrow, אָמוֹן II"... duplicate
[5.6%] #1667: "Jastrow, אֱמוּנָה"... OK (אמונה)
[5.6%] #1668: "Jastrow, *כְּפַר א׳ אָמוּס"... OK (כפראאמוס)
[5.6%] #1669: "Jastrow, אֲמוֹרָא"... OK (אמורא)
[5.6%] #1670: "Jastrow, אֲמוֹרָאָה"... OK (אמוראה)
[5.6%] #1671: "Jastrow, אֱמוֹרָאָה"... duplicate
[5.6%] #1671: "Jastrow, אמוראי"... OK (אמוראי)
[5.6%] #1672: "Jastrow, אֱמוֹרִי"... OK (אמורי)
[5.6%] #1673: "Jastrow, *אֲמוּרְיָא"... OK (אמוריא)
[5.6%] #1674: "Jastrow, אֲמוּרִים"... OK (אמורים)
[5.6%] #1675: "Jastrow, אַמְטוּ"... OK (אמטו)
[5.6%] #1676: "Jastrow, אַמְטוּל"... OK (אמטול)
[5.6%] #1677: "Jastrow, אַמְטוּלָתָא"... OK (אמטולתא)
[5.6%] #1678: "Jastrow, אמטי"... OK (אמטי)
[5.6%] #1679: "Jastrow, אַמְטִיתָא"... OK (אמטיתא)
[5.6%] #1680: "Jastrow, אַמְטֻל"... OK (אמטל)
[5.6%] #1681: "Jastrow, אַמִּטְּתָא"... OK (אמטתא)
[5.6%] #1682: "Jastrow, אֲמִי"... OK (אמי)
[5.6%] #1683: "Jastrow, אָמֵיט"... OK (אמיט)
[5.6%] #1684: "Jastrow, אמיטון"... OK (אמיטון)
[5.6%] #1685: "Jastrow, אמיטליא"... OK (אמיטליא)
[5.6%] #1686: "Jastrow, אֲמִיטְתָא"... OK (אמיטתא)
[5.6%] #1687: "Jastrow, אַמְיַינְטוֹן"... OK (אמיינטון)
[5.6%] #1688: "Jastrow, אֲמִילְתָא"... OK (אמילתא)
[5.6%] #1689: "Jastrow, אַמְיַנְטוֹן"... OK (אמינטון)
[5.6%] #1690: "Jastrow, אָמִיר"... OK (אמיר)
[5.6%] #1691: "Jastrow, אֲמִירָה I"... OK (אמירה)
[5.6%] #1692: "Jastrow, אֲמִירָה II"... duplicate
[5.6%] #1692: "Jastrow, אַמִּיתָא"... OK (אמיתא)
[5.6%] #1693: "Jastrow, אֲמִיתּ־"... OK (אמית)
[5.6%] #1694: "Jastrow, אֲמִיתִּי"... OK (אמיתי)
[5.6%] #1695: "Jastrow, אֲמַךְ"... OK (אמך)
[5.7%] #1696: "Jastrow, *אמכותי"... OK (אמכותי)
[5.7%] #1697: "Jastrow, אמלוגין"... OK (אמלוגין)
[5.7%] #1698: "Jastrow, אֻמְלָל"... OK (אמלל)
[5.7%] #1699: "Jastrow, אֲמַלְתָּא"... OK (אמלתא)
[5.7%] #1700: "Jastrow, אֲמַלְתְּרָא"... OK (אמלתרא)
[5.7%] #1701: "Jastrow, אָמַם"... OK (אמם)
[5.7%] #1702: "Jastrow, אָמַן"... OK (אמן)
[5.7%] #1703: "Jastrow, אָמֵן I"... duplicate
[5.7%] #1703: "Jastrow, אָמֵן II"... duplicate
[5.7%] #1703: "Jastrow, אֲמָנָה"... OK (אמנה)
[5.7%] #1704: "Jastrow, אֲמָנָה II"... duplicate
[5.7%] #1704: "Jastrow, אֲמָנוֹן"... OK (אמנון)
[5.7%] #1705: "Jastrow, אמנותא"... OK (אמנותא)
[5.7%] #1706: "Jastrow, אמנם"... OK (אמנם)
[5.7%] #1707: "Jastrow, אמפוטמא"... OK (אמפוטמא)
[5.7%] #1708: "Jastrow, אַמְפֹּולַי"... OK (אמפולי)
[5.7%] #1709: "Jastrow, *אמפומטא"... OK (אמפומטא)
[5.7%] #1710: "Jastrow, *אמפומיות"... OK (אמפומיות)
[5.7%] #1711: "Jastrow, אמפורטור"... OK (אמפורטור)
[5.7%] #1712: "Jastrow, *אַמְפּוּרִין"... OK (אמפורין)
[5.7%] #1713: "Jastrow, אִמְפִּילְיָא"... OK (אמפיליא)
[5.7%] #1714: "Jastrow, אַמְפְּלַי"... OK (אמפלי)
[5.7%] #1715: "Jastrow, אִמְפְּרָטוֹר"... OK (אמפרטור)
[5.7%] #1716: "Jastrow, אָמַץ"... OK (אמץ)
[5.7%] #1717: "Jastrow, אֶמְצַע"... OK (אמצע)
[5.7%] #1718: "Jastrow, אֶמְצָעוּת"... OK (אמצעות)
[5.7%] #1719: "Jastrow, אֶמְצָעִי"... OK (אמצעי)
[5.7%] #1720: "Jastrow, אֶמְצְעִי"... duplicate
[5.7%] #1720: "Jastrow, אָמַר I"... OK (אמר)
[5.7%] #1721: "Jastrow, אֲמַר"... duplicate
[5.7%] #1721: "Jastrow, אָמַר II"... duplicate
[5.7%] #1721: "Jastrow, אֵמֶר"... duplicate
[5.7%] #1721: "Jastrow, אִמַּר"... duplicate
[5.7%] #1721: "Jastrow, אִמְרָה"... OK (אמרה)
[5.7%] #1722: "Jastrow, אַמְרִי"... OK (אמרי)
[5.7%] #1723: "Jastrow, אמריי"... OK (אמריי)
[5.7%] #1724: "Jastrow, *אֲמַרְכֹּול"... OK (אמרכול)
[5.7%] #1725: "Jastrow, אמרלאי"... OK (אמרלאי)
[5.8%] #1726: "Jastrow, אַמְרָפֶל"... OK (אמרפל)
[5.8%] #1727: "Jastrow, אֶמֶשׁ"... OK (אמש)
[5.8%] #1728: "Jastrow, אֱמֶת"... OK (אמת)
[5.8%] #1729: "Jastrow, אַמְּתָא"... OK (אמתא)
[5.8%] #1730: "Jastrow, אַמְתָא"... duplicate
[5.8%] #1730: "Jastrow, אֲמָתוֹת"... OK (אמתות)
[5.8%] #1731: "Jastrow, אֲמַתְלָא"... OK (אמתלא)
[5.8%] #1732: "Jastrow, אֲמַתְלַאי"... OK (אמתלאי)
[5.8%] #1733: "Jastrow, אֵמְתָן"... OK (אמתן)
[5.8%] #1734: "Jastrow, אֶמְתָנִי"... OK (אמתני)
[5.8%] #1735: "Jastrow, אֶן"... OK (אן)
[5.8%] #1736: "Jastrow, אָן"... duplicate
[5.8%] #1736: "Jastrow, אָן ²"... duplicate
[5.8%] #1736: "Jastrow, אָנָּא"... OK (אנא)
[5.8%] #1737: "Jastrow, אֲנָא"... duplicate
[5.8%] #1737: "Jastrow, אִנָּא"... duplicate
[5.8%] #1737: "Jastrow, אִנְבָּא I"... OK (אנבא)
[5.8%] #1738: "Jastrow, אִנְבָּא II"... duplicate
[5.8%] #1738: "Jastrow, אַנְבַּג"... OK (אנבג)
[5.8%] #1739: "Jastrow, אִנְבֹּול"... OK (אנבול)
[5.8%] #1740: "Jastrow, אִנְבֹּונִין"... OK (אנבונין)
[5.8%] #1741: "Jastrow, אִנְבּוּרְקְרָאוֹת"... OK (אנבורקראות)
[5.8%] #1742: "Jastrow, אַנְבְּטַי"... OK (אנבטי)
[5.8%] #1743: "Jastrow, *אַנְבְּטֵי"... duplicate
[5.8%] #1743: "Jastrow, אנביל"... OK (אנביל)
[5.8%] #1744: "Jastrow, אנבין"... OK (אנבין)
[5.8%] #1745: "Jastrow, אנבקראות"... OK (אנבקראות)
[5.8%] #1746: "Jastrow, אנגטוס"... OK (אנגטוס)
[5.8%] #1747: "Jastrow, *אנגיטוס"... OK (אנגיטוס)
[5.8%] #1748: "Jastrow, אנגיטירין"... OK (אנגיטירין)
  [Saved progress: 1748 entries]
[5.8%] #1749: "Jastrow, אנגיטריס"... OK (אנגיטריס)
[5.8%] #1750: "Jastrow, אנגיסטור"... OK (אנגיסטור)
[5.8%] #1751: "Jastrow, אַנְגְּלֵי"... OK (אנגלי)
[5.8%] #1752: "Jastrow, אנגלין"... OK (אנגלין)
[5.8%] #1753: "Jastrow, *אַנִּגְרָא"... OK (אנגרא)
[5.8%] #1754: "Jastrow, אַנְגְּרַבְטֵיס"... OK (אנגרבטיס)
[5.8%] #1755: "Jastrow, *אנגרוטינא"... OK (אנגרוטינא)
[5.9%] #1756: "Jastrow, אנגרון"... OK (אנגרון)
[5.9%] #1757: "Jastrow, אַנְגַּרְיָא"... OK (אנגריא)
[5.9%] #1758: "Jastrow, אנגרים"... OK (אנגרים)
[5.9%] #1759: "Jastrow, אנגרכטיס"... OK (אנגרכטיס)
[5.9%] #1760: "Jastrow, אַנְגַּרְמוֹס"... OK (אנגרמוס)
[5.9%] #1761: "Jastrow, אנדוכתרי"... OK (אנדוכתרי)
[5.9%] #1762: "Jastrow, *אַנְדִּיסְקֵי"... OK (אנדיסקי)
[5.9%] #1763: "Jastrow, אַנְדִּיפָא"... OK (אנדיפא)
[5.9%] #1764: "Jastrow, *אַנְדִּיפֵי"... OK (אנדיפי)
[5.9%] #1765: "Jastrow, אַנְדִּיקוֹס"... OK (אנדיקוס)
[5.9%] #1766: "Jastrow, *אנדיתיקוס"... OK (אנדיתיקוס)
[5.9%] #1767: "Jastrow, *אנדכתרי"... OK (אנדכתרי)
[5.9%] #1768: "Jastrow, אנדנא"... OK (אנדנא)
[5.9%] #1769: "Jastrow, אַנְדְּרַאי"... OK (אנדראי)
[5.9%] #1770: "Jastrow, אַנְדְּרוֹגִינוֹס"... OK (אנדרוגינוס)
[5.9%] #1771: "Jastrow, אנדרואנטיא"... OK (אנדרואנטיא)
[5.9%] #1772: "Jastrow, *אנדרולומוסיא"... OK (אנדרולומוסיא)
[5.9%] #1773: "Jastrow, אנדרולינאי"... OK (אנדרולינאי)
[5.9%] #1774: "Jastrow, אַנְדְּרוֹלֵמְסְיָה"... OK (אנדרולמסיה)
[5.9%] #1775: "Jastrow, אִנְדְּרוֹנָא"... OK (אנדרונא)
[5.9%] #1776: "Jastrow, *אַנְדְּרוֹנִיטִין"... OK (אנדרוניטין)
[5.9%] #1777: "Jastrow, אִנְדְּרוֹפִּיקוֹס"... OK (אנדרופיקוס)
[5.9%] #1778: "Jastrow, אַנְדְּרָטָא"... OK (אנדרטא)
[5.9%] #1779: "Jastrow, *אנדרטין"... OK (אנדרטין)
[5.9%] #1780: "Jastrow, אַנְדְּרִיאַנְטוֹס"... OK (אנדריאנטוס)
[5.9%] #1781: "Jastrow, אַנְדְּרַיי"... OK (אנדריי)
[5.9%] #1782: "Jastrow, אַנְדַּרְיָינוֹס"... OK (אנדריינוס)
[5.9%] #1783: "Jastrow, אנדריינטוס"... OK (אנדריינטוס)
[5.9%] #1784: "Jastrow, אנדרכטוס"... OK (אנדרכטוס)
[5.9%] #1785: "Jastrow, אנדרמוסיה"... OK (אנדרמוסיה)
[5.9%] #1786: "Jastrow, *אִנְדְּרַפְטָא"... OK (אנדרפטא)
[6.0%] #1787: "Jastrow, אָנָה"... OK (אנה)
[6.0%] #1788: "Jastrow, אַנְהוֹרֵי"... OK (אנהורי)
[6.0%] #1789: "Jastrow, אַנְהָרוּתָא"... OK (אנהרותא)
[6.0%] #1790: "Jastrow, אָנוּ"... OK (אנו)
[6.0%] #1791: "Jastrow, אָנוֹךְ"... OK (אנוך)
[6.0%] #1792: "Jastrow, אֵנוֹמִילִין"... OK (אנומילין)
[6.0%] #1793: "Jastrow, אִנּוּן"... OK (אנון)
[6.0%] #1794: "Jastrow, אַנֹּונָא"... OK (אנונא)
[6.0%] #1795: "Jastrow, אנונים"... OK (אנונים)
[6.0%] #1796: "Jastrow, אָנִיסָא"... OK (אניסא)
[6.0%] #1797: "Jastrow, אנוקי"... OK (אנוקי)
[6.0%] #1798: "Jastrow, אֱנוֹשׁ"... OK (אנוש)
[6.0%] #1799: "Jastrow, *אָנוּשׁ"... duplicate
[6.0%] #1799: "Jastrow, *אַנְזִיקָא"... OK (אנזיקא)
[6.0%] #1800: "Jastrow, אָנַח"... OK (אנח)
[6.0%] #1801: "Jastrow, אֲנַח"... duplicate
[6.0%] #1801: "Jastrow, אֲנָחָה"... OK (אנחה)
[6.0%] #1802: "Jastrow, אַנְחוּתָא I"... OK (אנחותא)
[6.0%] #1803: "Jastrow, אַנְחוּתָה"... OK (אנחותה)
[6.0%] #1804: "Jastrow, אֲנַחְנָא"... OK (אנחנא)
[6.0%] #1805: "Jastrow, אֲנַחְתָּא"... OK (אנחתא)
[6.0%] #1806: "Jastrow, אַנְחָתָא"... duplicate
[6.0%] #1806: "Jastrow, אַנְטְבִילָא"... OK (אנטבילא)
[6.0%] #1807: "Jastrow, אנטג׳"... OK (אנטג)
[6.0%] #1808: "Jastrow, *אַנְטוּבִּין"... OK (אנטובין)
[6.0%] #1809: "Jastrow, אַנְטוּכָאֵי"... OK (אנטוכאי)
[6.0%] #1810: "Jastrow, אַנְטוּכִי"... OK (אנטוכי)
[6.0%] #1811: "Jastrow, אַנְטוּכְיָא"... OK (אנטוכיא)
[6.0%] #1812: "Jastrow, אנטוכין"... OK (אנטוכין)
[6.0%] #1813: "Jastrow, אַנְטוֹלִי"... OK (אנטולי)
[6.0%] #1814: "Jastrow, אַנְטוֹלִינוֹס"... OK (אנטולינוס)
[6.0%] #1815: "Jastrow, אַנְטוֹנִינוֹס"... OK (אנטונינוס)
[6.0%] #1816: "Jastrow, אָנְטוֹס"... OK (אנטוס)
[6.1%] #1817: "Jastrow, אנטוסאי"... OK (אנטוסאי)
[6.1%] #1818: "Jastrow, אנטוקטא"... OK (אנטוקטא)
[6.1%] #1819: "Jastrow, אַנְטִיגְנוֹס"... OK (אנטיגנוס)
[6.1%] #1820: "Jastrow, אַנְטִיגְרָפִין"... OK (אנטיגרפין)
[6.1%] #1821: "Jastrow, אַנְטִידִיקוֹס"... OK (אנטידיקוס)
[6.1%] #1822: "Jastrow, אַנְטְיוֹכוֹס"... OK (אנטיוכוס)
[6.1%] #1823: "Jastrow, אַנְטְיוֹכִי"... OK (אנטיוכי)
[6.1%] #1824: "Jastrow, אַנְטְיוֹכָס"... OK (אנטיוכס)
[6.1%] #1825: "Jastrow, *אנטיטיה"... OK (אנטיטיה)
[6.1%] #1826: "Jastrow, אנטייריס"... OK (אנטייריס)
[6.1%] #1827: "Jastrow, *אַנְטִיכִי"... OK (אנטיכי)
[6.1%] #1828: "Jastrow, אַנְטִיכְרִיסִיס"... OK (אנטיכריסיס)
[6.1%] #1829: "Jastrow, אַנְטִילָא"... OK (אנטילא)
[6.1%] #1830: "Jastrow, אנטימטון"... OK (אנטימטון)
[6.1%] #1831: "Jastrow, אַנְטִינוּס"... OK (אנטינוס)
[6.1%] #1832: "Jastrow, אנטינייא"... OK (אנטינייא)
[6.1%] #1833: "Jastrow, אנטיפותא"... OK (אנטיפותא)
[6.1%] #1834: "Jastrow, אנטיפטרוס"... OK (אנטיפטרוס)
[6.1%] #1835: "Jastrow, אנטיפטרין"... OK (אנטיפטרין)
[6.1%] #1836: "Jastrow, אַנְטִיפַּטְרִיס"... OK (אנטיפטריס)
[6.1%] #1837: "Jastrow, אַנְטִיפַּטְרִית"... OK (אנטיפטרית)
[6.1%] #1838: "Jastrow, אַנְטִיפַּטְרִס"... OK (אנטיפטרס)
[6.1%] #1839: "Jastrow, אַנְטִיפֵי"... OK (אנטיפי)
[6.1%] #1840: "Jastrow, אַנְטִיפִּיטָא"... OK (אנטיפיטא)
[6.1%] #1841: "Jastrow, אנטיפרוס"... OK (אנטיפרוס)
[6.1%] #1842: "Jastrow, אַנְטִיפָּתָא"... OK (אנטיפתא)
[6.1%] #1843: "Jastrow, אַנְטִיקֵיסַר"... OK (אנטיקיסר)
[6.1%] #1844: "Jastrow, אַנְטִיקֵירוֹס"... OK (אנטיקירוס)
[6.1%] #1845: "Jastrow, אנטירוקוס"... OK (אנטירוקוס)
  [Saved progress: 1845 entries]
[6.2%] #1846: "Jastrow, אַנְטִירִידִינָאֵי"... OK (אנטירידינאי)
[6.2%] #1847: "Jastrow, אנטכנון"... OK (אנטכנון)
[6.2%] #1848: "Jastrow, אַנְטַל"... OK (אנטל)
[6.2%] #1849: "Jastrow, *אֶנְטְלִי"... OK (אנטלי)
[6.2%] #1850: "Jastrow, אַנְטְלַיָּא"... OK (אנטליא)
[6.2%] #1851: "Jastrow, אנטלימוס"... OK (אנטלימוס)
[6.2%] #1852: "Jastrow, אנטלר"... OK (אנטלר)
[6.2%] #1853: "Jastrow, *אנטנה"... OK (אנטנה)
[6.2%] #1854: "Jastrow, *אנטנייא"... OK (אנטנייא)
[6.2%] #1855: "Jastrow, אנטנינוס"... OK (אנטנינוס)
[6.2%] #1856: "Jastrow, אַנְטִפַּטְרִית"... OK (אנטפטרית)
[6.2%] #1857: "Jastrow, אַנְטַרְדּוֹס"... OK (אנטרדוס)
[6.2%] #1858: "Jastrow, אנטרי"... OK (אנטרי)
[6.2%] #1859: "Jastrow, אַנְטְרִידִינָאֵי"... OK (אנטרידינאי)
[6.2%] #1860: "Jastrow, אנטרין"... OK (אנטרין)
[6.2%] #1861: "Jastrow, אנטריס"... OK (אנטריס)
[6.2%] #1862: "Jastrow, אני"... OK (אני)
[6.2%] #1863: "Jastrow, אֲנִי"... duplicate
[6.2%] #1863: "Jastrow, אָנְיָא"... OK (אניא)
[6.2%] #1864: "Jastrow, אַנְיָאקָא"... OK (אניאקא)
[6.2%] #1865: "Jastrow, אניגּורין"... OK (אניגורין)
[6.2%] #1866: "Jastrow, אַנִּיגְרָא"... OK (אניגרא)
[6.2%] #1867: "Jastrow, אַנִּיגְרָא ²"... duplicate
[6.2%] #1867: "Jastrow, אניגרון"... OK (אניגרון)
[6.2%] #1868: "Jastrow, אֶנִּיגָרוֹן"... duplicate
[6.2%] #1868: "Jastrow, אָנְיָיא"... OK (אנייא)
[6.2%] #1869: "Jastrow, אַנְיָיקָא"... OK (אנייקא)
[6.2%] #1870: "Jastrow, *אנים"... OK (אנים)
[6.2%] #1871: "Jastrow, אָנִין"... OK (אנין)
[6.2%] #1872: "Jastrow, אֲנִינָה"... OK (אנינה)
[6.2%] #1873: "Jastrow, אֲנִינוּת"... OK (אנינות)
[6.2%] #1874: "Jastrow, אֲנִינוּתָא"... OK (אנינותא)
[6.2%] #1875: "Jastrow, אֲנִינְקָא"... OK (אנינקא)
[6.3%] #1876: "Jastrow, אָנִיסָא ²"... duplicate
[6.3%] #1876: "Jastrow, אֲנִיסָא"... duplicate
[6.3%] #1876: "Jastrow, אֲנִיסוּתָא"... OK (אניסותא)
[6.3%] #1877: "Jastrow, אֲנִיסִין"... OK (אניסין)
[6.3%] #1878: "Jastrow, אֲנִיסְכָּא"... OK (אניסכא)
[6.3%] #1879: "Jastrow, *אניפוניס"... OK (אניפוניס)
[6.3%] #1880: "Jastrow, אָנֵיץ"... OK (אניץ)
[6.3%] #1881: "Jastrow, אָנִיץ"... duplicate
[6.3%] #1881: "Jastrow, אַנְיָקָא"... OK (אניקא)
[6.3%] #1882: "Jastrow, אֲנִיקָא"... duplicate
[6.3%] #1882: "Jastrow, אֲנִיקוּתָא"... OK (אניקותא)
[6.3%] #1883: "Jastrow, אָנַךְ"... OK (אנך)
[6.3%] #1884: "Jastrow, *אֲנָךְ I"... duplicate
[6.3%] #1884: "Jastrow, אֲנָךְ II"... duplicate
[6.3%] #1884: "Jastrow, אָנָךְ"... duplicate
[6.3%] #1884: "Jastrow, אָנֹכִי"... OK (אנכי)
[6.3%] #1885: "Jastrow, אנלגין"... OK (אנלגין)
[6.3%] #1886: "Jastrow, אַנְלוֹגִין"... OK (אנלוגין)
[6.3%] #1887: "Jastrow, אנלונטית"... OK (אנלונטית)
[6.3%] #1888: "Jastrow, אָנַן"... OK (אנן)
[6.3%] #1889: "Jastrow, אֲנַן"... duplicate
[6.3%] #1889: "Jastrow, אֲנַן ²"... duplicate
[6.3%] #1889: "Jastrow, אֲנָנָא"... OK (אננא)
[6.3%] #1890: "Jastrow, אֲנַנְקָא"... OK (אננקא)
[6.3%] #1891: "Jastrow, *אֲנַנְקֵי"... OK (אננקי)
[6.3%] #1892: "Jastrow, אֲנַנְקָתָא"... OK (אננקתא)
[6.3%] #1893: "Jastrow, אָנַס"... OK (אנס)
[6.3%] #1894: "Jastrow, אֲנַס"... duplicate
[6.3%] #1894: "Jastrow, אַנָּס"... duplicate
[6.3%] #1894: "Jastrow, אֲנַסְיָא"... OK (אנסיא)
[6.3%] #1895: "Jastrow, אנסיגרון"... OK (אנסיגרון)
[6.3%] #1896: "Jastrow, אנסיומא"... OK (אנסיומא)
[6.3%] #1897: "Jastrow, *אָנַף"... OK (אנף)
[6.3%] #1898: "Jastrow, אַנְפָּא"... OK (אנפא)
[6.3%] #1899: "Jastrow, *אַנְפּוּ"... OK (אנפו)
[6.3%] #1900: "Jastrow, אנפוליא"... OK (אנפוליא)
[6.3%] #1901: "Jastrow, אנפוקנין"... OK (אנפוקנין)
[6.3%] #1902: "Jastrow, אַנְפֹּורָא"... OK (אנפורא)
[6.3%] #1903: "Jastrow, אַנְפֹּורְיָא"... OK (אנפוריא)
[6.3%] #1904: "Jastrow, אנפטי"... OK (אנפטי)
[6.3%] #1905: "Jastrow, אנפיא"... OK (אנפיא)
[6.3%] #1906: "Jastrow, *אֶנְפִּילוֹגוֹס"... OK (אנפילוגוס)
[6.4%] #1907: "Jastrow, אנפילוגיס"... OK (אנפילוגיס)
[6.4%] #1908: "Jastrow, אנפילון"... OK (אנפילון)
[6.4%] #1909: "Jastrow, אִנְפִּילְיָא"... OK (אנפיליא)
[6.4%] #1910: "Jastrow, אָנְפֵּיקִנִּין"... OK (אנפיקנין)
[6.4%] #1911: "Jastrow, אַנְפַּק"... OK (אנפק)
[6.4%] #1912: "Jastrow, אַנְפָּקוּת"... OK (אנפקות)
[6.4%] #1913: "Jastrow, אנפקיטן"... OK (אנפקיטן)
[6.4%] #1914: "Jastrow, אָנְפַּקִּינוֹן"... OK (אנפקינון)
[6.4%] #1915: "Jastrow, *אַנְפָּרוּת"... OK (אנפרות)
[6.4%] #1916: "Jastrow, *אֲנַץ"... OK (אנץ)
[6.4%] #1917: "Jastrow, אנק"... OK (אנק)
[6.4%] #1918: "Jastrow, אֲנַק"... duplicate
[6.4%] #1918: "Jastrow, אנקא"... OK (אנקא)
[6.4%] #1919: "Jastrow, אֲנָקָה I"... OK (אנקה)
[6.4%] #1920: "Jastrow, אֲנָקָה II"... duplicate
[6.4%] #1920: "Jastrow, אִנְקוֹרָא"... OK (אנקורא)
[6.4%] #1921: "Jastrow, *אָנְקִטְמִין"... OK (אנקטמין)
[6.4%] #1922: "Jastrow, אנקיינוס"... OK (אנקיינוס)
[6.4%] #1923: "Jastrow, אנקילין"... OK (אנקילין)
[6.4%] #1924: "Jastrow, אַנְקִיתָא"... OK (אנקיתא)
[6.4%] #1925: "Jastrow, *אנקלווסים"... OK (אנקלווסים)
[6.4%] #1926: "Jastrow, אֶנְקְלוּמָא"... OK (אנקלומא)
[6.4%] #1927: "Jastrow, אֶנְקְלִיטוֹן"... OK (אנקליטון)
[6.4%] #1928: "Jastrow, *אנקליטון"... duplicate
[6.4%] #1928: "Jastrow, אנקלמוס"... OK (אנקלמוס)
  [Saved progress: 1928 entries]
[6.4%] #1929: "Jastrow, אֶנְקְלַסְיָא"... OK (אנקלסיא)
[6.4%] #1930: "Jastrow, אַנְקַקְתָּא"... OK (אנקקתא)
[6.4%] #1931: "Jastrow, אֱנָשׁ"... OK (אנש)
[6.4%] #1932: "Jastrow, אַנְשָׁהָא"... OK (אנשהא)
[6.4%] #1933: "Jastrow, אַנְשׁוּן"... OK (אנשון)
[6.4%] #1934: "Jastrow, אֲנָשִׁים"... OK (אנשים)
[6.4%] #1935: "Jastrow, אַנְתְּ"... OK (אנת)
[6.5%] #1936: "Jastrow, *אִנְתָּא"... OK (אנתא)
[6.5%] #1937: "Jastrow, אִנְתּוּ"... OK (אנתו)
[6.5%] #1938: "Jastrow, אנתוניס"... OK (אנתוניס)
[6.5%] #1939: "Jastrow, אַנְתּוּסָאֵי"... OK (אנתוסאי)
[6.5%] #1940: "Jastrow, אַנְתִּימְרוֹס"... OK (אנתימרוס)
[6.5%] #1941: "Jastrow, אנתינוס"... OK (אנתינוס)
[6.5%] #1942: "Jastrow, *אֶנְתֵּיקֵי"... OK (אנתיקי)
[6.5%] #1943: "Jastrow, אַנְתְּרוֹפִּי"... OK (אנתרופי)
[6.5%] #1944: "Jastrow, אַנְתְּרוֹפִּיָּא"... OK (אנתרופיא)
[6.5%] #1945: "Jastrow, אִנְתְּתָא"... OK (אנתתא)
[6.5%] #1946: "Jastrow, אִס־"... OK (אס)
[6.5%] #1947: "Jastrow, אס"... duplicate
[6.5%] #1947: "Jastrow, אסא"... OK (אסא)
[6.5%] #1948: "Jastrow, אַסָּא"... duplicate
[6.5%] #1948: "Jastrow, אַסָּא ²"... duplicate
[6.5%] #1948: "Jastrow, אָסָא III"... duplicate
[6.5%] #1948: "Jastrow, *אָסָא"... duplicate
[6.5%] #1948: "Jastrow, *אֲסַב"... OK (אסב)
[6.5%] #1949: "Jastrow, *אסגינטרין"... OK (אסגינטרין)
[6.5%] #1950: "Jastrow, אַסְדָּא"... OK (אסדא)
[6.5%] #1951: "Jastrow, אַסְהָדוּתָא"... OK (אסהדותא)
[6.5%] #1952: "Jastrow, אָסוּ"... OK (אסו)
[6.5%] #1953: "Jastrow, אַסְוָא"... OK (אסוא)
[6.5%] #1954: "Jastrow, אסוונן"... OK (אסוונן)
[6.5%] #1955: "Jastrow, אַסְוֵירוֹס"... OK (אסוירוס)
[6.5%] #1956: "Jastrow, אָסוֹן"... OK (אסון)
[6.5%] #1957: "Jastrow, אֲסוּפֹּות"... OK (אסופות)
[6.5%] #1958: "Jastrow, אֲסוּפִי"... OK (אסופי)
[6.5%] #1959: "Jastrow, אָסוּר"... OK (אסור)
[6.5%] #1960: "Jastrow, אִסּוּר"... duplicate
[6.5%] #1960: "Jastrow, אֱסוּר"... duplicate
[6.5%] #1960: "Jastrow, אֲסוּרָא"... OK (אסורא)
[6.5%] #1961: "Jastrow, אִסּוּרָא"... duplicate
[6.5%] #1961: "Jastrow, אֲסוּרְיָיתָא"... OK (אסורייתא)
[6.5%] #1962: "Jastrow, *אֲסוּרִין"... OK (אסורין)
[6.5%] #1963: "Jastrow, אסורינו"... OK (אסורינו)
[6.5%] #1964: "Jastrow, אָסוּתָא"... OK (אסותא)
[6.5%] #1965: "Jastrow, אַסְחָרוּתָא"... OK (אסחרותא)
[6.6%] #1966: "Jastrow, אִסְטְ־"... OK (אסט)
[6.6%] #1967: "Jastrow, אִסטָאטִיבָא"... OK (אסטאטיבא)
[6.6%] #1968: "Jastrow, אִסְטְבָא"... OK (אסטבא)
[6.6%] #1969: "Jastrow, *אִסְטַבְלָא"... OK (אסטבלא)
[6.6%] #1970: "Jastrow, *אִסְטַבְלָאטָא"... OK (אסטבלאטא)
[6.6%] #1971: "Jastrow, אִסְטַגְיוֹת"... OK (אסטגיות)
[6.6%] #1972: "Jastrow, אִסְטַגְנֵין"... OK (אסטגנין)
[6.6%] #1973: "Jastrow, *אִסטַגְנִינָא"... OK (אסטגנינא)
[6.6%] #1974: "Jastrow, אִסְטַגְנִינוּת"... OK (אסטגנינות)
[6.6%] #1975: "Jastrow, אִסְטַדְיָה"... OK (אסטדיה)
[6.6%] #1976: "Jastrow, אסטו"... OK (אסטו)
[6.6%] #1977: "Jastrow, אִסְטְוָוא  I, II,"... OK (אסטווא)
[6.6%] #1978: "Jastrow, אִסְטְוָונָא"... OK (אסטוונא)
[6.6%] #1979: "Jastrow, אִסְטְוָורָא"... OK (אסטוורא)
[6.6%] #1980: "Jastrow, אִסְטוֹלָא"... OK (אסטולא)
[6.6%] #1981: "Jastrow, אִסְטוֹלִי"... OK (אסטולי)
[6.6%] #1982: "Jastrow, *אסטומוכריאה"... OK (אסטומוכריאה)
[6.6%] #1983: "Jastrow, אִסְטוֹמְכָא"... OK (אסטומכא)
[6.6%] #1984: "Jastrow, אִסְטוֹמְכָא II"... duplicate
[6.6%] #1984: "Jastrow, אסטטיא"... OK (אסטטיא)
[6.6%] #1985: "Jastrow, אִסטָטִיבָא"... OK (אסטטיבא)
[6.6%] #1986: "Jastrow, אִסְטַטְיוֹן"... OK (אסטטיון)
[6.6%] #1987: "Jastrow, אִסְטַטְיוֹנַר"... OK (אסטטיונר)
[6.6%] #1988: "Jastrow, אִסְטֵיב"... OK (אסטיב)
[6.6%] #1989: "Jastrow, אסטיוט"... OK (אסטיוט)
[6.6%] #1990: "Jastrow, אסטים"... OK (אסטים)
[6.6%] #1991: "Jastrow, אִסְטִיסִּית"... OK (אסטיסית)
[6.6%] #1992: "Jastrow, אסטית"... OK (אסטית)
[6.6%] #1993: "Jastrow, אִסְטַכְטוֹן"... OK (אסטכטון)
[6.6%] #1994: "Jastrow, *אִסְטְכִיוָא"... OK (אסטכיוא)
[6.6%] #1995: "Jastrow, אִסְטֵל"... OK (אסטל)
[6.7%] #1996: "Jastrow, אִסְטְלָא"... OK (אסטלא)
[6.7%] #1997: "Jastrow, אִסְטַלָּה"... OK (אסטלה)
[6.7%] #1998: "Jastrow, אִסְטַלִּי"... OK (אסטלי)
[6.7%] #1999: "Jastrow, אִסְטְלִי"... duplicate
[6.7%] #1999: "Jastrow, אסטליסטקין"... OK (אסטליסטקין)
[6.7%] #2000: "Jastrow, אִסְטַלִּית"... OK (אסטלית)
[6.7%] #2001: "Jastrow, אִסְטְמָא"... OK (אסטמא)
[6.7%] #2002: "Jastrow, אסטמכרא"... OK (אסטמכרא)
[6.7%] #2003: "Jastrow, אסטמיתיה"... OK (אסטמיתיה)
[6.7%] #2004: "Jastrow, *אסטן"... OK (אסטן)
[6.7%] #2005: "Jastrow, אִסְטַנְדְּרָא"... OK (אסטנדרא)
[6.7%] #2006: "Jastrow, אסטנינותיא"... OK (אסטנינותיא)
[6.7%] #2007: "Jastrow, אִסְטְנִיס"... OK (אסטניס)
[6.7%] #2008: "Jastrow, *אִסְטָנִית"... OK (אסטנית)
[6.7%] #2009: "Jastrow, אִסְטַסְיָאנִית"... OK (אסטסיאנית)
[6.7%] #2010: "Jastrow, אִסְטַסִּית"... OK (אסטסית)
[6.7%] #2011: "Jastrow, אִסְטַפְנִינֵי"... OK (אסטפניני)
[6.7%] #2012: "Jastrow, אִסְטַקְטוֹן"... OK (אסטקטון)
[6.7%] #2013: "Jastrow, אִסְטָרָא"... OK (אסטרא)
[6.7%] #2014: "Jastrow, אִסְטְרָא"... duplicate
[6.7%] #2014: "Jastrow, אִסְטְרָאוֹת"... OK (אסטראות)
[6.7%] #2015: "Jastrow, אִסְטְרָאטֵיגָא"... OK (אסטראטיגא)
[6.7%] #2016: "Jastrow, אִסְטְרַדְיוֹט"... OK (אסטרדיוט)
[6.7%] #2017: "Jastrow, אִסְטְרוֹבִיל"... OK (אסטרוביל)
  [Saved progress: 2017 entries]
[6.7%] #2018: "Jastrow, אסטרוגי"... OK (אסטרוגי)
[6.7%] #2019: "Jastrow, אסטרוגול"... OK (אסטרוגול)
[6.7%] #2020: "Jastrow, אַסְטְרוֹלוֹגוֹס"... OK (אסטרולוגוס)
[6.7%] #2021: "Jastrow, אַסְטְרוֹלוֹגְיָא"... OK (אסטרולוגיא)
[6.7%] #2022: "Jastrow, אַסְטְרוֹלוֹגַיָּיא"... OK (אסטרולוגייא)
[6.7%] #2023: "Jastrow, אסטרון"... OK (אסטרון)
[6.7%] #2024: "Jastrow, אִסְטְרוֹנְגִּילוֹן"... OK (אסטרונגילון)
[6.7%] #2025: "Jastrow, אִסְטְרוֹפוֹמָטָא"... OK (אסטרופומטא)
[6.8%] #2026: "Jastrow, אִסְטְרָטָא"... OK (אסטרטא)
[6.8%] #2027: "Jastrow, אסטרטאות"... OK (אסטרטאות)
[6.8%] #2028: "Jastrow, אִסְטְרָטָה"... OK (אסטרטה)
[6.8%] #2029: "Jastrow, אסטרטטי׳"... OK (אסטרטטי)
[6.8%] #2030: "Jastrow, אִסְטְרַטְיָא"... OK (אסטרטיא)
[6.8%] #2031: "Jastrow, אִסְטְרַטְיָא II"... duplicate
[6.8%] #2031: "Jastrow, אִסְטַרְטֵיג"... OK (אסטרטיג)
[6.8%] #2032: "Jastrow, אִסְטַרְטֵיגוֹס"... OK (אסטרטיגוס)
[6.8%] #2033: "Jastrow, אִסְטְרַטְיוֹט"... OK (אסטרטיוט)
[6.8%] #2034: "Jastrow, אִסְטְרַטְיוֹטִין"... OK (אסטרטיוטין)
[6.8%] #2035: "Jastrow, אסטרטילוס"... OK (אסטרטילוס)
[6.8%] #2036: "Jastrow, אִסְטְרָטִילָטָא"... OK (אסטרטילטא)
[6.8%] #2037: "Jastrow, אסטרטינוס"... OK (אסטרטינוס)
[6.8%] #2038: "Jastrow, אסטרטליטוס"... OK (אסטרטליטוס)
[6.8%] #2039: "Jastrow, אִסְטַרְיָא"... OK (אסטריא)
[6.8%] #2040: "Jastrow, אִסְטָרִין"... OK (אסטרין)
[6.8%] #2041: "Jastrow, אסטרליטוס"... OK (אסטרליטוס)
[6.8%] #2042: "Jastrow, אִסְטַרְקְלִילָא"... OK (אסטרקלילא)
[6.8%] #2043: "Jastrow, אַסִּי"... OK (אסי)
[6.8%] #2044: "Jastrow, אֲסִי"... duplicate
[6.8%] #2044: "Jastrow, אָסֵי"... duplicate
[6.8%] #2044: "Jastrow, אסיא"... OK (אסיא)
[6.8%] #2045: "Jastrow, אַסְיָא"... duplicate
[6.8%] #2045: "Jastrow, אסיאן"... OK (אסיאן)
[6.8%] #2046: "Jastrow, אַסְיוּתָא"... OK (אסיותא)
[6.8%] #2047: "Jastrow, *אֲסִיט"... OK (אסיט)
[6.8%] #2048: "Jastrow, אסיטון"... OK (אסיטון)
[6.8%] #2049: "Jastrow, *אַסְיינָא"... OK (אסיינא)
[6.8%] #2050: "Jastrow, אָסִיל"... OK (אסיל)
[6.8%] #2051: "Jastrow, אֲסִימוֹן"... OK (אסימון)
[6.8%] #2052: "Jastrow, אֲסִינֵי"... OK (אסיני)
[6.8%] #2053: "Jastrow, אַסִּינְתָּא"... OK (אסינתא)
[6.8%] #2054: "Jastrow, *אֲסִינְתָּא"... duplicate
[6.8%] #2054: "Jastrow, *אֲסִיסְנָא"... OK (אסיסנא)
[6.8%] #2055: "Jastrow, אָסִיף"... OK (אסיף)
[6.9%] #2056: "Jastrow, *אֲסִיפָּא"... OK (אסיפא)
[6.9%] #2057: "Jastrow, אֲסִיפָה"... OK (אסיפה)
[6.9%] #2058: "Jastrow, אָסִיר"... OK (אסיר)
[6.9%] #2059: "Jastrow, אָסִיר ²"... duplicate
[6.9%] #2059: "Jastrow, אֲסִירָה"... OK (אסירה)
[6.9%] #2060: "Jastrow, אֲסִיתָא"... OK (אסיתא)
[6.9%] #2061: "Jastrow, *אִסְכַּדְיָא"... OK (אסכדיא)
[6.9%] #2062: "Jastrow, אִסְכּוֹלִי"... OK (אסכולי)
[6.9%] #2063: "Jastrow, אִסְכּוֹלַסְטִיקָא"... OK (אסכולסטיקא)
[6.9%] #2064: "Jastrow, אִסְכּוּפְתָּא"... OK (אסכופתא)
[6.9%] #2065: "Jastrow, אסכילי"... OK (אסכילי)
[6.9%] #2066: "Jastrow, אַסְכָּלָא"... OK (אסכלא)
[6.9%] #2067: "Jastrow, *אִסְכְּלָא"... duplicate
[6.9%] #2067: "Jastrow, אַסְכְּמָא"... OK (אסכמא)
[6.9%] #2068: "Jastrow, אַסְכָּמוּתָא"... OK (אסכמותא)
[6.9%] #2069: "Jastrow, אַסְכְּרָא"... OK (אסכרא)
[6.9%] #2070: "Jastrow, אסכריא"... OK (אסכריא)
[6.9%] #2071: "Jastrow, אָסֵל"... OK (אסל)
[6.9%] #2072: "Jastrow, אַסְלָא I"... OK (אסלא)
[6.9%] #2073: "Jastrow, אַסְלָא II"... duplicate
[6.9%] #2073: "Jastrow, אַסְלֵא"... duplicate
[6.9%] #2073: "Jastrow, אסלטין"... OK (אסלטין)
[6.9%] #2074: "Jastrow, אַסְלֵי"... OK (אסלי)
[6.9%] #2075: "Jastrow, אַסְמַכְתָּא"... OK (אסמכתא)
[6.9%] #2076: "Jastrow, אִסְמַרַגְדִּין"... OK (אסמרגדין)
[6.9%] #2077: "Jastrow, אִסְנָא"... OK (אסנא)
[6.9%] #2078: "Jastrow, אַסָּנָא"... duplicate
[6.9%] #2078: "Jastrow, אסנגרין"... OK (אסנגרין)
[6.9%] #2079: "Jastrow, אַסְנִיתָא"... OK (אסניתא)
[6.9%] #2080: "Jastrow, אָסְנַפַּר"... OK (אסנפר)
[6.9%] #2081: "Jastrow, *אֲסַס"... OK (אסס)
[6.9%] #2082: "Jastrow, אַסְעַר"... OK (אסער)
[6.9%] #2083: "Jastrow, אָסַף"... OK (אסף)
[6.9%] #2084: "Jastrow, אֲסַף"... duplicate
[6.9%] #2084: "Jastrow, אִסְפְּגִין"... OK (אספגין)
[6.9%] #2085: "Jastrow, *אִסְפְּדִיכָא"... OK (אספדיכא)
[7.0%] #2086: "Jastrow, אִסְפּוֹג"... OK (אספוג)
[7.0%] #2087: "Jastrow, אִסְפּוֹגִית"... OK (אספוגית)
[7.0%] #2088: "Jastrow, אספוטמיא"... OK (אספוטמיא)
[7.0%] #2089: "Jastrow, אספון"... OK (אספון)
[7.0%] #2090: "Jastrow, אספוסין"... OK (אספוסין)
[7.0%] #2091: "Jastrow, אֶסְפּוֹר"... OK (אספור)
[7.0%] #2092: "Jastrow, *אִסְפּוֹרַק"... OK (אספורק)
[7.0%] #2093: "Jastrow, אִסְפַּטִּי"... OK (אספטי)
[7.0%] #2094: "Jastrow, אספטיא"... OK (אספטיא)
[7.0%] #2095: "Jastrow, אַסְפִּי"... OK (אספי)
[7.0%] #2096: "Jastrow, אספינדמון"... OK (אספינדמון)
[7.0%] #2097: "Jastrow, *אִסְפִינְקִי"... OK (אספינקי)
[7.0%] #2098: "Jastrow, אִסְפִּיקוּלָא"... OK (אספיקולא)
[7.0%] #2099: "Jastrow, אספיר"... OK (אספיר)
[7.0%] #2100: "Jastrow, אספירכא"... OK (אספירכא)
[7.0%] #2101: "Jastrow, *אִסְפֶּירֶס"... OK (אספירס)
[7.0%] #2102: "Jastrow, *אִסְפְּלִיאָה"... OK (אספליאה)
[7.0%] #2103: "Jastrow, אִסְפְּלִידָא"... OK (אספלידא)
[7.0%] #2104: "Jastrow, אספליטון"... OK (אספליטון)
[7.0%] #2105: "Jastrow, אִסְפְּלָנִי"... OK (אספלני)
[7.0%] #2106: "Jastrow, אספלניס"... OK (אספלניס)
  [Saved progress: 2106 entries]
[7.0%] #2107: "Jastrow, *אִסְפְּלָנִית"... OK (אספלנית)
[7.0%] #2108: "Jastrow, אִסְפְּלָנִיתָא"... OK (אספלניתא)
[7.0%] #2109: "Jastrow, אִסְפַּמְיָא"... OK (אספמיא)
[7.0%] #2110: "Jastrow, אִסְפָּנִי"... OK (אספני)
[7.0%] #2111: "Jastrow, אִסְפַּנְיָא"... OK (אספניא)
[7.0%] #2112: "Jastrow, אספניא"... duplicate
[7.0%] #2112: "Jastrow, אִסְפְּנִיקִי"... OK (אספניקי)
[7.0%] #2113: "Jastrow, אִסְפַּסְיָאנוֹס"... OK (אספסיאנוס)
[7.0%] #2114: "Jastrow, אִסְפַּסְיָאנִי"... OK (אספסיאני)
[7.0%] #2115: "Jastrow, אִסְפַּסְיָינוֹס"... OK (אספסיינוס)
[7.0%] #2116: "Jastrow, *אַסְפַּסְתָּא"... OK (אספסתא)
[7.1%] #2117: "Jastrow, אספסתורין"... OK (אספסתורין)
[7.1%] #2118: "Jastrow, אספקטי"... OK (אספקטי)
[7.1%] #2119: "Jastrow, אִסְפִּקְלָטוֹר"... OK (אספקלטור)
[7.1%] #2120: "Jastrow, אִסְפַּקְלַרְיָא"... OK (אספקלריא)
[7.1%] #2121: "Jastrow, אספקרפסטי"... OK (אספקרפסטי)
[7.1%] #2122: "Jastrow, אספר"... OK (אספר)
[7.1%] #2123: "Jastrow, אֶסְפָּר"... duplicate
[7.1%] #2123: "Jastrow, אִסְפַּרְגַּל"... OK (אספרגל)
[7.1%] #2124: "Jastrow, *אִסְפַּרְוָוא"... OK (אספרווא)
[7.1%] #2125: "Jastrow, *אַסְפְּרוֹן"... OK (אספרון)
[7.1%] #2126: "Jastrow, *אִסְפְּרִיטִין"... OK (אספריטין)
[7.1%] #2127: "Jastrow, *אִסְפְּרִיסָא"... OK (אספריסא)
[7.1%] #2128: "Jastrow, אספרלג"... OK (אספרלג)
[7.1%] #2129: "Jastrow, אִסְפַּרְמְקֵי"... OK (אספרמקי)
[7.1%] #2130: "Jastrow, *אָסְפַּרְנָא"... OK (אספרנא)
[7.1%] #2131: "Jastrow, אספרקמי"... OK (אספרקמי)
[7.1%] #2132: "Jastrow, אֲסַפְתִּי"... OK (אספתי)
[7.1%] #2133: "Jastrow, אִסְפָּתִי"... duplicate
[7.1%] #2133: "Jastrow, אִסְפַּתְרִי"... OK (אספתרי)
[7.1%] #2134: "Jastrow, אסקדיא"... OK (אסקדיא)
[7.1%] #2135: "Jastrow, אִסְקוּטְלָא I"... OK (אסקוטלא)
[7.1%] #2136: "Jastrow, אִסְקוּטְלָא II"... duplicate
[7.1%] #2136: "Jastrow, אסקולין"... OK (אסקולין)
[7.1%] #2137: "Jastrow, אסקולסטיקא"... OK (אסקולסטיקא)
[7.1%] #2138: "Jastrow, אִסְקוּנְדְּרֵי"... OK (אסקונדרי)
[7.1%] #2139: "Jastrow, אִסְקוּפָּא"... OK (אסקופא)
[7.1%] #2140: "Jastrow, אִסְקוּפָה"... OK (אסקופה)
[7.1%] #2141: "Jastrow, אסקופת"... OK (אסקופת)
[7.1%] #2142: "Jastrow, אִסְקוּפְתָּא"... OK (אסקופתא)
[7.1%] #2143: "Jastrow, אַסָּקוּתָא"... OK (אסקותא)
[7.1%] #2144: "Jastrow, אסקלה"... OK (אסקלה)
[7.1%] #2145: "Jastrow, אִסְקָפָא"... OK (אסקפא)
[7.1%] #2146: "Jastrow, אסקפטי"... OK (אסקפטי)
[7.2%] #2147: "Jastrow, אִסְקְפַסְטִי"... OK (אסקפסטי)
[7.2%] #2148: "Jastrow, אִסְקְרָא"... OK (אסקרא)
[7.2%] #2149: "Jastrow, אִסְקַרְיָא"... OK (אסקריא)
[7.2%] #2150: "Jastrow, אִסְקְרִיטָוָן"... OK (אסקריטון)
[7.2%] #2151: "Jastrow, אסקריטי"... OK (אסקריטי)
[7.2%] #2152: "Jastrow, אִסְקְרִיטִין"... OK (אסקריטין)
[7.2%] #2153: "Jastrow, אָסַר"... OK (אסר)
[7.2%] #2154: "Jastrow, אֲסַר"... duplicate
[7.2%] #2154: "Jastrow, אֱסָר"... duplicate
[7.2%] #2154: "Jastrow, אֵסַר"... duplicate
[7.2%] #2154: "Jastrow, אָסְרָא"... OK (אסרא)
[7.2%] #2155: "Jastrow, אִסְרַדְיוֹט"... OK (אסרדיוט)
[7.2%] #2156: "Jastrow, אֲסָרָה"... OK (אסרה)
[7.2%] #2157: "Jastrow, אֵסָרוּתָא"... OK (אסרותא)
[7.2%] #2158: "Jastrow, אִסְרָטָא"... OK (אסרטא)
[7.2%] #2159: "Jastrow, אִסְרָטָה"... OK (אסרטה)
[7.2%] #2160: "Jastrow, אִסְרַטְיָא"... OK (אסרטיא)
[7.2%] #2161: "Jastrow, אִסְרַטְיָא ²"... duplicate
[7.2%] #2161: "Jastrow, אסרטיגי"... OK (אסרטיגי)
[7.2%] #2162: "Jastrow, אִסְרַטְיוֹט"... OK (אסרטיוט)
[7.2%] #2163: "Jastrow, אסרטיון"... OK (אסרטיון)
[7.2%] #2164: "Jastrow, אסרטילוס"... OK (אסרטילוס)
[7.2%] #2165: "Jastrow, אִסְרָטִין"... OK (אסרטין)
[7.2%] #2166: "Jastrow, אֵסַרְתָּא"... OK (אסרתא)
[7.2%] #2167: "Jastrow, *אִסְתַּגַּר"... OK (אסתגר)
[7.2%] #2168: "Jastrow, אִסְתְּדִירָא"... OK (אסתדירא)
[7.2%] #2169: "Jastrow, אִסְתְּהַר"... OK (אסתהר)
[7.2%] #2170: "Jastrow, אִסְתְּוָורָא"... OK (אסתוורא)
[7.2%] #2171: "Jastrow, אִסְתֹּומְכָא"... OK (אסתומכא)
[7.2%] #2172: "Jastrow, *אִסְתּוּנְיָא"... OK (אסתוניא)
[7.2%] #2173: "Jastrow, אסתיוט"... OK (אסתיוט)
[7.2%] #2174: "Jastrow, אִסְתִּירָא"... OK (אסתירא)
[7.2%] #2175: "Jastrow, אסתלגיגית"... OK (אסתלגיגית)
[7.2%] #2176: "Jastrow, *אִסְתַּלְיָתָא"... OK (אסתליתא)
[7.3%] #2177: "Jastrow, אִסְתָּן"... OK (אסתן)
[7.3%] #2178: "Jastrow, אִסְתַּנְדְּרָא"... OK (אסתנדרא)
[7.3%] #2179: "Jastrow, אִסְתַּנְיָא"... OK (אסתניא)
[7.3%] #2180: "Jastrow, אסתניד"... OK (אסתניד)
[7.3%] #2181: "Jastrow, אִסְתְּנִיס"... OK (אסתניס)
[7.3%] #2182: "Jastrow, אִסְתַּפְנִינֵי"... OK (אסתפניני)
[7.3%] #2183: "Jastrow, אסתקטון"... OK (אסתקטון)
[7.3%] #2184: "Jastrow, *אִסְתַּקַּר"... OK (אסתקר)
[7.3%] #2185: "Jastrow, אֶסְתֵּר"... OK (אסתר)
[7.3%] #2186: "Jastrow, אסתרולוגיאה"... OK (אסתרולוגיאה)
[7.3%] #2187: "Jastrow, אִסְתְּרוֹקָנִית"... OK (אסתרוקנית)
[7.3%] #2188: "Jastrow, אסתרטיגא"... OK (אסתרטיגא)
[7.3%] #2189: "Jastrow, אָע"... OK (אע)
[7.3%] #2190: "Jastrow, אַעֲיָתָא"... OK (אעיתא)
[7.3%] #2191: "Jastrow, אעל"... OK (אעל)
[7.3%] #2192: "Jastrow, אֲעָן"... OK (אען)
[7.3%] #2193: "Jastrow, אֲעַרְעָא"... OK (אערעא)
[7.3%] #2194: "Jastrow, אַף I"... OK (אף)
[7.3%] #2195: "Jastrow, אַף II"... duplicate
[7.3%] #2195: "Jastrow, אַף III"... duplicate
[7.3%] #2195: "Jastrow, אַפָּא I"... OK (אפא)
[7.3%] #2196: "Jastrow, אַפָּא II"... duplicate
  [Saved progress: 2195 entries]
[7.3%] #2196: "Jastrow, אָפָא"... duplicate
[7.3%] #2196: "Jastrow, אפדייני"... OK (אפדייני)
[7.3%] #2197: "Jastrow, *אפדכסיס"... OK (אפדכסיס)
[7.3%] #2198: "Jastrow, אַפַּדְנָא"... OK (אפדנא)
[7.3%] #2199: "Jastrow, אָפָה"... OK (אפה)
[7.3%] #2200: "Jastrow, אַפָּהּ"... duplicate
[7.3%] #2200: "Jastrow, אפו"... OK (אפו)
[7.3%] #2201: "Jastrow, אפודרים"... OK (אפודרים)
[7.3%] #2202: "Jastrow, אָפֹּובַּלְסְמוֹן"... OK (אפובלסמון)
[7.3%] #2203: "Jastrow, אפוזיינו"... OK (אפוזיינו)
[7.3%] #2204: "Jastrow, *אֲפוּזְיָינֵי"... OK (אפוזייני)
[7.3%] #2205: "Jastrow, אפודרים ²"... duplicate
[7.3%] #2205: "Jastrow, אַפּוּחָא"... OK (אפוחא)
[7.3%] #2206: "Jastrow, אפוטיין"... OK (אפוטיין)
[7.4%] #2207: "Jastrow, *אפוטיקון"... OK (אפוטיקון)
[7.4%] #2208: "Jastrow, אפוטמים"... OK (אפוטמים)
[7.4%] #2209: "Jastrow, *אַפֹּוטְנִיֹּות"... OK (אפוטניות)
[7.4%] #2210: "Jastrow, אַפֹּוטְרוֹפֹּוס"... OK (אפוטרופוס)
[7.4%] #2211: "Jastrow, *אפוטריקא"... OK (אפוטריקא)
[7.4%] #2212: "Jastrow, אַפּוּכִי"... OK (אפוכי)
[7.4%] #2213: "Jastrow, אַפּוּלְיָא"... OK (אפוליא)
[7.4%] #2214: "Jastrow, אפוליון"... OK (אפוליון)
[7.4%] #2215: "Jastrow, אֲפוֹלִים"... OK (אפולים)
[7.4%] #2216: "Jastrow, אפולמוטוס"... OK (אפולמוטוס)
[7.4%] #2217: "Jastrow, אפומטא"... OK (אפומטא)
[7.4%] #2218: "Jastrow, אפומליטיס"... OK (אפומליטיס)
[7.4%] #2219: "Jastrow, *אפומלייא"... OK (אפומלייא)
[7.4%] #2220: "Jastrow, אָפוּן"... OK (אפון)
[7.4%] #2221: "Jastrow, אֲפוּנְדָּה"... OK (אפונדה)
[7.4%] #2222: "Jastrow, אפונדיה"... OK (אפונדיה)
[7.4%] #2223: "Jastrow, *אפונס"... OK (אפונס)
[7.4%] #2224: "Jastrow, אפונראות"... OK (אפונראות)
[7.4%] #2225: "Jastrow, *אַפֹּוסְטוֹמוֹס"... OK (אפוסטומוס)
[7.4%] #2226: "Jastrow, אפוספיס"... OK (אפוספיס)
[7.4%] #2227: "Jastrow, אִפֹּופֹּודִין"... OK (אפופודין)
[7.4%] #2228: "Jastrow, אפופיירות"... OK (אפופיירות)
[7.4%] #2229: "Jastrow, אפופלסמון"... OK (אפופלסמון)
[7.4%] #2230: "Jastrow, אפופסים"... OK (אפופסים)
[7.4%] #2231: "Jastrow, אַפֹּופְסִין"... OK (אפופסין)
[7.4%] #2232: "Jastrow, אפופרין"... OK (אפופרין)
[7.4%] #2233: "Jastrow, אֲפוּקֵי"... OK (אפוקי)
[7.4%] #2234: "Jastrow, אַפֹּוקֵי"... duplicate
[7.4%] #2234: "Jastrow, אפוקלוס"... OK (אפוקלוס)
[7.4%] #2235: "Jastrow, אפוקסנין"... OK (אפוקסנין)
[7.4%] #2236: "Jastrow, אפורדכיס"... OK (אפורדכיס)
[7.5%] #2237: "Jastrow, אפורטין"... OK (אפורטין)
[7.5%] #2238: "Jastrow, *אָפֹּורְיָיא"... OK (אפורייא)
[7.5%] #2239: "Jastrow, אַפּוּתָא"... OK (אפותא)
[7.5%] #2240: "Jastrow, אפותיק"... OK (אפותיק)
[7.5%] #2241: "Jastrow, אַפֹּותִּיקִי"... OK (אפותיקי)
[7.5%] #2242: "Jastrow, אִפֹּותִּיקִי"... duplicate
[7.5%] #2242: "Jastrow, אָפֵז"... OK (אפז)
[7.5%] #2243: "Jastrow, אָפְזְיָינֵי"... OK (אפזייני)
[7.5%] #2244: "Jastrow, *אֵפְּחָא"... OK (אפחא)
[7.5%] #2245: "Jastrow, אַפְחֲזָא"... OK (אפחזא)
[7.5%] #2246: "Jastrow, אֶפְטָא"... OK (אפטא)
[7.5%] #2247: "Jastrow, *אפטוניות"... OK (אפטוניות)
[7.5%] #2248: "Jastrow, אפוטריקא"... duplicate
[7.5%] #2248: "Jastrow, אַפְטוֹרִיקִי"... OK (אפטוריקי)
[7.5%] #2249: "Jastrow, אֶפְטֵט"... OK (אפטט)
[7.5%] #2250: "Jastrow, אפטי"... OK (אפטי)
[7.5%] #2251: "Jastrow, אִפַּטְיָא"... OK (אפטיא)
[7.5%] #2252: "Jastrow, אַפֹּטְנִיּוֹת"... OK (אפטניות)
[7.5%] #2253: "Jastrow, אַפְטָרָה"... OK (אפטרה)
[7.5%] #2254: "Jastrow, אפטרופולין"... OK (אפטרופולין)
[7.5%] #2255: "Jastrow, אַפְטַרְתָּא"... OK (אפטרתא)
[7.5%] #2256: "Jastrow, אפי"... OK (אפי)
[7.5%] #2257: "Jastrow, אפי ²"... duplicate
[7.5%] #2257: "Jastrow, אָפֵי"... duplicate
[7.5%] #2257: "Jastrow, אַפַּיָּא"... OK (אפיא)
[7.5%] #2258: "Jastrow, אַפְיָאן"... OK (אפיאן)
[7.5%] #2259: "Jastrow, *אַפִּידְרָא"... OK (אפידרא)
[7.5%] #2260: "Jastrow, *אִפְיוֹטוֹת"... OK (אפיוטות)
[7.5%] #2261: "Jastrow, אפיטריסות"... OK (אפיטריסות)
[7.5%] #2262: "Jastrow, אֶפִּיטְרוֹפָּא"... OK (אפיטרופא)
[7.5%] #2263: "Jastrow, אֶפִּיטְרוֹפּוֹס"... OK (אפיטרופוס)
[7.5%] #2264: "Jastrow, אֶפִּיטְרוֹפְיָא"... OK (אפיטרופיא)
[7.5%] #2265: "Jastrow, אֶפִּיטְרוֹפְסוּת"... OK (אפיטרופסות)
[7.5%] #2266: "Jastrow, אֲפִיָיה I"... OK (אפייה)
[7.6%] #2267: "Jastrow, אִפְּיַיטְרוֹס"... OK (אפייטרוס)
[7.6%] #2268: "Jastrow, אַפְיָין"... OK (אפיין)
[7.6%] #2269: "Jastrow, אֲפֵיךְ"... OK (אפיך)
[7.6%] #2270: "Jastrow, אָפִיל"... OK (אפיל)
[7.6%] #2271: "Jastrow, אֲפֵילָא"... OK (אפילא)
[7.6%] #2272: "Jastrow, אֲפִילָה"... OK (אפילה)
[7.6%] #2273: "Jastrow, אֲפֵילָה"... duplicate
[7.6%] #2273: "Jastrow, אֲפֵילָה ²"... duplicate
[7.6%] #2273: "Jastrow, אֲפִילּוּ"... OK (אפילו)
[7.6%] #2274: "Jastrow, אַפִּילוֹן"... OK (אפילון)
[7.6%] #2275: "Jastrow, אַפִּילוֹן ²"... duplicate
[7.6%] #2275: "Jastrow, *אַפִּילְיוֹן III"... OK (אפיליון)
[7.6%] #2276: "Jastrow, אפיליות"... OK (אפיליות)
[7.6%] #2277: "Jastrow, אפימיות"... OK (אפימיות)
[7.6%] #2278: "Jastrow, אֶפִּימְלֵיטֵיס"... OK (אפימליטיס)
[7.6%] #2279: "Jastrow, *אָפִיס"... OK (אפיס)
[7.6%] #2280: "Jastrow, אֶפִּיסְטוֹלִי"... OK (אפיסטולי)
[7.6%] #2281: "Jastrow, *אֶפִּיסְטִילְיוֹת"... OK (אפיסטיליות)
[7.6%] #2282: "Jastrow, אפיסניות"... OK (אפיסניות)
[7.6%] #2283: "Jastrow, אפיסתקיתיה"... OK (אפיסתקיתיה)
[7.6%] #2284: "Jastrow, אפיפודין"... OK (אפיפודין)
  [Saved progress: 2284 entries]
[7.6%] #2285: "Jastrow, *אֱפִיפְּיוֹן"... OK (אפיפיון)
[7.6%] #2286: "Jastrow, *אַפִּיפְיוֹרָא"... OK (אפיפיורא)
[7.6%] #2287: "Jastrow, אַפִּיפְיָירוֹת"... OK (אפיפיירות)
[7.6%] #2288: "Jastrow, *אפיפסדוס"... OK (אפיפסדוס)
[7.6%] #2289: "Jastrow, אפיצטלין"... OK (אפיצטלין)
[7.6%] #2290: "Jastrow, אָפִיק"... OK (אפיק)
[7.6%] #2291: "Jastrow, *אֲפִיקְדּוֹנָא"... OK (אפיקדונא)
[7.6%] #2292: "Jastrow, אֲפִיקוֹלוֹס"... OK (אפיקולוס)
[7.6%] #2293: "Jastrow, אֶפִּיקוֹמוֹן"... OK (אפיקומון)
[7.6%] #2294: "Jastrow, *אֶפִּיקוֹמָן"... OK (אפיקומן)
[7.6%] #2295: "Jastrow, אַפִּיקוֹרָא"... OK (אפיקורא)
[7.6%] #2296: "Jastrow, אַפִּיקוֹרוֹס"... OK (אפיקורוס)
[7.7%] #2297: "Jastrow, *אַפִּיקוֹרִין"... OK (אפיקורין)
[7.7%] #2298: "Jastrow, אַפִּיקוֹרְסוּת"... OK (אפיקורסות)
[7.7%] #2299: "Jastrow, אַפִּיקְטְוִיזִין"... OK (אפיקטויזין)
[7.7%] #2300: "Jastrow, אַפִּיקִילְטָא"... OK (אפיקילטא)
[7.7%] #2301: "Jastrow, אֲפִיקֵירוֹס"... OK (אפיקירוס)
[7.7%] #2302: "Jastrow, אפיקלין"... OK (אפיקלין)
[7.7%] #2303: "Jastrow, אַפִּיקְרוּתָא"... OK (אפיקרותא)
[7.7%] #2304: "Jastrow, אפיקריסין"... OK (אפיקריסין)
[7.7%] #2305: "Jastrow, אֲפִיקֶרֶס"... OK (אפיקרס)
[7.7%] #2306: "Jastrow, אַפִּיקַרְסוּת"... OK (אפיקרסות)
[7.7%] #2307: "Jastrow, אִפִּיקְרָסִי"... OK (אפיקרסי)
[7.7%] #2308: "Jastrow, אפירטין"... OK (אפירטין)
[7.7%] #2309: "Jastrow, אַפִּירְיוֹן"... OK (אפיריון)
[7.7%] #2310: "Jastrow, אפירסמן"... OK (אפירסמן)
[7.7%] #2311: "Jastrow, אפיסקיתי"... OK (אפיסקיתי)
[7.7%] #2312: "Jastrow, אָפַךְ"... OK (אפך)
[7.7%] #2313: "Jastrow, אֲפַךְ"... duplicate
[7.7%] #2313: "Jastrow, אפכיי"... OK (אפכיי)
[7.7%] #2314: "Jastrow, אַפְכִיּוֹת"... OK (אפכיות)
[7.7%] #2315: "Jastrow, אָפַל"... OK (אפל)
[7.7%] #2316: "Jastrow, אֲפַל"... duplicate
[7.7%] #2316: "Jastrow, אָפֵל I"... duplicate
[7.7%] #2316: "Jastrow, אָפֵל II"... duplicate
[7.7%] #2316: "Jastrow, אַפְלָא"... OK (אפלא)
[7.7%] #2317: "Jastrow, אפלון"... OK (אפלון)
[7.7%] #2318: "Jastrow, אַפְלָטוֹר"... OK (אפלטור)
[7.7%] #2319: "Jastrow, אַפַּלְיוֹן"... OK (אפליון)
[7.7%] #2320: "Jastrow, אפליקטא"... OK (אפליקטא)
[7.7%] #2321: "Jastrow, אַפַּלְסְמוֹן"... OK (אפלסמון)
[7.7%] #2322: "Jastrow, אַפַּמְיָא"... OK (אפמיא)
[7.7%] #2323: "Jastrow, אַפַּנְטוֹר"... OK (אפנטור)
[7.7%] #2324: "Jastrow, אַפַּנְטֵי"... OK (אפנטי)
[7.7%] #2325: "Jastrow, *אַפַּנְטִיסוֹן"... OK (אפנטיסון)
[7.8%] #2326: "Jastrow, אַפַּנְקְרִיסִין"... OK (אפנקריסין)
[7.8%] #2327: "Jastrow, אַפַּנְתָּא"... OK (אפנתא)
[7.8%] #2328: "Jastrow, אפנתי"... OK (אפנתי)
[7.8%] #2329: "Jastrow, אֶפֶס"... OK (אפס)
[7.8%] #2330: "Jastrow, אָפֵס"... duplicate
[7.8%] #2330: "Jastrow, אָפֵס ²"... duplicate
[7.8%] #2330: "Jastrow, אָפַס"... duplicate
[7.8%] #2330: "Jastrow, אפסוגין"... OK (אפסוגין)
[7.8%] #2331: "Jastrow, אָפְסוֹנִין"... OK (אפסונין)
[7.8%] #2332: "Jastrow, *אפסחתיה"... OK (אפסחתיה)
[7.8%] #2333: "Jastrow, *אפסטיא"... OK (אפסטיא)
[7.8%] #2334: "Jastrow, *אֲפַסְטִיתָה"... OK (אפסטיתה)
[7.8%] #2335: "Jastrow, אַפִּסְטְקִין"... OK (אפסטקין)
[7.8%] #2336: "Jastrow, *אִפְסִיּוֹת"... OK (אפסיות)
[7.8%] #2337: "Jastrow, *אָפְסְיָין"... OK (אפסיין)
[7.8%] #2338: "Jastrow, אַפְסִינְתִּין"... OK (אפסינתין)
[7.8%] #2339: "Jastrow, אפסיקימא"... OK (אפסיקימא)
[7.8%] #2340: "Jastrow, אַפְסִירָא"... OK (אפסירא)
[7.8%] #2341: "Jastrow, אָפְסַנְיָא"... OK (אפסניא)
[7.8%] #2342: "Jastrow, *אַפְסְקִימָא"... OK (אפסקימא)
[7.8%] #2343: "Jastrow, אַפְסָר"... OK (אפסר)
[7.8%] #2344: "Jastrow, אַפְסָרָא"... OK (אפסרא)
[7.8%] #2345: "Jastrow, *אפסתיק"... OK (אפסתיק)
[7.8%] #2346: "Jastrow, אַפְעָא"... OK (אפעא)
[7.8%] #2347: "Jastrow, אֶפְעֶה"... OK (אפעה)
[7.8%] #2348: "Jastrow, אָפַף"... OK (אפף)
[7.8%] #2349: "Jastrow, *אֲפָפוֹן"... OK (אפפון)
[7.8%] #2350: "Jastrow, אָפַץ"... OK (אפץ)
[7.8%] #2351: "Jastrow, אֲפַץ"... duplicate
[7.8%] #2351: "Jastrow, אַפְצָא"... OK (אפצא)
[7.8%] #2352: "Jastrow, אַפֵּק"... OK (אפק)
[7.8%] #2353: "Jastrow, אפקוליס"... OK (אפקוליס)
[7.8%] #2354: "Jastrow, אַפְקוֹתָא"... OK (אפקותא)
[7.8%] #2355: "Jastrow, אפקימא"... OK (אפקימא)
[7.8%] #2356: "Jastrow, אפקלטורין"... OK (אפקלטורין)
[7.9%] #2357: "Jastrow, אֲפִקְלִין"... OK (אפקלין)
[7.9%] #2358: "Jastrow, אפקסיון"... OK (אפקסיון)
[7.9%] #2359: "Jastrow, אַפְקַעְתָּא"... OK (אפקעתא)
[7.9%] #2360: "Jastrow, אַפְקָרוּתָא"... OK (אפקרותא)
[7.9%] #2361: "Jastrow, אפקרייתם"... OK (אפקרייתם)
[7.9%] #2362: "Jastrow, אפקרסו"... OK (אפקרסו)
[7.9%] #2363: "Jastrow, אַפִּקַרְסוּת"... OK (אפקרסות)
[7.9%] #2364: "Jastrow, אַפְקְרָסוּתָא"... OK (אפקרסותא)
[7.9%] #2365: "Jastrow, אַפְקְרָסִי"... OK (אפקרסי)
[7.9%] #2366: "Jastrow, אַפְקַרְסִין"... OK (אפקרסין)
[7.9%] #2367: "Jastrow, *אַפְקַשְׁיוֹן"... OK (אפקשיון)
[7.9%] #2368: "Jastrow, אַפְקְתָא"... OK (אפקתא)
[7.9%] #2369: "Jastrow, *אפר"... OK (אפר)
[7.9%] #2370: "Jastrow, אֵפֶר"... duplicate
[7.9%] #2370: "Jastrow, אֲפַר"... duplicate
[7.9%] #2370: "Jastrow, אֲפַר ²"... duplicate
[7.9%] #2370: "Jastrow, אֶפְרָא II"... OK (אפרא)
[7.9%] #2371: "Jastrow, אַפְּרַגְיָא"... OK (אפרגיא)
[7.9%] #2372: "Jastrow, אפרגיזא"... OK (אפרגיזא)
[7.9%] #2373: "Jastrow, אפרגל"... OK (אפרגל)
  [Saved progress: 2373 entries]
[7.9%] #2374: "Jastrow, אפרדוכסוס"... OK (אפרדוכסוס)
[7.9%] #2375: "Jastrow, אֶפְרָה"... OK (אפרה)
[7.9%] #2376: "Jastrow, אפרהנג"... OK (אפרהנג)
[7.9%] #2377: "Jastrow, אַפְרוֹדִיטֵי"... OK (אפרודיטי)
[7.9%] #2378: "Jastrow, אפרוודין"... OK (אפרוודין)
[7.9%] #2379: "Jastrow, אִפַּרְוָורִין"... OK (אפרוורין)
[7.9%] #2380: "Jastrow, אֶפְרוֹחַ"... OK (אפרוח)
[7.9%] #2381: "Jastrow, אֶפְרוֹחָא"... OK (אפרוחא)
[7.9%] #2382: "Jastrow, אפרוטוס"... OK (אפרוטוס)
[7.9%] #2383: "Jastrow, אפרוכוס"... OK (אפרוכוס)
[7.9%] #2384: "Jastrow, אַפְרוֹמְבְּיָא"... OK (אפרומביא)
[7.9%] #2385: "Jastrow, אפרופוס"... OK (אפרופוס)
[8.0%] #2386: "Jastrow, אַפְרַזְתָּא"... OK (אפרזתא)
[8.0%] #2387: "Jastrow, אפרחי"... OK (אפרחי)
[8.0%] #2388: "Jastrow, אִפְרָחִין"... OK (אפרחין)
[8.0%] #2389: "Jastrow, אפרטוטות"... OK (אפרטוטות)
[8.0%] #2390: "Jastrow, *אַפָּרָטוֹסוֹת"... OK (אפרטוסות)
[8.0%] #2391: "Jastrow, אַפִּרְיוֹן"... OK (אפריון)
[8.0%] #2392: "Jastrow, *אַפְרִיזָא"... OK (אפריזא)
[8.0%] #2393: "Jastrow, אַפִּרְיָיא"... OK (אפרייא)
[8.0%] #2394: "Jastrow, אַפִּרְיָין"... OK (אפריין)
[8.0%] #2395: "Jastrow, אֶפְרַיִם"... OK (אפרים)
[8.0%] #2396: "Jastrow, אַפִּרְיָן"... OK (אפרין)
[8.0%] #2397: "Jastrow, אַפְרִיקִי"... OK (אפריקי)
[8.0%] #2398: "Jastrow, אַפְרִיקִי II"... duplicate
[8.0%] #2398: "Jastrow, אִפַּרְכָא"... OK (אפרכא)
[8.0%] #2399: "Jastrow, *אפרכוריס"... OK (אפרכוריס)
[8.0%] #2400: "Jastrow, אֶפַּרְכִי"... OK (אפרכי)
[8.0%] #2401: "Jastrow, אפרכלי"... OK (אפרכלי)
[8.0%] #2402: "Jastrow, אֲפַרְכָּס"... OK (אפרכס)
[8.0%] #2403: "Jastrow, אֲפַרְכֶסֶת"... OK (אפרכסת)
[8.0%] #2404: "Jastrow, אַפַּרְסְמָא"... OK (אפרסמא)
[8.0%] #2405: "Jastrow, אַפַּרְסָמוֹן"... OK (אפרסמון)
[8.0%] #2406: "Jastrow, אַפַּרְסְקִין"... OK (אפרסקין)
[8.0%] #2407: "Jastrow, אַפַּרְקִיד"... OK (אפרקיד)
[8.0%] #2408: "Jastrow, אַפְרִקְיָא"... OK (אפרקיא)
[8.0%] #2409: "Jastrow, אַפְרַקְסוּת"... OK (אפרקסות)
[8.0%] #2410: "Jastrow, אַפְרַשׁ"... OK (אפרש)
[8.0%] #2411: "Jastrow, אַפְרָשָׁה"... OK (אפרשה)
[8.0%] #2412: "Jastrow, אַפְרָשׁוּ"... OK (אפרשו)
[8.0%] #2413: "Jastrow, אֶפְרָתִי"... OK (אפרתי)
[8.0%] #2414: "Jastrow, אֶפֶשׁ"... OK (אפש)
[8.0%] #2415: "Jastrow, אַפְשַׁח"... OK (אפשח)
[8.1%] #2416: "Jastrow, אפשלתה"... OK (אפשלתה)
[8.1%] #2417: "Jastrow, אֶפְשַׁר"... OK (אפשר)
[8.1%] #2418: "Jastrow, *אַפְתָּא I"... OK (אפתא)
[8.1%] #2419: "Jastrow, אַפְתָּא II"... duplicate
[8.1%] #2419: "Jastrow, אפתיסיס"... OK (אפתיסיס)
[8.1%] #2420: "Jastrow, אֶפְתַּנְטִין"... OK (אפתנטין)
[8.1%] #2421: "Jastrow, *אַפְתְּקָא"... OK (אפתקא)
[8.1%] #2422: "Jastrow, אַפְתְּרִין"... OK (אפתרין)
[8.1%] #2423: "Jastrow, אִצָּא"... OK (אצא)
[8.1%] #2424: "Jastrow, אֶצְבַּע"... OK (אצבע)
[8.1%] #2425: "Jastrow, אֶצְבְּעָא"... OK (אצבעא)
[8.1%] #2426: "Jastrow, אֶצְבָּעִי"... OK (אצבעי)
[8.1%] #2427: "Jastrow, אצבעתא"... OK (אצבעתא)
[8.1%] #2428: "Jastrow, *אֲצַבְתִּי"... OK (אצבתי)
[8.1%] #2429: "Jastrow, אָצוּ"... OK (אצו)
[8.1%] #2430: "Jastrow, אַצְוָא"... OK (אצוא)
[8.1%] #2431: "Jastrow, אַצְוָוא"... OK (אצווא)
[8.1%] #2432: "Jastrow, אַצְוַוחְתָּא"... OK (אצווחתא)
[8.1%] #2433: "Jastrow, אַצְוָותָא"... OK (אצוותא)
[8.1%] #2434: "Jastrow, אַצְוָחוּתָא"... OK (אצוחותא)
[8.1%] #2435: "Jastrow, אַצְוָתָא"... OK (אצותא)
[8.1%] #2436: "Jastrow, אִצְט־"... OK (אצט)
[8.1%] #2437: "Jastrow, אִצְטַדְיָא"... OK (אצטדיא)
[8.1%] #2438: "Jastrow, אִצְטַדִּין"... OK (אצטדין)
[8.1%] #2439: "Jastrow, אצטלוס"... OK (אצטלוס)
[8.1%] #2440: "Jastrow, *אִצְטַלּוּת"... OK (אצטלות)
[8.1%] #2441: "Jastrow, אצטרא"... OK (אצטרא)
[8.1%] #2442: "Jastrow, אצטרבאמוטא"... OK (אצטרבאמוטא)
[8.1%] #2443: "Jastrow, אִצְטַרְיָא"... OK (אצטריא)
[8.1%] #2444: "Jastrow, אִצְטָרִין"... OK (אצטרין)
[8.1%] #2445: "Jastrow, אִצְטַרְכַיָּא"... OK (אצטרכיא)
[8.2%] #2446: "Jastrow, אצטרמיטה"... OK (אצטרמיטה)
[8.2%] #2447: "Jastrow, אִצְיָיא"... OK (אצייא)
[8.2%] #2448: "Jastrow, אַצִּיל"... OK (אציל)
[8.2%] #2449: "Jastrow, *אֲצִיפָא"... OK (אציפא)
[8.2%] #2450: "Jastrow, אֲצִיצָא"... OK (אציצא)
[8.2%] #2451: "Jastrow, *אציתין"... OK (אציתין)
[8.2%] #2452: "Jastrow, אֲצַל"... OK (אצל)
[8.2%] #2453: "Jastrow, אָצֵל"... duplicate
[8.2%] #2453: "Jastrow, אֵצֶל"... duplicate
[8.2%] #2453: "Jastrow, אַצְלָחוּתָא"... OK (אצלחותא)
[8.2%] #2454: "Jastrow, אַצְלִי"... OK (אצלי)
[8.2%] #2455: "Jastrow, אֶצְעָדָה"... OK (אצעדה)
[8.2%] #2456: "Jastrow, *אַצְפָּא"... OK (אצפא)
[8.2%] #2457: "Jastrow, אַצְפָא"... duplicate
[8.2%] #2457: "Jastrow, אָצַר"... OK (אצר)
[8.2%] #2458: "Jastrow, אֲצַר I"... duplicate
[8.2%] #2458: "Jastrow, אַצָּר"... duplicate
[8.2%] #2458: "Jastrow, אֲצַר II"... duplicate
[8.2%] #2458: "Jastrow, אֹצְרוֹת"... OK (אצרות)
[8.2%] #2459: "Jastrow, אַקְהָא"... OK (אקהא)
[8.2%] #2460: "Jastrow, אַקְהָיוּתָא"... OK (אקהיותא)
[8.2%] #2461: "Jastrow, *אַקּוּבִּיטוֹן"... OK (אקוביטון)
[8.2%] #2462: "Jastrow, אקובנאה"... OK (אקובנאה)
[8.2%] #2463: "Jastrow, אַקְוָוא"... OK (אקווא)
[8.2%] #2464: "Jastrow, אקומוניס"... OK (אקומוניס)
[8.2%] #2465: "Jastrow, אָקוֹן"... OK (אקון)
  [Saved progress: 2465 entries]
[8.2%] #2466: "Jastrow, אִקוֹנָא"... OK (אקונא)
[8.2%] #2467: "Jastrow, אֲקוּנְבִּי"... OK (אקונבי)
[8.2%] #2468: "Jastrow, *אֲקוּנָס"... OK (אקונס)
[8.2%] #2469: "Jastrow, אַקּוּפֵי"... OK (אקופי)
[8.2%] #2470: "Jastrow, אקופיא"... OK (אקופיא)
[8.2%] #2471: "Jastrow, אקורפיטא"... OK (אקורפיטא)
[8.2%] #2472: "Jastrow, אֲקוּרְקַרְתָּא"... OK (אקורקרתא)
[8.2%] #2473: "Jastrow, אָקוֹשָׁא"... OK (אקושא)
[8.2%] #2474: "Jastrow, אַקְטוֹר"... OK (אקטור)
[8.2%] #2475: "Jastrow, אִקְטִיסְפּוֹן"... OK (אקטיספון)
[8.3%] #2476: "Jastrow, אַקְטַרְתָּא"... OK (אקטרתא)
[8.3%] #2477: "Jastrow, אקי"... OK (אקי)
[8.3%] #2478: "Jastrow, אקיוס"... OK (אקיוס)
[8.3%] #2479: "Jastrow, אֲקִילוֹס"... OK (אקילוס)
[8.3%] #2480: "Jastrow, אקיסטפון"... OK (אקיסטפון)
[8.3%] #2481: "Jastrow, אקיקא"... OK (אקיקא)
[8.3%] #2482: "Jastrow, אַקְלַד"... OK (אקלד)
[8.3%] #2483: "Jastrow, אַקְלִיבוּסְתָּא"... OK (אקליבוסתא)
[8.3%] #2484: "Jastrow, אַקְלִידָא"... OK (אקלידא)
[8.3%] #2485: "Jastrow, אקלנדס"... OK (אקלנדס)
[8.3%] #2486: "Jastrow, אִקְּלַס"... OK (אקלס)
[8.3%] #2487: "Jastrow, אַקְלִפְרִין"... OK (אקלפרין)
[8.3%] #2488: "Jastrow, אקמינון"... OK (אקמינון)
[8.3%] #2489: "Jastrow, *אַקְמְתָא"... OK (אקמתא)
[8.3%] #2490: "Jastrow, אֲקַן"... OK (אקן)
[8.3%] #2491: "Jastrow, אקנוס"... OK (אקנוס)
[8.3%] #2492: "Jastrow, אַקְנָיָאתָא"... OK (אקניאתא)
[8.3%] #2493: "Jastrow, *אַקְנָיוּתָא"... OK (אקניותא)
[8.3%] #2494: "Jastrow, אַקְנָיָיתָא"... OK (אקנייתא)
[8.3%] #2495: "Jastrow, אקניתא"... OK (אקניתא)
[8.3%] #2496: "Jastrow, אקניקתא"... OK (אקניקתא)
[8.3%] #2497: "Jastrow, אָקְסִיגָרוֹן"... OK (אקסיגרון)
[8.3%] #2498: "Jastrow, אַקְסְיוֹס"... OK (אקסיוס)
[8.3%] #2499: "Jastrow, אַקְסִיל"... OK (אקסיל)
[8.3%] #2500: "Jastrow, *אַקְסִילָאלִיאָיָין"... OK (אקסילאליאיין)
[8.3%] #2501: "Jastrow, אַקְפָּדָה"... OK (אקפדה)
[8.3%] #2502: "Jastrow, אַקָּפוּתָא"... OK (אקפותא)
[8.3%] #2503: "Jastrow, אקקבטון"... OK (אקקבטון)
[8.3%] #2504: "Jastrow, *אֲקַקְיָא"... OK (אקקיא)
[8.3%] #2505: "Jastrow, אַקְרָא"... OK (אקרא)
[8.3%] #2506: "Jastrow, אֶקְרָאִי"... OK (אקראי)
[8.4%] #2507: "Jastrow, אקרופיטא"... OK (אקרופיטא)
[8.4%] #2508: "Jastrow, אַקְרוֹקְתָּא"... OK (אקרוקתא)
[8.4%] #2509: "Jastrow, אַקְרַפְטָא"... OK (אקרפטא)
[8.4%] #2510: "Jastrow, אֲרָא"... OK (ארא)
[8.4%] #2511: "Jastrow, ארא"... duplicate
[8.4%] #2511: "Jastrow, *ארא"... duplicate
[8.4%] #2511: "Jastrow, אֶרְאֵל"... OK (אראל)
[8.4%] #2512: "Jastrow, אראני"... OK (אראני)
[8.4%] #2513: "Jastrow, אָרַב"... OK (ארב)
[8.4%] #2514: "Jastrow, *אֲרַב"... duplicate
[8.4%] #2514: "Jastrow, אַרְבָּא I"... OK (ארבא)
[8.4%] #2515: "Jastrow, *אַרְבָּא II"... duplicate
[8.4%] #2515: "Jastrow, אָרְבָּא"... duplicate
[8.4%] #2515: "Jastrow, אָרְבָּא ²"... duplicate
[8.4%] #2515: "Jastrow, אֲרָבָאֵי"... OK (ארבאי)
[8.4%] #2516: "Jastrow, אַרְבֶּה I"... OK (ארבה)
[8.4%] #2517: "Jastrow, אַרְבֶּה II"... duplicate
[8.4%] #2517: "Jastrow, *אַרְבּוּנָא"... OK (ארבונא)
[8.4%] #2518: "Jastrow, אַרְבֵּילָא"... OK (ארבילא)
[8.4%] #2519: "Jastrow, אַרְבֵּיסַר"... OK (ארביסר)
[8.4%] #2520: "Jastrow, אַרְבֵּל I"... OK (ארבל)
[8.4%] #2521: "Jastrow, אַרְבֵּל II"... duplicate
[8.4%] #2521: "Jastrow, אַרְבְּלָא"... OK (ארבלא)
[8.4%] #2522: "Jastrow, אַרְבֵּלִי"... OK (ארבלי)
[8.4%] #2523: "Jastrow, אָרְבָּן"... OK (ארבן)
[8.4%] #2524: "Jastrow, אָרְבָּנָא"... OK (ארבנא)
[8.4%] #2525: "Jastrow, אַרְבֵּסְרָאָה"... OK (ארבסראה)
[8.4%] #2526: "Jastrow, אַרְבַּע"... OK (ארבע)
[8.4%] #2527: "Jastrow, אַרְבְּעָא"... OK (ארבעא)
[8.4%] #2528: "Jastrow, אַרְבָּעָה I"... OK (ארבעה)
[8.4%] #2529: "Jastrow, אַרְבְּעָה"... duplicate
[8.4%] #2529: "Jastrow, *אַרְבָּעָה II"... duplicate
[8.4%] #2529: "Jastrow, אַרְבְּעִיתָא"... OK (ארבעיתא)
[8.4%] #2530: "Jastrow, אֲרַבְתָּא"... OK (ארבתא)
[8.4%] #2531: "Jastrow, אָרָג"... OK (ארג)
[8.4%] #2532: "Jastrow, אָרַג"... duplicate
[8.4%] #2532: "Jastrow, אֲרַג"... duplicate
[8.4%] #2532: "Jastrow, אַרְגְּוָאנָא"... OK (ארגואנא)
[8.4%] #2533: "Jastrow, אַרְגֹּוב"... OK (ארגוב)
[8.4%] #2534: "Jastrow, אַרְגּוּבְלָא"... OK (ארגובלא)
[8.4%] #2535: "Jastrow, אַרְגְּוָון"... OK (ארגוון)
[8.5%] #2536: "Jastrow, ארגוטרייא"... OK (ארגוטרייא)
[8.5%] #2537: "Jastrow, אַרְגְּוָן"... OK (ארגון)
[8.5%] #2538: "Jastrow, אַרְגָּז"... OK (ארגז)
[8.5%] #2539: "Jastrow, *אַרְגָּזָא"... OK (ארגזא)
[8.5%] #2540: "Jastrow, אַרְגָּזוּתָא"... OK (ארגזותא)
[8.5%] #2541: "Jastrow, אֶרְגָּטִיס"... OK (ארגטיס)
[8.5%] #2542: "Jastrow, אַרְגִּיז"... OK (ארגיז)
[8.5%] #2543: "Jastrow, ארגינטין"... OK (ארגינטין)
[8.5%] #2544: "Jastrow, אַרְגִּירָא"... OK (ארגירא)
[8.5%] #2545: "Jastrow, אֶרְגַּלְיָא"... OK (ארגליא)
[8.5%] #2546: "Jastrow, אַרְגָּמָן"... OK (ארגמן)
[8.5%] #2547: "Jastrow, ארגנאטרייא"... OK (ארגנאטרייא)
[8.5%] #2548: "Jastrow, ארגנטין"... OK (ארגנטין)
[8.5%] #2549: "Jastrow, אַרְגֶּנְטָרְיָא"... OK (ארגנטריא)
[8.5%] #2550: "Jastrow, אַרְגֶּסְטֵיס"... OK (ארגסטיס)
[8.5%] #2551: "Jastrow, *ארגסטירין"... OK (ארגסטירין)
[8.5%] #2552: "Jastrow, *אַרְגְּרוֹן"... OK (ארגרון)
[8.5%] #2553: "Jastrow, ארד"... OK (ארד)
  [Saved progress: 2553 entries]
[8.5%] #2554: "Jastrow, אַרְדָּא I"... OK (ארדא)
[8.5%] #2555: "Jastrow, *אַרְדָּא II"... duplicate
[8.5%] #2555: "Jastrow, אַרְדַּב"... OK (ארדב)
[8.5%] #2556: "Jastrow, אִרְדַּבְלִיס"... OK (ארדבליס)
[8.5%] #2557: "Jastrow, אַרְדִּיכָל"... OK (ארדיכל)
[8.5%] #2558: "Jastrow, אַרְדִּילָא"... OK (ארדילא)
[8.5%] #2559: "Jastrow, אַרְדְּכָל"... OK (ארדכל)
[8.5%] #2560: "Jastrow, אַרְדְּלַיָּיא"... OK (ארדלייא)
[8.5%] #2561: "Jastrow, *ארדפוי"... OK (ארדפוי)
[8.5%] #2562: "Jastrow, אַרְדַּפְנֵי"... OK (ארדפני)
[8.5%] #2563: "Jastrow, ארדקסם"... OK (ארדקסם)
[8.5%] #2564: "Jastrow, אַרְדַּקְסַס"... OK (ארדקסס)
[8.5%] #2565: "Jastrow, אַרְדְּשִׁיר"... OK (ארדשיר)
[8.6%] #2566: "Jastrow, אָרָה"... OK (ארה)
[8.6%] #2567: "Jastrow, אֲרוּ"... OK (ארו)
[8.6%] #2568: "Jastrow, אֲרוּבָּה"... OK (ארובה)
[8.6%] #2569: "Jastrow, אֲרוּגָּה"... OK (ארוגה)
[8.6%] #2570: "Jastrow, *אֲרוֹגְנַוְטֵיס"... OK (ארוגנוטיס)
[8.6%] #2571: "Jastrow, ארְוָא"... OK (ארוא)
[8.6%] #2572: "Jastrow, אָרוֹד"... OK (ארוד)
[8.6%] #2573: "Jastrow, אֻרְיָה"... OK (אריה)
[8.6%] #2574: "Jastrow, אַרְוָוד"... OK (ארווד)
[8.6%] #2575: "Jastrow, אַרְוָודָאֵי"... OK (ארוודאי)
[8.6%] #2576: "Jastrow, אַרְוָוסָא"... OK (ארווסא)
[8.6%] #2577: "Jastrow, אָרוּזָא"... OK (ארוזא)
[8.6%] #2578: "Jastrow, *אַרְוִיסָא"... OK (ארויסא)
[8.6%] #2579: "Jastrow, אָרוּךְ"... OK (ארוך)
[8.6%] #2580: "Jastrow, אֲרוּכָא"... OK (ארוכא)
[8.6%] #2581: "Jastrow, אֲרוּכָה I"... OK (ארוכה)
[8.6%] #2582: "Jastrow, אֲרוּכָה II"... duplicate
[8.6%] #2582: "Jastrow, אֲרוּם"... OK (ארום)
[8.6%] #2583: "Jastrow, אֲרוּמָא"... OK (ארומא)
[8.6%] #2584: "Jastrow, אֲרוֹמָאָה"... OK (ארומאה)
[8.6%] #2585: "Jastrow, אֲרוֹמִי"... OK (ארומי)
[8.6%] #2586: "Jastrow, אָרוֹן"... OK (ארון)
[8.6%] #2587: "Jastrow, אֲרוֹנָא"... OK (ארונא)
[8.6%] #2588: "Jastrow, ארונטס"... OK (ארונטס)
[8.6%] #2589: "Jastrow, *אֲרוֹנֵי"... OK (ארוני)
[8.6%] #2590: "Jastrow, אֲרוֹנִים"... OK (ארונים)
[8.6%] #2591: "Jastrow, אִרוֹנִית"... OK (ארונית)
[8.6%] #2592: "Jastrow, ארונקי"... OK (ארונקי)
[8.6%] #2593: "Jastrow, אֵרוּס"... OK (ארוס)
[8.6%] #2594: "Jastrow, ארוסיה"... OK (ארוסיה)
[8.6%] #2595: "Jastrow, אֵרוּסִין"... OK (ארוסין)
[8.6%] #2596: "Jastrow, אֲרוּקְתָּא"... OK (ארוקתא)
[8.7%] #2597: "Jastrow, ארורא"... OK (ארורא)
[8.7%] #2598: "Jastrow, אֲרוּרֵי"... OK (ארורי)
[8.7%] #2599: "Jastrow, *ארז"... OK (ארז)
[8.7%] #2600: "Jastrow, אֶרֶז"... duplicate
[8.7%] #2600: "Jastrow, אַרְזָא"... OK (ארזא)
[8.7%] #2601: "Jastrow, אַרְזְבוֹנִית"... OK (ארזבונית)
[8.7%] #2602: "Jastrow, אַרְזָג"... OK (ארזג)
[8.7%] #2603: "Jastrow, אַרְזָה"... OK (ארזה)
[8.7%] #2604: "Jastrow, אַרְזוֹבָא"... OK (ארזובא)
[8.7%] #2605: "Jastrow, ארזון"... OK (ארזון)
[8.7%] #2606: "Jastrow, אַרְזִילָא"... OK (ארזילא)
[8.7%] #2607: "Jastrow, *אֲרָזִין"... OK (ארזין)
[8.7%] #2608: "Jastrow, אַרְזְלָא"... OK (ארזלא)
[8.7%] #2609: "Jastrow, אַרְזְנָאֵי"... OK (ארזנאי)
[8.7%] #2610: "Jastrow, אַרְזַפְתָּא I"... OK (ארזפתא)
[8.7%] #2611: "Jastrow, אַרְזַפְתָּא II"... duplicate
[8.7%] #2611: "Jastrow, אָרַח"... OK (ארח)
[8.7%] #2612: "Jastrow, אֲרַח"... duplicate
[8.7%] #2612: "Jastrow, אָרְחָא"... OK (ארחא)
[8.7%] #2613: "Jastrow, אַרְחָא"... duplicate
[8.7%] #2613: "Jastrow, אַרְטָא"... OK (ארטא)
[8.7%] #2614: "Jastrow, ארטבון"... OK (ארטבון)
[8.7%] #2615: "Jastrow, אַרְטְבִינָא"... OK (ארטבינא)
[8.7%] #2616: "Jastrow, ארטבלאי"... OK (ארטבלאי)
[8.7%] #2617: "Jastrow, אַרְטְבַן"... OK (ארטבן)
[8.7%] #2618: "Jastrow, אַרְטְבַנְיָא"... OK (ארטבניא)
[8.7%] #2619: "Jastrow, ארטיגוס"... OK (ארטיגוס)
[8.7%] #2620: "Jastrow, ארטיקנס"... OK (ארטיקנס)
[8.7%] #2621: "Jastrow, ארטל"... OK (ארטל)
[8.7%] #2622: "Jastrow, אַרְטְלָאֵי"... OK (ארטלאי)
[8.7%] #2623: "Jastrow, *ארטסיס"... OK (ארטסיס)
[8.7%] #2624: "Jastrow, אַרְטְקָפָא"... OK (ארטקפא)
[8.7%] #2625: "Jastrow, אֲרֵי"... OK (ארי)
[8.8%] #2626: "Jastrow, אֲרִי I"... duplicate
[8.8%] #2626: "Jastrow, ארי"... duplicate
[8.8%] #2626: "Jastrow, אֲרִי II"... duplicate
[8.8%] #2626: "Jastrow, אֲרִי"... duplicate
[8.8%] #2626: "Jastrow, אִרְיָא"... OK (אריא)
[8.8%] #2627: "Jastrow, אֲרִיאֵל"... OK (אריאל)
[8.8%] #2628: "Jastrow, אָרִיג"... OK (אריג)
[8.8%] #2629: "Jastrow, אֲרִיגָה"... OK (אריגה)
[8.8%] #2630: "Jastrow, אַרְיֵה"... duplicate
[8.8%] #2630: "Jastrow, *אריהון"... OK (אריהון)
[8.8%] #2631: "Jastrow, אַרְיָוָא"... OK (אריוא)
[8.8%] #2632: "Jastrow, אַרְיוֹךְ"... OK (אריוך)
[8.8%] #2633: "Jastrow, *אַרְיוֹס"... OK (אריוס)
[8.8%] #2634: "Jastrow, אריוסטו"... OK (אריוסטו)
[8.8%] #2635: "Jastrow, אָרִיחַ"... OK (אריח)
[8.8%] #2636: "Jastrow, אֲרִיחַ"... duplicate
[8.8%] #2636: "Jastrow, אָרִיחָא"... OK (אריחא)
[8.8%] #2637: "Jastrow, אֲרִיךְ I"... OK (אריך)
[8.8%] #2638: "Jastrow, אֲרִיךְ II"... duplicate
[8.8%] #2638: "Jastrow, אָרִיךְ"... duplicate
[8.8%] #2638: "Jastrow, אָרֵיךְ"... duplicate
[8.8%] #2638: "Jastrow, אָרֵיכָא"... OK (אריכא)
  [Saved progress: 2638 entries]
[8.8%] #2639: "Jastrow, *אֲרֵיכָא"... duplicate
[8.8%] #2639: "Jastrow, אֲרִיכָא"... duplicate
[8.8%] #2639: "Jastrow, אֲרִיכָה"... OK (אריכה)
[8.8%] #2640: "Jastrow, אֲרִיכוּתָא"... OK (אריכותא)
[8.8%] #2641: "Jastrow, אֲרֵיכוּתָא"... duplicate
[8.8%] #2641: "Jastrow, אֲרִים"... OK (ארים)
[8.8%] #2642: "Jastrow, אֱרִימִין"... OK (ארימין)
[8.8%] #2643: "Jastrow, *אָרִיס I"... OK (אריס)
[8.8%] #2644: "Jastrow, אָרִיס II"... duplicate
[8.8%] #2644: "Jastrow, אָרִיס"... duplicate
[8.8%] #2644: "Jastrow, אֲרִיס"... duplicate
[8.8%] #2644: "Jastrow, אֲרִיסָה"... OK (אריסה)
[8.8%] #2645: "Jastrow, אֲרִיסוּת"... OK (אריסות)
[8.8%] #2646: "Jastrow, אֲרִיסוּתָא"... OK (אריסותא)
[8.8%] #2647: "Jastrow, אֲרִיסְטָא"... OK (אריסטא)
[8.8%] #2648: "Jastrow, אֲרִיסְטוֹבּוֹלוֹס"... OK (אריסטובולוס)
[8.8%] #2649: "Jastrow, אריסטוון"... OK (אריסטוון)
[8.8%] #2650: "Jastrow, אֲרִיסְטוֹן I"... OK (אריסטון)
[8.8%] #2651: "Jastrow, אֲרִיסְטוֹן II"... duplicate
[8.8%] #2651: "Jastrow, אֲרִירָה"... OK (ארירה)
[8.8%] #2652: "Jastrow, אֲרִירָן"... OK (ארירן)
[8.8%] #2653: "Jastrow, אֲרִישָׂא"... OK (ארישא)
[8.8%] #2654: "Jastrow, אֲרִישְׂתָּא"... OK (ארישתא)
[8.8%] #2655: "Jastrow, אֲרִיתָא"... OK (אריתא)
[8.8%] #2656: "Jastrow, ארך"... OK (ארך)
[8.9%] #2657: "Jastrow, אָרֵךְ"... duplicate
[8.9%] #2657: "Jastrow, אֲרַךְ"... duplicate
[8.9%] #2657: "Jastrow, אֶרֶךְ"... duplicate
[8.9%] #2657: "Jastrow, אַרְכָא I"... OK (ארכא)
[8.9%] #2658: "Jastrow, אַרְכָא II"... duplicate
[8.9%] #2658: "Jastrow, אַרְכָא III"... duplicate
[8.9%] #2658: "Jastrow, *אַרְכַּבְתָּא"... OK (ארכבתא)
[8.9%] #2659: "Jastrow, אַרְכָה"... OK (ארכה)
[8.9%] #2660: "Jastrow, אַרְכּוּבָא"... OK (ארכובא)
[8.9%] #2661: "Jastrow, אַרְכּוּבָה"... OK (ארכובה)
[8.9%] #2662: "Jastrow, אַרְכּוּבְתָּא"... OK (ארכובתא)
[8.9%] #2663: "Jastrow, ארכוליפורין"... OK (ארכוליפורין)
[8.9%] #2664: "Jastrow, אַרְכוֹן"... OK (ארכון)
[8.9%] #2665: "Jastrow, אַרְכוֹנְטוֹס"... OK (ארכונטוס)
[8.9%] #2666: "Jastrow, *אַרְכּוֹף"... OK (ארכוף)
[8.9%] #2667: "Jastrow, אַרְכִי I"... OK (ארכי)
[8.9%] #2668: "Jastrow, אַרְכִי II"... duplicate
[8.9%] #2668: "Jastrow, אַרְכִי III"... duplicate
[8.9%] #2668: "Jastrow, ארכידיקי"... OK (ארכידיקי)
[8.9%] #2669: "Jastrow, אַרְכִיּוֹן"... OK (ארכיון)
[8.9%] #2670: "Jastrow, אַרְכִיטִיקְטוֹן"... OK (ארכיטיקטון)
[8.9%] #2671: "Jastrow, ארכילוסטקיא"... OK (ארכילוסטקיא)
[8.9%] #2672: "Jastrow, ארכיליסטוטין"... OK (ארכיליסטוטין)
[8.9%] #2673: "Jastrow, אַרְכִילֵיסְטֵיס"... OK (ארכיליסטיס)
[8.9%] #2674: "Jastrow, *אַרְכִילִיפּוֹרִין"... OK (ארכיליפורין)
[8.9%] #2675: "Jastrow, אָרְכֵיסְטֵיס"... OK (ארכיסטיס)
[8.9%] #2676: "Jastrow, *אַרְכִיסְטְרָאטֵיגוֹס"... OK (ארכיסטראטיגוס)
[8.9%] #2677: "Jastrow, ארכיסטריגוס"... OK (ארכיסטריגוס)
[8.9%] #2678: "Jastrow, ארכיסטריס"... OK (ארכיסטריס)
[8.9%] #2679: "Jastrow, ארכיקיטון"... OK (ארכיקיטון)
[8.9%] #2680: "Jastrow, ארכל"... OK (ארכל)
[8.9%] #2681: "Jastrow, אַרְכָן I"... OK (ארכן)
[8.9%] #2682: "Jastrow, אַרְכָן II"... duplicate
[8.9%] #2682: "Jastrow, אַרְכָנוּתָא"... OK (ארכנותא)
[8.9%] #2683: "Jastrow, *אַרְכְּסָא"... OK (ארכסא)
[8.9%] #2684: "Jastrow, ארכסטס"... OK (ארכסטס)
[8.9%] #2685: "Jastrow, ארכקפאן"... OK (ארכקפאן)
[8.9%] #2686: "Jastrow, *אַרְכַת"... OK (ארכת)
[9.0%] #2687: "Jastrow, *אַרְלָא"... OK (ארלא)
[9.0%] #2688: "Jastrow, אֲרָם"... OK (ארם)
[9.0%] #2689: "Jastrow, אֲרַמָּא"... OK (ארמא)
[9.0%] #2690: "Jastrow, אֲרָמָא"... duplicate
[9.0%] #2690: "Jastrow, אֲרַמָּאָה"... OK (ארמאה)
[9.0%] #2691: "Jastrow, אַרְמָאָה"... duplicate
[9.0%] #2691: "Jastrow, אַרְמַאי"... OK (ארמאי)
[9.0%] #2692: "Jastrow, אַרְמוֹן I"... OK (ארמון)
[9.0%] #2693: "Jastrow, *אַרְמוֹן II"... duplicate
[9.0%] #2693: "Jastrow, אַרְמוֹן III"... duplicate
[9.0%] #2693: "Jastrow, אָרָמוּתָא"... OK (ארמותא)
[9.0%] #2694: "Jastrow, אֲרַמִּי"... OK (ארמי)
[9.0%] #2695: "Jastrow, אֲרַמְיוּתָא"... OK (ארמיותא)
[9.0%] #2696: "Jastrow, אַרְמַי"... duplicate
[9.0%] #2696: "Jastrow, *אַרְמִילוֹס"... OK (ארמילוס)
[9.0%] #2697: "Jastrow, אַרְמִינְיָא"... OK (ארמיניא)
[9.0%] #2698: "Jastrow, אִרְמֵל"... OK (ארמל)
[9.0%] #2699: "Jastrow, אַרְמְלָא"... OK (ארמלא)
[9.0%] #2700: "Jastrow, ארמלגוס"... OK (ארמלגוס)
[9.0%] #2701: "Jastrow, אַרְמְלוּ"... OK (ארמלו)
[9.0%] #2702: "Jastrow, אַרְמַלְתָּא"... OK (ארמלתא)
[9.0%] #2703: "Jastrow, אַרְמֹן"... OK (ארמן)
[9.0%] #2704: "Jastrow, אַרְמַנְיָא"... OK (ארמניא)
[9.0%] #2705: "Jastrow, אַרְמַנִּיאָה"... OK (ארמניאה)
[9.0%] #2706: "Jastrow, אַרְמַנְיוֹס"... OK (ארמניוס)
[9.0%] #2707: "Jastrow, אַרְמְנָיָיא"... OK (ארמנייא)
[9.0%] #2708: "Jastrow, אַרְמַנְיָיאֵי"... OK (ארמנייאי)
[9.0%] #2709: "Jastrow, אָרֹן"... OK (ארן)
[9.0%] #2710: "Jastrow, אֹרֶן"... duplicate
[9.0%] #2710: "Jastrow, אַרְנָא"... OK (ארנא)
[9.0%] #2711: "Jastrow, אַרְנָב"... OK (ארנב)
[9.0%] #2712: "Jastrow, אַרְנְבָא"... OK (ארנבא)
[9.0%] #2713: "Jastrow, אַרְנֶבֶת"... OK (ארנבת)
[9.0%] #2714: "Jastrow, אַרְנַבְתָּא"... OK (ארנבתא)
[9.0%] #2715: "Jastrow, ארנון"... OK (ארנון)
[9.0%] #2716: "Jastrow, *אַרְנוֹן I"... duplicate
[9.0%] #2716: "Jastrow, אַרְנוֹן II"... duplicate
  [Saved progress: 2715 entries]
[9.0%] #2716: "Jastrow, אָרְנָטוּס"... OK (ארנטוס)
[9.1%] #2717: "Jastrow, ארנטס"... OK (ארנטס)
[9.1%] #2718: "Jastrow, ארנני"... OK (ארנני)
[9.1%] #2719: "Jastrow, אֲרַנְסֵי"... OK (ארנסי)
[9.1%] #2720: "Jastrow, אַרְנְקָא"... OK (ארנקא)
[9.1%] #2721: "Jastrow, אַרְנְקַי"... OK (ארנקי)
[9.1%] #2722: "Jastrow, ארנקפאן"... OK (ארנקפאן)
[9.1%] #2723: "Jastrow, ארנתא"... OK (ארנתא)
[9.1%] #2724: "Jastrow, אֶרֶס"... OK (ארס)
[9.1%] #2725: "Jastrow, אֶרֶס ²"... duplicate
[9.1%] #2725: "Jastrow, אָרַס"... duplicate
[9.1%] #2725: "Jastrow, אֲרַס"... duplicate
[9.1%] #2725: "Jastrow, אֲרִסְט־"... OK (ארסט)
[9.1%] #2726: "Jastrow, *ארסקינון"... OK (ארסקינון)
[9.1%] #2727: "Jastrow, אָרְסְקִינָס"... OK (ארסקינס)
[9.1%] #2728: "Jastrow, אָרַע"... OK (ארע)
[9.1%] #2729: "Jastrow, אֲרַע I"... duplicate
[9.1%] #2729: "Jastrow, *אָרַע II"... duplicate
[9.1%] #2729: "Jastrow, אֲרַע II"... duplicate
[9.1%] #2729: "Jastrow, אַרַע"... duplicate
[9.1%] #2729: "Jastrow, אִרְעָא"... OK (ארעא)
[9.1%] #2730: "Jastrow, אַרְעָא"... duplicate
[9.1%] #2730: "Jastrow, אַרְעָאָה"... OK (ארעאה)
[9.1%] #2731: "Jastrow, אַרְעַי"... OK (ארעי)
[9.1%] #2732: "Jastrow, אַרְעָיָיא"... OK (ארעייא)
[9.1%] #2733: "Jastrow, אַרְעִית"... OK (ארעית)
[9.1%] #2734: "Jastrow, אַרְעִיתָא"... OK (ארעיתא)
[9.1%] #2735: "Jastrow, ארפכוסיא"... OK (ארפכוסיא)
[9.1%] #2736: "Jastrow, אַרְפְּכָס"... OK (ארפכס)
[9.1%] #2737: "Jastrow, ארפכסת"... OK (ארפכסת)
[9.1%] #2738: "Jastrow, אֶרֶץ"... OK (ארץ)
[9.1%] #2739: "Jastrow, *אַרְצוּת"... OK (ארצות)
[9.1%] #2740: "Jastrow, אֲרָק"... OK (ארק)
[9.1%] #2741: "Jastrow, אַרְקָא I"... OK (ארקא)
[9.1%] #2742: "Jastrow, אַרְקָא II"... duplicate
[9.1%] #2742: "Jastrow, אַרְקַבְטָא"... OK (ארקבטא)
[9.1%] #2743: "Jastrow, ארקבסא"... OK (ארקבסא)
[9.1%] #2744: "Jastrow, ארקולאון"... OK (ארקולאון)
[9.1%] #2745: "Jastrow, אַרְקוּלְיָאנֵי"... OK (ארקוליאני)
[9.2%] #2746: "Jastrow, *ארקילין"... OK (ארקילין)
[9.2%] #2747: "Jastrow, *אִרְקִין"... OK (ארקין)
[9.2%] #2748: "Jastrow, ארקלין"... OK (ארקלין)
[9.2%] #2749: "Jastrow, ארקליס"... OK (ארקליס)
[9.2%] #2750: "Jastrow, אַרְקַפְטָא"... OK (ארקפטא)
[9.2%] #2751: "Jastrow, אַרְקְתָא I"... OK (ארקתא)
[9.2%] #2752: "Jastrow, אַרְקְתָא II"... duplicate
[9.2%] #2752: "Jastrow, *אַרְקְתָא III"... duplicate
[9.2%] #2752: "Jastrow, אָרַר"... OK (ארר)
[9.2%] #2753: "Jastrow, אֲרַר"... duplicate
[9.2%] #2753: "Jastrow, אֲרָרָן"... OK (אררן)
[9.2%] #2754: "Jastrow, *אָרַשׁ"... OK (ארש)
[9.2%] #2755: "Jastrow, אָרְתּוּסְיָיה"... OK (ארתוסייה)
[9.2%] #2756: "Jastrow, ארתוקופיון"... OK (ארתוקופיון)
[9.2%] #2757: "Jastrow, אַרְתִּיכָּא"... OK (ארתיכא)
[9.2%] #2758: "Jastrow, אֵשׁ"... OK (אש)
[9.2%] #2759: "Jastrow, אֶשָּׁא"... OK (אשא)
[9.2%] #2760: "Jastrow, אֻשָּׁא"... duplicate
[9.2%] #2760: "Jastrow, אָשָׁא"... duplicate
[9.2%] #2760: "Jastrow, *אֲשַׁב"... OK (אשב)
[9.2%] #2761: "Jastrow, אֶשְׁבֹּורָן"... OK (אשבורן)
[9.2%] #2762: "Jastrow, אשברוע"... OK (אשברוע)
[9.2%] #2763: "Jastrow, אַשְׁגָּרָה"... OK (אשגרה)
[9.2%] #2764: "Jastrow, אֲשַׁד"... OK (אשד)
[9.2%] #2765: "Jastrow, אִשְׁדַּוְותָא"... OK (אשדוותא)
[9.2%] #2766: "Jastrow, אַשְׁדָּתָא"... OK (אשדתא)
[9.2%] #2767: "Jastrow, אִשָּׁה"... OK (אשה)
[9.2%] #2768: "Jastrow, אִשֶּׁה"... duplicate
[9.2%] #2768: "Jastrow, אַשְׁוָה"... OK (אשוה)
[9.2%] #2769: "Jastrow, אשוון"... OK (אשוון)
[9.2%] #2770: "Jastrow, אֲשׁוּחֵי"... OK (אשוחי)
[9.2%] #2771: "Jastrow, אַשְׁוָיָא"... OK (אשויא)
[9.2%] #2772: "Jastrow, אֲשׁוּן"... OK (אשון)
[9.2%] #2773: "Jastrow, אָשׁוּן"... duplicate
[9.2%] #2773: "Jastrow, אָשׁוּנָא"... OK (אשונא)
[9.2%] #2774: "Jastrow, אֲשׁוּר"... OK (אשור)
[9.2%] #2775: "Jastrow, אַשּׁוּר"... duplicate
[9.2%] #2775: "Jastrow, אַשּׁוּרִי"... OK (אשורי)
[9.3%] #2776: "Jastrow, אָשׁוּת"... OK (אשות)
[9.3%] #2777: "Jastrow, אָשׁוּתָא"... OK (אשותא)
[9.3%] #2778: "Jastrow, אַשְוָתָא"... duplicate
[9.3%] #2778: "Jastrow, *אַשְׁזוֹן"... OK (אשזון)
[9.3%] #2779: "Jastrow, אַשְׁחוּר"... OK (אשחור)
[9.3%] #2780: "Jastrow, אשטטיון"... OK (אשטטיון)
[9.3%] #2781: "Jastrow, אַשֵּׁי"... OK (אשי)
[9.3%] #2782: "Jastrow, אַשְׁיָאן"... OK (אשיאן)
[9.3%] #2783: "Jastrow, אֲשִׁיבְתָּא"... OK (אשיבתא)
[9.3%] #2784: "Jastrow, אֲשֵׁיד"... OK (אשיד)
[9.3%] #2785: "Jastrow, אַשְׁיוֹת"... OK (אשיות)
[9.3%] #2786: "Jastrow, אֲשִׁימָא"... OK (אשימא)
[9.3%] #2787: "Jastrow, אָשִׁין"... OK (אשין)
[9.3%] #2788: "Jastrow, אשינא"... OK (אשינא)
[9.3%] #2789: "Jastrow, אֲשֵׁירָא"... OK (אשירא)
[9.3%] #2790: "Jastrow, אֲשֵׁירָה"... OK (אשירה)
[9.3%] #2791: "Jastrow, אֲשֵׁירתָּא"... OK (אשירתא)
[9.3%] #2792: "Jastrow, אֲשִׁישָׁא"... OK (אשישא)
[9.3%] #2793: "Jastrow, אֲשִׁישָׁה"... OK (אשישה)
[9.3%] #2794: "Jastrow, אֲשִׁישְׁיַין"... OK (אשישיין)
[9.3%] #2795: "Jastrow, אֲשִׁישִׁים"... OK (אשישים)
[9.3%] #2796: "Jastrow, אָשִׁית"... OK (אשית)
[9.3%] #2797: "Jastrow, אשית"... duplicate
  [Saved progress: 2796 entries]
[9.3%] #2797: "Jastrow, אַשְׁיְתָא"... OK (אשיתא)
[9.3%] #2798: "Jastrow, אֲשִׁיתָּא"... duplicate
[9.3%] #2798: "Jastrow, אֶשֶׁךְ"... OK (אשך)
[9.3%] #2799: "Jastrow, אַשְׁכַּבְתָּא I"... OK (אשכבתא)
[9.3%] #2800: "Jastrow, אַשְׁכַּבְתָּא II"... duplicate
[9.3%] #2800: "Jastrow, אֶשְׁכּוֹל"... OK (אשכול)
[9.3%] #2801: "Jastrow, אַשְׁכִּי"... OK (אשכי)
[9.3%] #2802: "Jastrow, אֶשְׁכֹּל"... OK (אשכל)
[9.3%] #2803: "Jastrow, אַשְׁכָּף"... OK (אשכף)
[9.3%] #2804: "Jastrow, אשכפא"... OK (אשכפא)
[9.3%] #2805: "Jastrow, אֶשְׁכְּרָא"... OK (אשכרא)
[9.3%] #2806: "Jastrow, אֶשְׁכְּרוֹעַ"... OK (אשכרוע)
[9.4%] #2807: "Jastrow, אֶשְׁכְּרוֹעָא"... OK (אשכרועא)
[9.4%] #2808: "Jastrow, אֶשְׁכַּרְתִּי"... OK (אשכרתי)
[9.4%] #2809: "Jastrow, אֵשֶׁל"... OK (אשל)
[9.4%] #2810: "Jastrow, אֶשְׁלָא"... OK (אשלא)
[9.4%] #2811: "Jastrow, אַשְׁלָא"... duplicate
[9.4%] #2811: "Jastrow, אַשְׁלֵג"... OK (אשלג)
[9.4%] #2812: "Jastrow, אַשְׁלְגָא"... OK (אשלגא)
[9.4%] #2813: "Jastrow, אַשְׁלִימוּ"... OK (אשלימו)
[9.4%] #2814: "Jastrow, אשלך"... OK (אשלך)
[9.4%] #2815: "Jastrow, אַשְׁלָמוּ"... OK (אשלמו)
[9.4%] #2816: "Jastrow, אָשַׁם"... OK (אשם)
[9.4%] #2817: "Jastrow, אָשָׁם"... duplicate
[9.4%] #2817: "Jastrow, אַשְׁמָא"... OK (אשמא)
[9.4%] #2818: "Jastrow, אֲשָׁמָא"... duplicate
[9.4%] #2818: "Jastrow, אַשְׁמַאי"... OK (אשמאי)
[9.4%] #2819: "Jastrow, אַשְׁמְדַאי"... OK (אשמדאי)
[9.4%] #2820: "Jastrow, אַשְׁמָה"... OK (אשמה)
[9.4%] #2821: "Jastrow, אַשְׁמוֹרָה"... OK (אשמורה)
[9.4%] #2822: "Jastrow, אַשְׁמָיָא"... OK (אשמיא)
[9.4%] #2823: "Jastrow, אַשְׁמַיי"... OK (אשמיי)
[9.4%] #2824: "Jastrow, אֲשַׁן"... OK (אשן)
[9.4%] #2825: "Jastrow, אָשְׁנָא"... OK (אשנא)
[9.4%] #2826: "Jastrow, אַשָּׁף"... OK (אשף)
[9.4%] #2827: "Jastrow, אַשָּׁף ²"... duplicate
[9.4%] #2827: "Jastrow, *אַשְׁפָּא"... OK (אשפא)
[9.4%] #2828: "Jastrow, אַשְׁפָּה"... OK (אשפה)
[9.4%] #2829: "Jastrow, אַשְׁפּוֹרֵי"... OK (אשפורי)
[9.4%] #2830: "Jastrow, אַשְׁפְּלָה"... OK (אשפלה)
[9.4%] #2831: "Jastrow, אֶשְׁפָּר"... OK (אשפר)
[9.4%] #2832: "Jastrow, אַשְׁפָּרָא"... OK (אשפרא)
[9.4%] #2833: "Jastrow, אַשְׁפֹּת"... OK (אשפת)
[9.4%] #2834: "Jastrow, אַשְׁקוּקָה"... OK (אשקוקה)
[9.4%] #2835: "Jastrow, אַשְׁקְלוֹן"... OK (אשקלון)
[9.4%] #2836: "Jastrow, אַשְׁקַלְתָּא"... OK (אשקלתא)
[9.5%] #2837: "Jastrow, אִשְׁקָק"... OK (אשקק)
[9.5%] #2838: "Jastrow, אֲשֶׁר"... OK (אשר)
[9.5%] #2839: "Jastrow, אָשַׁר"... duplicate
[9.5%] #2839: "Jastrow, אֲשַׁר"... duplicate
[9.5%] #2839: "Jastrow, אֶשֶׁר"... duplicate
[9.5%] #2839: "Jastrow, אַשָּׁרָא"... OK (אשרא)
[9.5%] #2840: "Jastrow, אַשְּׁרָאֵי"... OK (אשראי)
[9.5%] #2841: "Jastrow, אַשְׁרַאי"... duplicate
[9.5%] #2841: "Jastrow, אַשָּׁרָה"... OK (אשרה)
[9.5%] #2842: "Jastrow, אֲשֵׁרָה"... duplicate
[9.5%] #2842: "Jastrow, אַשְׁרֵי"... OK (אשרי)
[9.5%] #2843: "Jastrow, אַשְּׁרָיוּתָא"... OK (אשריותא)
[9.5%] #2844: "Jastrow, אֻשַּׁרְנָא"... OK (אשרנא)
[9.5%] #2845: "Jastrow, אֲשַׁרְתָּא"... OK (אשרתא)
[9.5%] #2846: "Jastrow, אַשַּׁרְתָּא"... duplicate
[9.5%] #2846: "Jastrow, אָשַׁשׁ"... OK (אשש)
[9.5%] #2847: "Jastrow, אֶשֶׁשׁ"... duplicate
[9.5%] #2847: "Jastrow, אֲשָׁשִׁיתָא"... OK (אששיתא)
[9.5%] #2848: "Jastrow, אשת"... OK (אשת)
[9.5%] #2849: "Jastrow, אֶשָּׁתָא"... OK (אשתא)
[9.5%] #2850: "Jastrow, אִשְׁתָּא"... duplicate
[9.5%] #2850: "Jastrow, אֶשְׁתָּאָה"... OK (אשתאה)
[9.5%] #2851: "Jastrow, אֶשְׁתָּדָא"... OK (אשתדא)
[9.5%] #2852: "Jastrow, אֶשְׁתַּדּוּר"... OK (אשתדור)
[9.5%] #2853: "Jastrow, *אִשְׁתְּדָיוּתָא"... OK (אשתדיותא)
[9.5%] #2854: "Jastrow, אשתווא"... OK (אשתווא)
[9.5%] #2855: "Jastrow, *אֶשׁתּוֹמָּא"... OK (אשתומא)
[9.5%] #2856: "Jastrow, אֶשְׁתּוֹמַם"... OK (אשתומם)
[9.5%] #2857: "Jastrow, אשתונית"... OK (אשתונית)
[9.5%] #2858: "Jastrow, אַשְׁתּוֹר"... OK (אשתור)
[9.5%] #2859: "Jastrow, אִשְׁתַּטִּית"... OK (אשתטית)
[9.5%] #2860: "Jastrow, *אִשְׁתַּיָּמָא"... OK (אשתימא)
[9.5%] #2861: "Jastrow, אשתי"... OK (אשתי)
[9.5%] #2862: "Jastrow, אשתין"... OK (אשתין)
[9.5%] #2863: "Jastrow, אִשְׁתִּיתָא"... OK (אשתיתא)
[9.5%] #2864: "Jastrow, אִשְׁתַּלְהָיוּתָא"... OK (אשתלהיותא)
[9.5%] #2865: "Jastrow, אִשְׁתְּמוֹדַע I"... OK (אשתמודע)
[9.6%] #2866: "Jastrow, אִשְׁתְּמוֹדַע II"... duplicate
[9.6%] #2866: "Jastrow, אִשְׁתְּמוֹדָעוּתָא"... OK (אשתמודעותא)
[9.6%] #2867: "Jastrow, אִשְׁתְּמָמוּ"... OK (אשתממו)
[9.6%] #2868: "Jastrow, אֶשְׁתְּסַר"... OK (אשתסר)
[9.6%] #2869: "Jastrow, אִשְׁתָּעוּתָא"... OK (אשתעותא)
[9.6%] #2870: "Jastrow, אִשְׁתַּעֲמָמוּ"... OK (אשתעממו)
[9.6%] #2871: "Jastrow, אֶשְׁתָּקַד"... OK (אשתקד)
[9.6%] #2872: "Jastrow, אִשְׁתְּרָיוּתָא"... OK (אשתריותא)
[9.6%] #2873: "Jastrow, א"ת"... OK (את)
[9.6%] #2874: "Jastrow, אִתְ־"... duplicate
[9.6%] #2874: "Jastrow, אַתְּ"... duplicate
[9.6%] #2874: "Jastrow, אָת"... duplicate
[9.6%] #2874: "Jastrow, אֵת"... duplicate
[9.6%] #2874: "Jastrow, אָתָא I"... OK (אתא)
[9.6%] #2875: "Jastrow, אֲתָא"... duplicate
[9.6%] #2875: "Jastrow, *אָתָא III"... duplicate
[9.6%] #2875: "Jastrow, אֲתָאנַסְיָא"... OK (אתאנסיא)
  [Saved progress: 2875 entries]
[9.6%] #2876: "Jastrow, אִתְּדָשָׁא"... OK (אתדשא)
[9.6%] #2877: "Jastrow, אַתָּה"... OK (אתה)
[9.6%] #2878: "Jastrow, אִתּוּ"... OK (אתו)
[9.6%] #2879: "Jastrow, אַתּוּ"... duplicate
[9.6%] #2879: "Jastrow, אַתְוָא"... OK (אתוא)
[9.6%] #2880: "Jastrow, אִתּוֹדָאָה"... OK (אתודאה)
[9.6%] #2881: "Jastrow, אַתּוּן"... OK (אתון)
[9.6%] #2882: "Jastrow, אַתּוּנָא I"... OK (אתונא)
[9.6%] #2883: "Jastrow, אַתּוּנָא II"... duplicate
[9.6%] #2883: "Jastrow, אֱתוּנָא"... duplicate
[9.6%] #2883: "Jastrow, אַתּוּר"... OK (אתור)
[9.6%] #2884: "Jastrow, *אֲתוּרִין"... OK (אתורין)
[9.6%] #2885: "Jastrow, אִתְחוֹלֵי"... OK (אתחולי)
[9.6%] #2886: "Jastrow, אַתְחַלְתָּא"... OK (אתחלתא)
[9.6%] #2887: "Jastrow, אִתְחֲנוּנָתָא"... OK (אתחנונתא)
[9.6%] #2888: "Jastrow, *אַתִּיךְ"... OK (אתיך)
[9.6%] #2889: "Jastrow, אַתִּינָה"... OK (אתינה)
[9.6%] #2890: "Jastrow, אַתִּינָס"... OK (אתינס)
[9.6%] #2891: "Jastrow, אַתָּכוּתָא"... OK (אתכותא)
[9.6%] #2892: "Jastrow, אֶתְכָּלָא"... OK (אתכלא)
[9.6%] #2893: "Jastrow, אִתְכְּנָעוּ"... OK (אתכנעו)
[9.6%] #2894: "Jastrow, אִתְכַּפְיָאִיתָא"... OK (אתכפיאיתא)
[9.6%] #2895: "Jastrow, אַתְלִיטֵיס"... OK (אתליטיס)
[9.7%] #2896: "Jastrow, אֶתְמְהָא"... OK (אתמהא)
[9.7%] #2897: "Jastrow, אֶתְמוֹל"... OK (אתמול)
[9.7%] #2898: "Jastrow, אִתְּמוֹל"... duplicate
[9.7%] #2898: "Jastrow, אִתְמַכָּכוּתָא"... OK (אתמככותא)
[9.7%] #2899: "Jastrow, אִתְמְלוּכָא"... OK (אתמלוכא)
[9.7%] #2900: "Jastrow, אִתְמְנָיוּתָא"... OK (אתמניותא)
[9.7%] #2901: "Jastrow, אֵתָן"... OK (אתן)
[9.7%] #2902: "Jastrow, אתנא"... OK (אתנא)
[9.7%] #2903: "Jastrow, אַתְנָא"... duplicate
[9.7%] #2903: "Jastrow, אַתְּנוּ"... OK (אתנו)
[9.7%] #2904: "Jastrow, אִתְנִיס"... OK (אתניס)
[9.7%] #2905: "Jastrow, אתניסאה"... OK (אתניסאה)
[9.7%] #2906: "Jastrow, אֶתְנָן"... OK (אתנן)
[9.7%] #2907: "Jastrow, אַתָּנָסִיאָה"... OK (אתנסיאה)
[9.7%] #2908: "Jastrow, אִתְנְשָׁאָה"... OK (אתנשאה)
[9.7%] #2909: "Jastrow, אַתְעָרוּתָא"... OK (אתערותא)
[9.7%] #2910: "Jastrow, אתפלגות"... OK (אתפלגות)
[9.7%] #2911: "Jastrow, אִתְקוּטְלָא"... OK (אתקוטלא)
[9.7%] #2912: "Jastrow, אִתְקְטָלָא"... OK (אתקטלא)
[9.7%] #2913: "Jastrow, אִתְקְפָדַת"... OK (אתקפדת)
[9.7%] #2914: "Jastrow, אַתְקַפְתָּא"... OK (אתקפתא)
[9.7%] #2915: "Jastrow, אָתַר"... OK (אתר)
[9.7%] #2916: "Jastrow, אִתְרַבְרָבוּתָא"... OK (אתרברבותא)
[9.7%] #2917: "Jastrow, אִתְרְגוּשָׁא"... OK (אתרגושא)
[9.7%] #2918: "Jastrow, אֶתְרוֹג"... OK (אתרוג)
[9.7%] #2919: "Jastrow, אַתְרוֹגָא"... OK (אתרוגא)
[9.7%] #2920: "Jastrow, אֶתְרוּנְגָּא"... OK (אתרונגא)
[9.7%] #2921: "Jastrow, אַתְרוּתָא"... OK (אתרותא)
[9.7%] #2922: "Jastrow, אִתְרַחֲצָא"... OK (אתרחצא)
[9.7%] #2923: "Jastrow, אִתְּרִיס"... OK (אתריס)
[9.7%] #2924: "Jastrow, אתריסת"... OK (אתריסת)
[9.7%] #2925: "Jastrow, אִתְּרַן"... OK (אתרן)
[9.8%] #2926: "Jastrow, אִתְרַשְׁלוּתָא"... OK (אתרשלותא)
[9.8%] #2927: "Jastrow, אִתְּתָא"... OK (אתתא)
[9.8%] #2928: "Jastrow, ב"... OK (ב)
[9.8%] #2929: "Jastrow, ב ²"... duplicate
[9.8%] #2929: "Jastrow, ב׳"... duplicate
[9.8%] #2929: "Jastrow, בְּ־ I"... duplicate
[9.8%] #2929: "Jastrow, בְּ־ II"... duplicate
[9.8%] #2929: "Jastrow, בָּא I"... OK (בא)
[9.8%] #2930: "Jastrow, *בָּא II"... duplicate
[9.8%] #2930: "Jastrow, בָּא III"... duplicate
[9.8%] #2930: "Jastrow, בָּאב"... OK (באב)
[9.8%] #2931: "Jastrow, בָּאגָא"... OK (באגא)
[9.8%] #2932: "Jastrow, באגדתא"... OK (באגדתא)
[9.8%] #2933: "Jastrow, באגון"... OK (באגון)
[9.8%] #2934: "Jastrow, *בָּאגָנָא"... OK (באגנא)
[9.8%] #2935: "Jastrow, בָּאדָן"... OK (באדן)
[9.8%] #2936: "Jastrow, באהי"... OK (באהי)
[9.8%] #2937: "Jastrow, בְּאוּשָׁה"... OK (באושה)
[9.8%] #2938: "Jastrow, בָּאוָת"... OK (באות)
[9.8%] #2939: "Jastrow, באזוזי"... OK (באזוזי)
[9.8%] #2940: "Jastrow, באזיאדן"... OK (באזיאדן)
[9.8%] #2941: "Jastrow, בָּאזְיָארָן"... OK (באזיארן)
[9.8%] #2942: "Jastrow, בָּאטָא"... OK (באטא)
[9.8%] #2943: "Jastrow, בָּאטִי"... OK (באטי)
[9.8%] #2944: "Jastrow, באטין"... OK (באטין)
[9.8%] #2945: "Jastrow, *בָּאיָין"... OK (באיין)
[9.8%] #2946: "Jastrow, בְּאִימָה"... OK (באימה)
[9.8%] #2947: "Jastrow, בְּאִינָה"... OK (באינה)
[9.8%] #2948: "Jastrow, בְּאֵיר"... OK (באיר)
[9.8%] #2949: "Jastrow, בְּאֵישׁ"... OK (באיש)
[9.8%] #2950: "Jastrow, בְּאִישָׁא"... OK (באישא)
[9.8%] #2951: "Jastrow, באישה"... OK (באישה)
[9.8%] #2952: "Jastrow, בְּאִישׁוּת"... OK (באישות)
[9.8%] #2953: "Jastrow, בָּאִית"... OK (באית)
[9.8%] #2954: "Jastrow, בָּאלָא"... OK (באלא)
[9.8%] #2955: "Jastrow, בָּאלוֹשָׁא"... OK (באלושא)
[9.8%] #2956: "Jastrow, בָּאלֵי"... OK (באלי)
[9.9%] #2957: "Jastrow, בָּאלִי"... duplicate
[9.9%] #2957: "Jastrow, *באמי"... OK (באמי)
[9.9%] #2958: "Jastrow, *באנטרין"... OK (באנטרין)
[9.9%] #2959: "Jastrow, בַּאנִּי"... OK (באני)
[9.9%] #2960: "Jastrow, בַּאנְיָא"... OK (באניא)
[9.9%] #2961: "Jastrow, בָּאצֵי"... OK (באצי)
[9.9%] #2962: "Jastrow, בָּאַר"... OK (באר)
[9.9%] #2963: "Jastrow, בְּאַר"... duplicate
  [Saved progress: 2962 entries]
[9.9%] #2963: "Jastrow, בְּאֵר"... duplicate
[9.9%] #2963: "Jastrow, בְּאֵרָא"... OK (בארא)
[9.9%] #2964: "Jastrow, בָּארַג"... OK (בארג)
[9.9%] #2965: "Jastrow, בְּאֵרַי"... OK (בארי)
[9.9%] #2966: "Jastrow, בָּאַשׁ"... OK (באש)
[9.9%] #2967: "Jastrow, בָּאתַר"... OK (באתר)
[9.9%] #2968: "Jastrow, בָּב"... OK (בב)
[9.9%] #2969: "Jastrow, בָּב II"... duplicate
[9.9%] #2969: "Jastrow, בָּבָא I"... OK (בבא)
[9.9%] #2970: "Jastrow, בָּבָא II"... duplicate
[9.9%] #2970: "Jastrow, בָּבָה"... OK (בבה)
[9.9%] #2971: "Jastrow, בָּבוּ"... OK (בבו)
[9.9%] #2972: "Jastrow, בָּבוּאָה"... OK (בבואה)
[9.9%] #2973: "Jastrow, בָּבוּיָיא"... OK (בבוייא)
[9.9%] #2974: "Jastrow, בֵּבַי"... OK (בבי)
[9.9%] #2975: "Jastrow, בָּבִיתָא I"... OK (בביתא)
[9.9%] #2976: "Jastrow, *בָּבִיתָא II"... duplicate
[9.9%] #2976: "Jastrow, *בָּבִיתִין"... OK (בביתין)
[9.9%] #2977: "Jastrow, בָּבֶל"... OK (בבל)
[9.9%] #2978: "Jastrow, בַּבְלָאָה"... OK (בבלאה)
[9.9%] #2979: "Jastrow, בַּבְלוֹן"... OK (בבלון)
[9.9%] #2980: "Jastrow, בַּבְלִי"... OK (בבלי)
[9.9%] #2981: "Jastrow, בַּבְלָיָיא"... OK (בבלייא)
[9.9%] #2982: "Jastrow, בבליקון"... OK (בבליקון)
[9.9%] #2983: "Jastrow, בַּבְלִיתָא"... OK (בבליתא)
[9.9%] #2984: "Jastrow, בְּבָעוּ"... OK (בבעו)
[9.9%] #2985: "Jastrow, בַּבְתָּא"... OK (בבתא)
[10.0%] #2986: "Jastrow, בָּבְתָא"... duplicate
[10.0%] #2986: "Jastrow, בַּג"... OK (בג)
[10.0%] #2987: "Jastrow, בָּגָא"... OK (בגא)
[10.0%] #2988: "Jastrow, בָּגַד"... OK (בגד)
[10.0%] #2989: "Jastrow, בֶּגֶד"... duplicate
[10.0%] #2989: "Jastrow, בַּגְדָּא"... OK (בגדא)
[10.0%] #2990: "Jastrow, *בגדל"... OK (בגדל)
[10.0%] #2991: "Jastrow, בַּגְדַּת"... OK (בגדת)
[10.0%] #2992: "Jastrow, בַּגְדַתָּאָה"... OK (בגדתאה)
[10.0%] #2993: "Jastrow, *בגומא"... OK (בגומא)
[10.0%] #2994: "Jastrow, בְּגִידָה"... OK (בגידה)
[10.0%] #2995: "Jastrow, בְּגִין"... OK (בגין)
[10.0%] #2996: "Jastrow, *בַּגִּיר"... OK (בגיר)
[10.0%] #2997: "Jastrow, בִּגְלָאי"... OK (בגלאי)
[10.0%] #2998: "Jastrow, *בגלטורי"... OK (בגלטורי)
[10.0%] #2999: "Jastrow, בָּגַן"... OK (בגן)
[10.0%] #3000: "Jastrow, בָּגַר"... OK (בגר)
[10.0%] #3001: "Jastrow, בְּגַר"... duplicate
[10.0%] #3001: "Jastrow, בֶּגֶר"... duplicate
[10.0%] #3001: "Jastrow, בַּגָּר"... duplicate
[10.0%] #3001: "Jastrow, בגרון"... OK (בגרון)
[10.0%] #3002: "Jastrow, בגרונדי"... OK (בגרונדי)
[10.0%] #3003: "Jastrow, בַּגְרוּת"... OK (בגרות)
[10.0%] #3004: "Jastrow, בִּדְּ־"... OK (בד)
[10.0%] #3005: "Jastrow, *בַּד I"... duplicate
[10.0%] #3005: "Jastrow, בַּד II"... duplicate
[10.0%] #3005: "Jastrow, בַּד III"... duplicate
[10.0%] #3005: "Jastrow, בַּד IV"... duplicate
[10.0%] #3005: "Jastrow, בַּד  V"... duplicate
[10.0%] #3005: "Jastrow, בַּדָּא I"... OK (בדא)
[10.0%] #3006: "Jastrow, בַּדָּא II"... duplicate
[10.0%] #3006: "Jastrow, בָּדָא"... duplicate
[10.0%] #3006: "Jastrow, בְּדָא"... duplicate
[10.0%] #3006: "Jastrow, בַּדָּאָה"... OK (בדאה)
[10.0%] #3007: "Jastrow, בַּדָּאוּת"... OK (בדאות)
[10.0%] #3008: "Jastrow, בַּדַּאי"... OK (בדאי)
[10.0%] #3009: "Jastrow, בָּדָאן"... OK (בדאן)
[10.0%] #3010: "Jastrow, בָּדַד"... OK (בדד)
[10.0%] #3011: "Jastrow, בָּדָד"... duplicate
[10.0%] #3011: "Jastrow, בַּדָּד"... duplicate
[10.0%] #3011: "Jastrow, בדדיות"... OK (בדדיות)
[10.0%] #3012: "Jastrow, *בְּדָדִין"... OK (בדדין)
[10.0%] #3013: "Jastrow, בָּדָה"... OK (בדה)
[10.0%] #3014: "Jastrow, בְּדָה"... duplicate
[10.0%] #3014: "Jastrow, בדו"... OK (בדו)
[10.0%] #3015: "Jastrow, בְּדוּבַר"... OK (בדובר)
[10.1%] #3016: "Jastrow, בדודיות"... OK (בדודיות)
[10.1%] #3017: "Jastrow, בָּדוֹחָא"... OK (בדוחא)
[10.1%] #3018: "Jastrow, בְּדוֹחָא"... duplicate
[10.1%] #3018: "Jastrow, בָּדוּי"... OK (בדוי)
[10.1%] #3019: "Jastrow, בְּדוֹלַח"... OK (בדולח)
[10.1%] #3020: "Jastrow, בְּדוּלְחָא"... OK (בדולחא)
[10.1%] #3021: "Jastrow, בדולקי"... OK (בדולקי)
[10.1%] #3022: "Jastrow, בָּדוּקָא"... OK (בדוקא)
[10.1%] #3023: "Jastrow, בְּדוּקִי"... OK (בדוקי)
[10.1%] #3024: "Jastrow, בִּדּוּר"... OK (בדור)
[10.1%] #3025: "Jastrow, בדורוילו"... OK (בדורוילו)
[10.1%] #3026: "Jastrow, בָּדוּתָא"... OK (בדותא)
[10.1%] #3027: "Jastrow, בְּדַח"... OK (בדח)
[10.1%] #3028: "Jastrow, בדי"... OK (בדי)
[10.1%] #3029: "Jastrow, בְּדִי I"... duplicate
[10.1%] #3029: "Jastrow, בְּדִי II"... duplicate
[10.1%] #3029: "Jastrow, בדי ²"... duplicate
[10.1%] #3029: "Jastrow, בְּדִיאֵי"... OK (בדיאי)
[10.1%] #3030: "Jastrow, בָּדִיד"... OK (בדיד)
[10.1%] #3031: "Jastrow, בְּדִידָה"... OK (בדידה)
[10.1%] #3032: "Jastrow, בַּדָּיוּת"... OK (בדיות)
[10.1%] #3033: "Jastrow, בְּדִיחַ"... OK (בדיח)
[10.1%] #3034: "Jastrow, בְּדִיחָא"... OK (בדיחא)
[10.1%] #3035: "Jastrow, בְּדִיחוּתָא"... OK (בדיחותא)
[10.1%] #3036: "Jastrow, *בְּדַיְנֵיי"... OK (בדיניי)
[10.1%] #3037: "Jastrow, בְּדִיל"... OK (בדיל)
[10.1%] #3038: "Jastrow, בְּדִילָה"... OK (בדילה)
  [Saved progress: 3038 entries]
[10.1%] #3039: "Jastrow, בְּדִין"... OK (בדין)
[10.1%] #3040: "Jastrow, בִּדִּין"... duplicate
[10.1%] #3040: "Jastrow, בְּדִיק"... OK (בדיק)
[10.1%] #3041: "Jastrow, בְּדִיקָה"... OK (בדיקה)
[10.1%] #3042: "Jastrow, בְּדִיקוּתָא"... OK (בדיקותא)
[10.1%] #3043: "Jastrow, *בְּדִיקְנָאָה"... OK (בדיקנאה)
[10.1%] #3044: "Jastrow, *בְּדִיתָא"... OK (בדיתא)
[10.1%] #3045: "Jastrow, בָּדַל"... OK (בדל)
[10.2%] #3046: "Jastrow, בְּדַל"... duplicate
[10.2%] #3046: "Jastrow, בָּדָן"... OK (בדן)
[10.2%] #3047: "Jastrow, בדסין"... OK (בדסין)
[10.2%] #3048: "Jastrow, בָּדַק"... OK (בדק)
[10.2%] #3049: "Jastrow, בְּדַק"... duplicate
[10.2%] #3049: "Jastrow, בֶּדֶק"... duplicate
[10.2%] #3049: "Jastrow, *בֶּדֶק"... duplicate
[10.2%] #3049: "Jastrow, בִּדְקָא"... OK (בדקא)
[10.2%] #3050: "Jastrow, *בָּדַר"... OK (בדר)
[10.2%] #3051: "Jastrow, בְּדַר"... duplicate
[10.2%] #3051: "Jastrow, בדרסין"... OK (בדרסין)
[10.2%] #3052: "Jastrow, בָּהָא"... OK (בהא)
[10.2%] #3053: "Jastrow, בַּהֲדֵי"... OK (בהדי)
[10.2%] #3054: "Jastrow, בֹּהוּ"... OK (בהו)
[10.2%] #3055: "Jastrow, בָּהוּ"... duplicate
[10.2%] #3055: "Jastrow, בְּהוֹ"... duplicate
[10.2%] #3055: "Jastrow, בַּהוּלְתָּא"... OK (בהולתא)
[10.2%] #3056: "Jastrow, בָּהוֹר"... OK (בהור)
[10.2%] #3057: "Jastrow, בָּהוּתָא"... OK (בהותא)
[10.2%] #3058: "Jastrow, בהי"... OK (בהי)
[10.2%] #3059: "Jastrow, בְּהִי"... duplicate
[10.2%] #3059: "Jastrow, *בהיי"... OK (בהיי)
[10.2%] #3060: "Jastrow, בְּהִילוּ"... OK (בהילו)
[10.2%] #3061: "Jastrow, בָּהִיק"... OK (בהיק)
[10.2%] #3062: "Jastrow, בָּהִיר"... OK (בהיר)
[10.2%] #3063: "Jastrow, בְּהִירָא"... OK (בהירא)
[10.2%] #3064: "Jastrow, בְּהֵית"... OK (בהית)
[10.2%] #3065: "Jastrow, בָּהַל"... OK (בהל)
[10.2%] #3066: "Jastrow, בְּהַל"... duplicate
[10.2%] #3066: "Jastrow, בֶּהָלָה"... OK (בהלה)
[10.2%] #3067: "Jastrow, בַּהָם"... OK (בהם)
[10.2%] #3068: "Jastrow, בְּהֵמָה"... OK (בהמה)
[10.2%] #3069: "Jastrow, בְּהֵמוֹת"... OK (בהמות)
[10.2%] #3070: "Jastrow, בָּהַק"... OK (בהק)
[10.2%] #3071: "Jastrow, בְּהַק"... duplicate
[10.2%] #3071: "Jastrow, בֹּהַק"... duplicate
[10.2%] #3071: "Jastrow, בַּהֲקָא"... OK (בהקא)
[10.2%] #3072: "Jastrow, בָּהֲקָן"... OK (בהקן)
[10.2%] #3073: "Jastrow, בֹּהֲקָנִי"... OK (בהקני)
[10.2%] #3074: "Jastrow, בָּהַר"... OK (בהר)
[10.2%] #3075: "Jastrow, בְּהַר"... duplicate
[10.2%] #3075: "Jastrow, בַּהֲרָא"... OK (בהרא)
[10.3%] #3076: "Jastrow, בהריקאי"... OK (בהריקאי)
[10.3%] #3077: "Jastrow, בַּהֶרֶת"... OK (בהרת)
[10.3%] #3078: "Jastrow, בַּהַרְתָּא"... OK (בהרתא)
[10.3%] #3079: "Jastrow, בְּהַת"... OK (בהת)
[10.3%] #3080: "Jastrow, בַּהֲתָא"... OK (בהתא)
[10.3%] #3081: "Jastrow, בּוֹ"... OK (בו)
[10.3%] #3082: "Jastrow, בּוֹא"... OK (בוא)
[10.3%] #3083: "Jastrow, בואנא"... OK (בואנא)
[10.3%] #3084: "Jastrow, בואת"... OK (בואת)
[10.3%] #3085: "Jastrow, בּוּבְיָא I"... OK (בוביא)
[10.3%] #3086: "Jastrow, בּוּבְיָא II"... duplicate
[10.3%] #3086: "Jastrow, בוביא"... duplicate
[10.3%] #3086: "Jastrow, בוביאר"... OK (בוביאר)
[10.3%] #3087: "Jastrow, בּוּבְיָה"... OK (בוביה)
[10.3%] #3088: "Jastrow, בּוּבִיתָא"... OK (בוביתא)
[10.3%] #3089: "Jastrow, בובן"... OK (בובן)
[10.3%] #3090: "Jastrow, *בוגני"... OK (בוגני)
[10.3%] #3091: "Jastrow, בּוֹגֶר"... OK (בוגר)
[10.3%] #3092: "Jastrow, *בּוּדְיָא"... OK (בודיא)
[10.3%] #3093: "Jastrow, בּוֹדִידָה"... OK (בודידה)
[10.3%] #3094: "Jastrow, בּוּדְחָא"... OK (בודחא)
[10.3%] #3095: "Jastrow, בּוֹהוּ"... OK (בוהו)
[10.3%] #3096: "Jastrow, בּוֹהֲיָין"... OK (בוהיין)
[10.3%] #3097: "Jastrow, בֹּוהַק"... OK (בוהק)
[10.3%] #3098: "Jastrow, בּוֹהֲקָא"... OK (בוהקא)
[10.3%] #3099: "Jastrow, בּוֹהֲקָנִי"... OK (בוהקני)
[10.3%] #3100: "Jastrow, בַּוְותָא"... OK (בוותא)
[10.3%] #3101: "Jastrow, בּוּז"... OK (בוז)
[10.3%] #3102: "Jastrow, בּוּז ²"... duplicate
[10.3%] #3102: "Jastrow, בּוּזָאָה"... OK (בוזאה)
[10.3%] #3103: "Jastrow, *בּוֹזָנָא"... OK (בוזנא)
[10.3%] #3104: "Jastrow, בּוּזְתָא"... OK (בוזתא)
[10.3%] #3105: "Jastrow, בּוֹחַל"... OK (בוחל)
[10.3%] #3106: "Jastrow, בּוּטָא"... OK (בוטא)
[10.4%] #3107: "Jastrow, *בּוֹטֵט"... OK (בוטט)
[10.4%] #3108: "Jastrow, בּוֹטְטָא"... OK (בוטטא)
[10.4%] #3109: "Jastrow, בּוּטֵּי"... OK (בוטי)
[10.4%] #3110: "Jastrow, בּוֹטִיטָא"... OK (בוטיטא)
[10.4%] #3111: "Jastrow, בּוֹטִיטָה"... OK (בוטיטה)
[10.4%] #3112: "Jastrow, בּוּטִּיתָא"... OK (בוטיתא)
[10.4%] #3113: "Jastrow, בּוּטְלָן"... OK (בוטלן)
[10.4%] #3114: "Jastrow, בּוּטְמָא"... OK (בוטמא)
[10.4%] #3115: "Jastrow, בּוּטְנָא I"... OK (בוטנא)
[10.4%] #3116: "Jastrow, בּוּטְנָא II"... duplicate
[10.4%] #3116: "Jastrow, בּוֹטְנֶה"... OK (בוטנה)
[10.4%] #3117: "Jastrow, בּוּטְנָה"... duplicate
[10.4%] #3117: "Jastrow, בוטרגונין"... OK (בוטרגונין)
[10.4%] #3118: "Jastrow, בּוּטְשָׁא"... OK (בוטשא)
[10.4%] #3119: "Jastrow, בּוֹיְשָׁן"... OK (בוישן)
[10.4%] #3120: "Jastrow, בּוּךְ"... OK (בוך)
  [Saved progress: 3120 entries]
[10.4%] #3121: "Jastrow, בּוּכָאנָא"... OK (בוכאנא)
[10.4%] #3122: "Jastrow, *בּוּכְיָא"... OK (בוכיא)
[10.4%] #3123: "Jastrow, בּוּכְיאר"... OK (בוכיאר)
[10.4%] #3124: "Jastrow, בוכלין"... OK (בוכלין)
[10.4%] #3125: "Jastrow, בּוּכָנָא"... OK (בוכנא)
[10.4%] #3126: "Jastrow, בּוּכְנָה"... OK (בוכנה)
[10.4%] #3127: "Jastrow, בּוּכְרָא I"... OK (בוכרא)
[10.4%] #3128: "Jastrow, בּוּכְרָא II"... duplicate
[10.4%] #3128: "Jastrow, *בּוּכַּרְיָא"... OK (בוכריא)
[10.4%] #3129: "Jastrow, בּוּל I"... OK (בול)
[10.4%] #3130: "Jastrow, בּוּל II"... duplicate
[10.4%] #3130: "Jastrow, בּוּל III"... duplicate
[10.4%] #3130: "Jastrow, בּוּלָאוֹת"... OK (בולאות)
[10.4%] #3131: "Jastrow, בּוּלְבּוּטֵיס"... OK (בולבוטיס)
[10.4%] #3132: "Jastrow, בּוּלְבּוֹס"... OK (בולבוס)
[10.4%] #3133: "Jastrow, בּוּלֶבְטֵס"... OK (בולבטס)
[10.4%] #3134: "Jastrow, בּוּלְבְּסִין"... OK (בולבסין)
[10.4%] #3135: "Jastrow, בּוּלְדָּאר"... OK (בולדאר)
[10.4%] #3136: "Jastrow, בּוּלֶוְוטֵס"... OK (בולווטס)
[10.5%] #3137: "Jastrow, בּוּלוֹס"... OK (בולוס)
[10.5%] #3138: "Jastrow, בּוּלְטִיתָא"... OK (בולטיתא)
[10.5%] #3139: "Jastrow, *בּוּלִי I"... OK (בולי)
[10.5%] #3140: "Jastrow, בּוּלִי II"... duplicate
[10.5%] #3140: "Jastrow, בוליוטוס"... OK (בוליוטוס)
[10.5%] #3141: "Jastrow, בוליטין"... OK (בוליטין)
[10.5%] #3142: "Jastrow, בולים"... OK (בולים)
[10.5%] #3143: "Jastrow, בּוּלְמוֹס"... OK (בולמוס)
[10.5%] #3144: "Jastrow, בּוּלָס"... OK (בולס)
[10.5%] #3145: "Jastrow, בּוּלְסָא"... OK (בולסא)
[10.5%] #3146: "Jastrow, בּוֹלְסִיף"... OK (בולסיף)
[10.5%] #3147: "Jastrow, בולפסין"... OK (בולפסין)
[10.5%] #3148: "Jastrow, בולקס"... OK (בולקס)
[10.5%] #3149: "Jastrow, בּוֹלְרָא"... OK (בולרא)
[10.5%] #3150: "Jastrow, בּוֹלְרִין"... OK (בולרין)
[10.5%] #3151: "Jastrow, בולרין"... duplicate
[10.5%] #3151: "Jastrow, בולשפטי"... OK (בולשפטי)
[10.5%] #3152: "Jastrow, בּוֹלֶשֶׁת"... OK (בולשת)
[10.5%] #3153: "Jastrow, בּוּן I"... OK (בון)
[10.5%] #3154: "Jastrow, בּוּן II"... duplicate
[10.5%] #3154: "Jastrow, *בּוּנָא"... OK (בונא)
[10.5%] #3155: "Jastrow, בּוּנָה"... OK (בונה)
[10.5%] #3156: "Jastrow, בּוּנִי"... OK (בוני)
[10.5%] #3157: "Jastrow, *בּוּנְיָא"... OK (בוניא)
[10.5%] #3158: "Jastrow, בּוּס"... OK (בוס)
[10.5%] #3159: "Jastrow, בּוּסְיָא"... OK (בוסיא)
[10.5%] #3160: "Jastrow, בֹּוסֶם"... OK (בוסם)
[10.5%] #3161: "Jastrow, בֹּוסַם"... duplicate
[10.5%] #3161: "Jastrow, בּוּסְמָן"... OK (בוסמן)
[10.5%] #3162: "Jastrow, בּוּסְמָנָא"... OK (בוסמנא)
[10.5%] #3163: "Jastrow, בּוּסְמָנוּ"... OK (בוסמנו)
[10.5%] #3164: "Jastrow, בּוּסְמָנַיָּא"... OK (בוסמניא)
[10.5%] #3165: "Jastrow, בֹּוסֶר"... OK (בוסר)
[10.5%] #3166: "Jastrow, בּוּסְרָא"... OK (בוסרא)
[10.6%] #3167: "Jastrow, בּוּסְרַן"... OK (בוסרן)
[10.6%] #3168: "Jastrow, בּוּסְתָּנָא"... OK (בוסתנא)
[10.6%] #3169: "Jastrow, בּוּסְתְּקָא"... OK (בוסתקא)
[10.6%] #3170: "Jastrow, בּוּעַ"... OK (בוע)
[10.6%] #3171: "Jastrow, בּוּעָא"... OK (בועא)
[10.6%] #3172: "Jastrow, בועדא"... OK (בועדא)
[10.6%] #3173: "Jastrow, *בֹּועֲרָא"... OK (בוערא)
[10.6%] #3174: "Jastrow, *בּוּעֲתָא I"... OK (בועתא)
[10.6%] #3175: "Jastrow, בּוּעֲתָא II"... duplicate
[10.6%] #3175: "Jastrow, *בּוּעֲתָא III"... duplicate
[10.6%] #3175: "Jastrow, בּוּץ I"... OK (בוץ)
[10.6%] #3176: "Jastrow, בּוּץ II"... duplicate
[10.6%] #3176: "Jastrow, בּוּץ"... duplicate
[10.6%] #3176: "Jastrow, בוציא"... OK (בוציא)
[10.6%] #3177: "Jastrow, בּוּצְיָאתָא"... OK (בוציאתא)
[10.6%] #3178: "Jastrow, בּוּצִין"... OK (בוצין)
[10.6%] #3179: "Jastrow, בּוּצִית"... OK (בוצית)
[10.6%] #3180: "Jastrow, בּוּצְלָא"... OK (בוצלא)
[10.6%] #3181: "Jastrow, בּוּצְלָנָא"... OK (בוצלנא)
[10.6%] #3182: "Jastrow, בּוּצָנָא"... OK (בוצנא)
[10.6%] #3183: "Jastrow, בוצציא"... OK (בוצציא)
[10.6%] #3184: "Jastrow, בֹּוצְרָאָה"... OK (בוצראה)
[10.6%] #3185: "Jastrow, בֹּוצְרָה"... OK (בוצרה)
[10.6%] #3186: "Jastrow, בֹּוצְרָיָיה"... OK (בוצרייה)
[10.6%] #3187: "Jastrow, בֹּוצְרָתָא"... OK (בוצרתא)
[10.6%] #3188: "Jastrow, בּוּקָא"... OK (בוקא)
[10.6%] #3189: "Jastrow, בּוּקְיָא"... OK (בוקיא)
[10.6%] #3190: "Jastrow, בּוּקְיוֹן"... OK (בוקיון)
[10.6%] #3191: "Jastrow, בוקינוס"... OK (בוקינוס)
[10.6%] #3192: "Jastrow, בוקלסא"... OK (בוקלסא)
[10.6%] #3193: "Jastrow, בֹּוקֶר"... OK (בוקר)
[10.6%] #3194: "Jastrow, בּוּקְתָא"... OK (בוקתא)
[10.6%] #3195: "Jastrow, בּוּר I"... OK (בור)
[10.7%] #3196: "Jastrow, בּוּר"... duplicate
[10.7%] #3196: "Jastrow, בּוּר II"... duplicate
[10.7%] #3196: "Jastrow, בֹּור"... duplicate
[10.7%] #3196: "Jastrow, בֹּור I"... duplicate
[10.7%] #3196: "Jastrow, בּוֹר II"... duplicate
[10.7%] #3196: "Jastrow, בּוֹרֵא"... OK (בורא)
[10.7%] #3197: "Jastrow, בּוּרָא I"... duplicate
[10.7%] #3197: "Jastrow, בּוּרָא II"... duplicate
[10.7%] #3197: "Jastrow, בורבלין"... OK (בורבלין)
[10.7%] #3198: "Jastrow, בּוּרְגִּין"... OK (בורגין)
[10.7%] #3199: "Jastrow, בורגמין"... OK (בורגמין)
[10.7%] #3200: "Jastrow, בּוּרְגִּן"... OK (בורגן)
[10.7%] #3201: "Jastrow, בּוּרְגָּנָה"... OK (בורגנה)
[10.7%] #3202: "Jastrow, בּוּרְגָּנִי"... OK (בורגני)
  [Saved progress: 3202 entries]
[10.7%] #3203: "Jastrow, בורגנרה"... OK (בורגנרה)
[10.7%] #3204: "Jastrow, בּוּרְגָּר"... OK (בורגר)
[10.7%] #3205: "Jastrow, בּוּרְגָּרוּת"... OK (בורגרות)
[10.7%] #3206: "Jastrow, בּוּרְגָּתָה"... OK (בורגתה)
[10.7%] #3207: "Jastrow, *בּוּרדִּיקָא"... OK (בורדיקא)
[10.7%] #3208: "Jastrow, בורדיקי"... OK (בורדיקי)
[10.7%] #3209: "Jastrow, בּוּרְדְּלָא"... OK (בורדלא)
[10.7%] #3210: "Jastrow, *בּוּרְדָּם"... OK (בורדם)
[10.7%] #3211: "Jastrow, בורדס"... OK (בורדס)
[10.7%] #3212: "Jastrow, בּוּרְדְּסִין"... OK (בורדסין)
[10.7%] #3213: "Jastrow, בורדקאי"... OK (בורדקאי)
[10.7%] #3214: "Jastrow, בּוֹרָה"... OK (בורה)
[10.7%] #3215: "Jastrow, בּוֹרוּת"... OK (בורות)
[10.7%] #3216: "Jastrow, בּוּרְזִינְקָא"... OK (בורזינקא)
[10.7%] #3217: "Jastrow, *בּוּרְטְיָא"... OK (בורטיא)
[10.7%] #3218: "Jastrow, בּוֹרָי"... OK (בורי)
[10.7%] #3219: "Jastrow, בּוֹרִי"... duplicate
[10.7%] #3219: "Jastrow, בּוּרְיָא I"... OK (בוריא)
[10.7%] #3220: "Jastrow, *בּוּרְיָא II"... duplicate
[10.7%] #3220: "Jastrow, בּוֹרְיָא"... duplicate
[10.7%] #3220: "Jastrow, בּוֹרֵיק"... OK (בוריק)
[10.7%] #3221: "Jastrow, בּוֹרִית"... OK (בורית)
[10.7%] #3222: "Jastrow, בּוּרִית"... duplicate
[10.7%] #3222: "Jastrow, בּוֹרֶךְ"... OK (בורך)
[10.7%] #3223: "Jastrow, בּוּרְכָּא"... OK (בורכא)
[10.7%] #3224: "Jastrow, בורכייר"... OK (בורכייר)
[10.7%] #3225: "Jastrow, בּוּרְכַּיָּיר"... duplicate
[10.7%] #3225: "Jastrow, בּוּרְכְּתָא"... OK (בורכתא)
[10.8%] #3226: "Jastrow, בּוּרְלָא"... OK (בורלא)
[10.8%] #3227: "Jastrow, בורלא"... duplicate
[10.8%] #3227: "Jastrow, בורלודין"... OK (בורלודין)
[10.8%] #3228: "Jastrow, בּוּרְמָא"... OK (בורמא)
[10.8%] #3229: "Jastrow, בּוּרָן"... OK (בורן)
[10.8%] #3230: "Jastrow, בּוּרְנִי I"... OK (בורני)
[10.8%] #3231: "Jastrow, בּוּרְנִי II"... duplicate
[10.8%] #3231: "Jastrow, בּוּרְנִין"... OK (בורנין)
[10.8%] #3232: "Jastrow, *בּוּרְנִיץ"... OK (בורניץ)
[10.8%] #3233: "Jastrow, בורסגניות"... OK (בורסגניות)
[10.8%] #3234: "Jastrow, בורסטייתא"... OK (בורסטייתא)
[10.8%] #3235: "Jastrow, בּוּרְסִי II"... OK (בורסי)
[10.8%] #3236: "Jastrow, בּוּרְסִי II ²"... duplicate
[10.8%] #3236: "Jastrow, *בּוּרְסִיוֹן"... OK (בורסיון)
[10.8%] #3237: "Jastrow, בּוּרְסִים"... OK (בורסים)
[10.8%] #3238: "Jastrow, בּוֹרְסִיף"... OK (בורסיף)
[10.8%] #3239: "Jastrow, בּוּרְסְקִי"... OK (בורסקי)
[10.8%] #3240: "Jastrow, בּוּרְצָא"... OK (בורצא)
[10.8%] #3241: "Jastrow, בּוֹרְקַי I"... OK (בורקי)
[10.8%] #3242: "Jastrow, בּוֹרְקַי II"... duplicate
[10.8%] #3242: "Jastrow, בורקיא"... OK (בורקיא)
[10.8%] #3243: "Jastrow, בורתידה"... OK (בורתידה)
[10.8%] #3244: "Jastrow, בורתיה"... OK (בורתיה)
[10.8%] #3245: "Jastrow, בּוֹשׁ"... OK (בוש)
[10.8%] #3246: "Jastrow, בּוּשָׁה"... OK (בושה)
[10.8%] #3247: "Jastrow, *בּוּשְׁכִּי"... OK (בושכי)
[10.8%] #3248: "Jastrow, בּוּשְׁלָא"... OK (בושלא)
[10.8%] #3249: "Jastrow, בושׂר׳"... OK (בושר)
[10.8%] #3250: "Jastrow, בּוֹשֶׁת"... OK (בושת)
[10.8%] #3251: "Jastrow, בּוּת"... OK (בות)
[10.8%] #3252: "Jastrow, בּוּתָא"... OK (בותא)
[10.8%] #3253: "Jastrow, בָּוְתָא"... duplicate
[10.8%] #3253: "Jastrow, *בּוֹתְנִיאָס"... OK (בותניאס)
[10.8%] #3254: "Jastrow, בּוֹתְנַיֵּי"... OK (בותניי)
[10.8%] #3255: "Jastrow, בותרא"... OK (בותרא)
[10.8%] #3256: "Jastrow, בַּז"... OK (בז)
[10.9%] #3257: "Jastrow, בְּזָא  I, II,"... OK (בזא)
[10.9%] #3258: "Jastrow, בִּזָּא"... duplicate
[10.9%] #3258: "Jastrow, *בִּזָּאֵי"... OK (בזאי)
[10.9%] #3259: "Jastrow, בַּזְבּוּזָא"... OK (בזבוזא)
[10.9%] #3260: "Jastrow, בִּזְבֵּז"... OK (בזבז)
[10.9%] #3261: "Jastrow, בַּזְבֵּז"... duplicate
[10.9%] #3261: "Jastrow, בזבזא"... OK (בזבזא)
[10.9%] #3262: "Jastrow, בִּזְבְּזֵי"... OK (בזבזי)
[10.9%] #3263: "Jastrow, בַּזְבְּזַיָּה"... OK (בזבזיה)
[10.9%] #3264: "Jastrow, בזבזיך"... OK (בזבזיך)
[10.9%] #3265: "Jastrow, בזבינא"... OK (בזבינא)
[10.9%] #3266: "Jastrow, *בַּזְבָּנָא"... OK (בזבנא)
[10.9%] #3267: "Jastrow, בַּזְגָּא"... OK (בזגא)
[10.9%] #3268: "Jastrow, בזגיתא"... OK (בזגיתא)
[10.9%] #3269: "Jastrow, בָּזָה"... OK (בזה)
[10.9%] #3270: "Jastrow, בָּזוֹז"... OK (בזוז)
[10.9%] #3271: "Jastrow, בָּזוֹזָא"... OK (בזוזא)
[10.9%] #3272: "Jastrow, בִּזּוּזָא"... duplicate
[10.9%] #3272: "Jastrow, בָּזוֹזִיתָא"... OK (בזוזיתא)
[10.9%] #3273: "Jastrow, בזוזתא"... OK (בזוזתא)
[10.9%] #3274: "Jastrow, בְּזוּל"... OK (בזול)
[10.9%] #3275: "Jastrow, בִּזּוּעַ"... OK (בזוע)
[10.9%] #3276: "Jastrow, בָּזַז"... OK (בזז)
[10.9%] #3277: "Jastrow, בְּזַז I"... duplicate
[10.9%] #3277: "Jastrow, *בְּזַז II"... duplicate
[10.9%] #3277: "Jastrow, בזזותא"... OK (בזזותא)
[10.9%] #3278: "Jastrow, בָּזְזָנָא"... OK (בזזנא)
[10.9%] #3279: "Jastrow, בזי"... OK (בזי)
[10.9%] #3280: "Jastrow, בְּזֵי"... duplicate
[10.9%] #3280: "Jastrow, בְּזֵי ²"... duplicate
[10.9%] #3280: "Jastrow, בִּזָּא ²"... duplicate
[10.9%] #3280: "Jastrow, בִּזָּה"... duplicate
[10.9%] #3280: "Jastrow, בִּזְיָא"... OK (בזיא)
[10.9%] #3281: "Jastrow, בִּזָּיוֹן"... OK (בזיון)
[10.9%] #3282: "Jastrow, בִּזְיוֹנָא"... OK (בזיונא)
[10.9%] #3283: "Jastrow, בִּזְיוּנָא I"... duplicate
  [Saved progress: 3282 entries]
[10.9%] #3283: "Jastrow, בִּזְיוּנָא , II"... duplicate
[10.9%] #3283: "Jastrow, *בְּזִיז"... OK (בזיז)
[10.9%] #3284: "Jastrow, בְּזִיזָא"... OK (בזיזא)
[10.9%] #3285: "Jastrow, *בְּזִיזִי"... OK (בזיזי)
[10.9%] #3286: "Jastrow, בזיזי"... duplicate
[10.9%] #3286: "Jastrow, בָּזְיָיא"... OK (בזייא)
[11.0%] #3287: "Jastrow, בָּזַיָּיה"... OK (בזייה)
[11.0%] #3288: "Jastrow, בִּזְיָינֵי"... OK (בזייני)
[11.0%] #3289: "Jastrow, בָּזִיךְ"... OK (בזיך)
[11.0%] #3290: "Jastrow, בָּזִיךְ ²"... duplicate
[11.0%] #3290: "Jastrow, בזיני"... OK (בזיני)
[11.0%] #3291: "Jastrow, בְּזִיעָא"... OK (בזיעא)
[11.0%] #3292: "Jastrow, בְּזִיקַיָּא"... OK (בזיקיא)
[11.0%] #3293: "Jastrow, בָּזָךְ"... OK (בזך)
[11.0%] #3294: "Jastrow, בַּזֵּל"... OK (בזל)
[11.0%] #3295: "Jastrow, בִּזְלֵי"... OK (בזלי)
[11.0%] #3296: "Jastrow, בְּזַע"... OK (בזע)
[11.0%] #3297: "Jastrow, בָּזָק"... OK (בזק)
[11.0%] #3298: "Jastrow, בָּזַק"... duplicate
[11.0%] #3298: "Jastrow, בְּזַק"... duplicate
[11.0%] #3298: "Jastrow, בֶּזֶק"... duplicate
[11.0%] #3298: "Jastrow, בִּזְקָא"... OK (בזקא)
[11.0%] #3299: "Jastrow, בזקה"... OK (בזקה)
[11.0%] #3300: "Jastrow, בָּזַר"... OK (בזר)
[11.0%] #3301: "Jastrow, בְּזַר"... duplicate
[11.0%] #3301: "Jastrow, בִּזְרָא"... OK (בזרא)
[11.0%] #3302: "Jastrow, בִּזְרָנָא"... OK (בזרנא)
[11.0%] #3303: "Jastrow, בִּזְתָא"... OK (בזתא)
[11.0%] #3304: "Jastrow, בִזְּתָא"... duplicate
[11.0%] #3304: "Jastrow, בָּחוּר"... OK (בחור)
[11.0%] #3305: "Jastrow, בחורא"... OK (בחורא)
[11.0%] #3306: "Jastrow, בחורתא"... OK (בחורתא)
[11.0%] #3307: "Jastrow, *בְּחִי"... OK (בחי)
[11.0%] #3308: "Jastrow, בְּחִיר"... OK (בחיר)
[11.0%] #3309: "Jastrow, בְּחִירָה"... OK (בחירה)
[11.0%] #3310: "Jastrow, בְּחִירְתָּא"... OK (בחירתא)
[11.0%] #3311: "Jastrow, בָּחַל I"... OK (בחל)
[11.0%] #3312: "Jastrow, בָּחַל II"... duplicate
[11.0%] #3312: "Jastrow, בָּחַן"... OK (בחן)
[11.0%] #3313: "Jastrow, בְּחַן"... duplicate
[11.0%] #3313: "Jastrow, בָּחַר"... OK (בחר)
[11.0%] #3314: "Jastrow, בְּחַר"... duplicate
[11.0%] #3314: "Jastrow, בַּחֲרוּת"... OK (בחרות)
[11.0%] #3315: "Jastrow, בָּחַשׁ"... OK (בחש)
[11.1%] #3316: "Jastrow, בְּחַשׁ"... duplicate
[11.1%] #3316: "Jastrow, בַּחֲשָׁא"... OK (בחשא)
[11.1%] #3317: "Jastrow, בָּטָא"... OK (בטא)
[11.1%] #3318: "Jastrow, בטאריקי"... OK (בטאריקי)
[11.1%] #3319: "Jastrow, בִּטְבּוּט"... OK (בטבוט)
[11.1%] #3320: "Jastrow, בִּטְבֵּט"... OK (בטבט)
[11.1%] #3321: "Jastrow, בִּטְדָא"... OK (בטדא)
[11.1%] #3322: "Jastrow, בִּטּוּי"... OK (בטוי)
[11.1%] #3323: "Jastrow, *בִּטְוַיָּא"... OK (בטויא)
[11.1%] #3324: "Jastrow, בְּטוּנָא"... OK (בטונא)
[11.1%] #3325: "Jastrow, בטונין"... OK (בטונין)
[11.1%] #3326: "Jastrow, בָּטַח"... OK (בטח)
[11.1%] #3327: "Jastrow, בְּטַח I"... duplicate
[11.1%] #3327: "Jastrow, בְּטַח II"... duplicate
[11.1%] #3327: "Jastrow, בִּטָּחוֹן"... OK (בטחון)
[11.1%] #3328: "Jastrow, בְּטַט"... OK (בטט)
[11.1%] #3329: "Jastrow, בָּטִי"... OK (בטי)
[11.1%] #3330: "Jastrow, בטי"... duplicate
[11.1%] #3330: "Jastrow, בְּטִי"... duplicate
[11.1%] #3330: "Jastrow, בַּטִּיחַ"... OK (בטיח)
[11.1%] #3331: "Jastrow, בְּטִיטָא"... OK (בטיטא)
[11.1%] #3332: "Jastrow, בְּטִיטַיי"... OK (בטיטיי)
[11.1%] #3333: "Jastrow, בְּטֵיל"... OK (בטיל)
[11.1%] #3334: "Jastrow, בְּטִיל"... duplicate
[11.1%] #3334: "Jastrow, בְּטֵילָא"... OK (בטילא)
[11.1%] #3335: "Jastrow, בְּטֵין"... OK (בטין)
[11.1%] #3336: "Jastrow, בטינין"... OK (בטינין)
[11.1%] #3337: "Jastrow, בטינתא"... OK (בטינתא)
[11.1%] #3338: "Jastrow, בָּטֵל I"... OK (בטל)
[11.1%] #3339: "Jastrow, בְּטֵל"... duplicate
[11.1%] #3339: "Jastrow, בָּטֵל II"... duplicate
[11.1%] #3339: "Jastrow, בַּטָּלָה"... OK (בטלה)
[11.1%] #3340: "Jastrow, בִּטָּלוֹן"... OK (בטלון)
[11.1%] #3341: "Jastrow, בַּטְלָן"... OK (בטלן)
[11.1%] #3342: "Jastrow, בַּטְלָנָא"... OK (בטלנא)
[11.1%] #3343: "Jastrow, בַּטְלָנוּת"... OK (בטלנות)
[11.1%] #3344: "Jastrow, בְּטַן"... OK (בטן)
[11.1%] #3345: "Jastrow, בֶּטֶן"... duplicate
[11.1%] #3345: "Jastrow, בִּטְנָא"... OK (בטנא)
[11.2%] #3346: "Jastrow, בָּטְנַאי"... OK (בטנאי)
[11.2%] #3347: "Jastrow, בָּטְנֶה"... OK (בטנה)
[11.2%] #3348: "Jastrow, בָּטְנוֹן"... OK (בטנון)
[11.2%] #3349: "Jastrow, בָּטְנִי"... OK (בטני)
[11.2%] #3350: "Jastrow, בָּטְנִית"... OK (בטנית)
[11.2%] #3351: "Jastrow, *בָּטְנִיתָא"... OK (בטניתא)
[11.2%] #3352: "Jastrow, בָּטְנָן"... OK (בטנן)
[11.2%] #3353: "Jastrow, בִּטְרָא"... OK (בטרא)
[11.2%] #3354: "Jastrow, בְּטַשׁ"... OK (בטש)
[11.2%] #3355: "Jastrow, בִּטְשָׁא"... OK (בטשא)
[11.2%] #3356: "Jastrow, בֵּי"... OK (בי)
[11.2%] #3357: "Jastrow, בִּיָּא"... OK (ביא)
[11.2%] #3358: "Jastrow, בִּיאָה II"... OK (ביאה)
[11.2%] #3359: "Jastrow, *בַּיָּאם"... OK (ביאם)
[11.2%] #3360: "Jastrow, ביארי"... OK (ביארי)
[11.2%] #3361: "Jastrow, בִּיב"... OK (ביב)
[11.2%] #3362: "Jastrow, בִּיבָא"... OK (ביבא)
  [Saved progress: 3362 entries]
[11.2%] #3363: "Jastrow, בֵּיבַאי"... OK (ביבאי)
[11.2%] #3364: "Jastrow, ביבון"... OK (ביבון)
[11.2%] #3365: "Jastrow, בִּיבֵי"... OK (ביבי)
[11.2%] #3366: "Jastrow, בֵּיבַי"... duplicate
[11.2%] #3366: "Jastrow, *בֵּיבַנִּי"... OK (ביבני)
[11.2%] #3367: "Jastrow, בִּיבָר"... OK (ביבר)
[11.2%] #3368: "Jastrow, ביברי"... OK (ביברי)
[11.2%] #3369: "Jastrow, בִּיבָרְיָא"... OK (ביבריא)
[11.2%] #3370: "Jastrow, בִּידְ־"... OK (ביד)
[11.2%] #3371: "Jastrow, בִּידָּא"... OK (בידא)
[11.2%] #3372: "Jastrow, בִּידָּא ²"... duplicate
[11.2%] #3372: "Jastrow, בִּידּוּר"... OK (בידור)
[11.2%] #3373: "Jastrow, בִּידִּין"... OK (בידין)
[11.2%] #3374: "Jastrow, בִּיהוּלְתָּא"... OK (ביהולתא)
[11.2%] #3375: "Jastrow, בִּיהוּתָא"... OK (ביהותא)
[11.3%] #3376: "Jastrow, ביוכא"... OK (ביוכא)
[11.3%] #3377: "Jastrow, בִּיּוּנָא"... OK (ביונא)
[11.3%] #3378: "Jastrow, בִּיזָּא I"... OK (ביזא)
[11.3%] #3379: "Jastrow, בִּיזָּא"... duplicate
[11.3%] #3379: "Jastrow, בִּיזָּא III"... duplicate
[11.3%] #3379: "Jastrow, בִּיזְגָּא"... OK (ביזגא)
[11.3%] #3380: "Jastrow, בִּיזָּה"... OK (ביזה)
[11.3%] #3381: "Jastrow, בִּיזּוּעַ"... OK (ביזוע)
[11.3%] #3382: "Jastrow, *בִּיזְיָא"... OK (ביזיא)
[11.3%] #3383: "Jastrow, *בִּיזִּיאָה"... OK (ביזיאה)
[11.3%] #3384: "Jastrow, בִּיזָּיוֹן"... OK (ביזיון)
[11.3%] #3385: "Jastrow, ביזיונא"... OK (ביזיונא)
[11.3%] #3386: "Jastrow, בִּיזְלֵי"... OK (ביזלי)
[11.3%] #3387: "Jastrow, בִּיזְעָא"... OK (ביזעא)
[11.3%] #3388: "Jastrow, בִּיזְרָא"... OK (ביזרא)
[11.3%] #3389: "Jastrow, בִּיזְּתָא"... OK (ביזתא)
[11.3%] #3390: "Jastrow, *בֵּיזְתָא"... duplicate
[11.3%] #3390: "Jastrow, *בִּיחוּשָׁא"... OK (ביחושא)
[11.3%] #3391: "Jastrow, בִּיחֵיל"... OK (ביחיל)
[11.3%] #3392: "Jastrow, ביט"... OK (ביט)
[11.3%] #3393: "Jastrow, בֵּיטָא I"... OK (ביטא)
[11.3%] #3394: "Jastrow, בִּיטּוּי"... OK (ביטוי)
[11.3%] #3395: "Jastrow, בִּיטּוּל"... OK (ביטול)
[11.3%] #3396: "Jastrow, בִּיטּוּלָא"... OK (ביטולא)
[11.3%] #3397: "Jastrow, בִּיטָּחוֹן"... OK (ביטחון)
[11.3%] #3398: "Jastrow, בִּיטִי"... OK (ביטי)
[11.3%] #3399: "Jastrow, בִּיטִיתָא"... OK (ביטיתא)
[11.3%] #3400: "Jastrow, בִּיטְנָתָא"... OK (ביטנתא)
[11.3%] #3401: "Jastrow, בִּיטְשָׁא"... OK (ביטשא)
[11.3%] #3402: "Jastrow, בַּיִי"... OK (ביי)
[11.3%] #3403: "Jastrow, בִּיָיא I"... OK (בייא)
[11.3%] #3404: "Jastrow, בִּיָיא II"... duplicate
[11.3%] #3404: "Jastrow, בייבא"... OK (בייבא)
[11.3%] #3405: "Jastrow, בייבין"... OK (בייבין)
[11.3%] #3406: "Jastrow, בַּיְידָּא"... OK (ביידא)
[11.4%] #3407: "Jastrow, בִּיָיה"... OK (בייה)
[11.4%] #3408: "Jastrow, בָּיֵיךְ"... OK (בייך)
[11.4%] #3409: "Jastrow, בַּיְיכָא"... OK (בייכא)
[11.4%] #3410: "Jastrow, בָּיֵיל"... OK (בייל)
[11.4%] #3411: "Jastrow, ביילין"... OK (ביילין)
[11.4%] #3412: "Jastrow, בַּיֵּין"... OK (ביין)
[11.4%] #3413: "Jastrow, בִּיֵּיר"... OK (בייר)
[11.4%] #3414: "Jastrow, בַּיָּיר"... duplicate
[11.4%] #3414: "Jastrow, בַּיִּיר"... duplicate
[11.4%] #3414: "Jastrow, בַּיְישֹׁונִי"... OK (ביישוני)
[11.4%] #3415: "Jastrow, ביישיא"... OK (ביישיא)
[11.4%] #3416: "Jastrow, בַּיְישָׁן"... OK (ביישן)
[11.4%] #3417: "Jastrow, בַּיְישַׁנָּאָה"... OK (ביישנאה)
[11.4%] #3418: "Jastrow, בַּיְיתָא"... OK (בייתא)
[11.4%] #3419: "Jastrow, בַּיְיתוֹס"... OK (בייתוס)
[11.4%] #3420: "Jastrow, בַּיָיתוֹת"... OK (בייתות)
[11.4%] #3421: "Jastrow, *בִּיכַאי"... OK (ביכאי)
[11.4%] #3422: "Jastrow, בִּיכּוּרָה"... OK (ביכורה)
[11.4%] #3423: "Jastrow, *בּיל"... OK (ביל)
[11.4%] #3424: "Jastrow, בִּיל"... duplicate
[11.4%] #3424: "Jastrow, בִּילְגָּה"... OK (בילגה)
[11.4%] #3425: "Jastrow, בילדין"... OK (בילדין)
[11.4%] #3426: "Jastrow, בִּילָה"... OK (בילה)
[11.4%] #3427: "Jastrow, בילוות"... OK (בילוות)
[11.4%] #3428: "Jastrow, בִּילוֹן"... OK (בילון)
[11.4%] #3429: "Jastrow, בילוניא"... OK (בילוניא)
[11.4%] #3430: "Jastrow, *בילוס"... OK (בילוס)
[11.4%] #3431: "Jastrow, בילמי"... OK (בילמי)
[11.4%] #3432: "Jastrow, בילן"... OK (בילן)
[11.4%] #3433: "Jastrow, בילני"... OK (בילני)
[11.4%] #3434: "Jastrow, בילפט"... OK (בילפט)
[11.4%] #3435: "Jastrow, *בִּילָּק"... OK (בילק)
[11.5%] #3436: "Jastrow, בילקאות"... OK (בילקאות)
[11.5%] #3437: "Jastrow, בילרין"... OK (בילרין)
[11.5%] #3438: "Jastrow, בִּילְתִּין"... OK (בילתין)
[11.5%] #3439: "Jastrow, בִּימָא"... OK (בימא)
[11.5%] #3440: "Jastrow, בִּימָה"... OK (בימה)
[11.5%] #3441: "Jastrow, בִּימוּס"... OK (בימוס)
[11.5%] #3442: "Jastrow, בִּימִי"... OK (בימי)
[11.5%] #3443: "Jastrow, בימין"... OK (בימין)
[11.5%] #3444: "Jastrow, בִּימָס"... OK (בימס)
[11.5%] #3445: "Jastrow, בִּימְסָא"... OK (בימסא)
[11.5%] #3446: "Jastrow, בִּין"... OK (בין)
[11.5%] #3447: "Jastrow, בִּין ²"... duplicate
[11.5%] #3447: "Jastrow, בַּיִן"... duplicate
[11.5%] #3447: "Jastrow, בֵּין"... duplicate
[11.5%] #3447: "Jastrow, בִּינָא I"... OK (בינא)
[11.5%] #3448: "Jastrow, *בִּינָא II"... duplicate
[11.5%] #3448: "Jastrow, בִּינָא III"... duplicate
[11.5%] #3448: "Jastrow, בִּינָה"... OK (בינה)
  [Saved progress: 3448 entries]
[11.5%] #3449: "Jastrow, בֵּינוֹנִי"... OK (בינוני)
[11.5%] #3450: "Jastrow, בִּינוּתָא"... OK (בינותא)
[11.5%] #3451: "Jastrow, בִּינְזָא"... OK (בינזא)
[11.5%] #3452: "Jastrow, בֵּינֵי"... OK (ביני)
[11.5%] #3453: "Jastrow, בִּינֵי"... duplicate
[11.5%] #3453: "Jastrow, בֵּינַיִין"... OK (ביניין)
[11.5%] #3454: "Jastrow, בִּינְיָין"... duplicate
[11.5%] #3454: "Jastrow, בִּינִיתָא"... OK (ביניתא)
[11.5%] #3455: "Jastrow, *בִּינְכָא"... OK (בינכא)
[11.5%] #3456: "Jastrow, *בינכי"... OK (בינכי)
[11.5%] #3457: "Jastrow, בֵּינָת"... OK (בינת)
[11.5%] #3458: "Jastrow, בִּינָתָא"... OK (בינתא)
[11.5%] #3459: "Jastrow, בִּינְתָא I"... duplicate
[11.5%] #3459: "Jastrow, בִּינְתָא II"... duplicate
[11.5%] #3459: "Jastrow, בֵּינְתַּיִם"... OK (בינתים)
[11.5%] #3460: "Jastrow, בִּיסָא"... OK (ביסא)
[11.5%] #3461: "Jastrow, ביסא"... duplicate
[11.5%] #3461: "Jastrow, ביסי"... OK (ביסי)
[11.5%] #3462: "Jastrow, *בִּיסַי"... duplicate
[11.5%] #3462: "Jastrow, בִּיסֵּם"... OK (ביסם)
[11.5%] #3463: "Jastrow, בִּיסְמָן"... OK (ביסמן)
[11.5%] #3464: "Jastrow, בִּיסְנָא"... OK (ביסנא)
[11.5%] #3465: "Jastrow, בִּיסְתַּרְקָא"... OK (ביסתרקא)
[11.6%] #3466: "Jastrow, בִּיעַ"... OK (ביע)
[11.6%] #3467: "Jastrow, בְּיָעָא"... OK (ביעא)
[11.6%] #3468: "Jastrow, בֵּיעָא"... duplicate
[11.6%] #3468: "Jastrow, בִּיעוּט"... OK (ביעוט)
[11.6%] #3469: "Jastrow, בִּיעוּר"... OK (ביעור)
[11.6%] #3470: "Jastrow, בִּיעוּרָא"... OK (ביעורא)
[11.6%] #3471: "Jastrow, בִּיעוּתָא"... OK (ביעותא)
[11.6%] #3472: "Jastrow, בֵּיעֲתָא"... OK (ביעתא)
[11.6%] #3473: "Jastrow, בִּיעֲתָא"... duplicate
[11.6%] #3473: "Jastrow, בִּיעֲתוּתָא"... OK (ביעתותא)
[11.6%] #3474: "Jastrow, *בִּיץ"... OK (ביץ)
[11.6%] #3475: "Jastrow, בִּיצָּא"... OK (ביצא)
[11.6%] #3476: "Jastrow, בִּיצָּה"... OK (ביצה)
[11.6%] #3477: "Jastrow, בֵּיצָה"... duplicate
[11.6%] #3477: "Jastrow, בִּיצּוּעַ"... OK (ביצוע)
[11.6%] #3478: "Jastrow, בִּיצּוּעָא"... OK (ביצועא)
[11.6%] #3479: "Jastrow, בִּיצּוּר"... OK (ביצור)
[11.6%] #3480: "Jastrow, בִּיצּוּרְתָּא"... OK (ביצורתא)
[11.6%] #3481: "Jastrow, בִּיצְיָאתָא"... OK (ביציאתא)
[11.6%] #3482: "Jastrow, *בִּיצִירְתָּא"... OK (ביצירתא)
[11.6%] #3483: "Jastrow, בִּיצִּית"... OK (ביצית)
[11.6%] #3484: "Jastrow, בִּיצִּיתָא"... OK (ביציתא)
[11.6%] #3485: "Jastrow, בִּיצְעָא"... OK (ביצעא)
[11.6%] #3486: "Jastrow, בִּיצְעֵי"... OK (ביצעי)
[11.6%] #3487: "Jastrow, בִּיצַרְתָּא"... OK (ביצרתא)
[11.6%] #3488: "Jastrow, *בִּיקָא"... OK (ביקא)
[11.6%] #3489: "Jastrow, בִּיקּוּעַ"... OK (ביקוע)
[11.6%] #3490: "Jastrow, בִּיקּוּר"... OK (ביקור)
[11.6%] #3491: "Jastrow, בִּיקּוֹרֶת"... OK (ביקורת)
[11.6%] #3492: "Jastrow, בִּיקְיָא"... OK (ביקיא)
[11.6%] #3493: "Jastrow, ביקעי"... OK (ביקעי)
[11.6%] #3494: "Jastrow, ביקרא"... OK (ביקרא)
[11.6%] #3495: "Jastrow, בִּיקְתָא"... OK (ביקתא)
[11.7%] #3496: "Jastrow, בִּיר"... OK (ביר)
[11.7%] #3497: "Jastrow, בֵּיר"... duplicate
[11.7%] #3497: "Jastrow, בֵּירָאָה"... OK (ביראה)
[11.7%] #3498: "Jastrow, בֵּירַאי"... OK (ביראי)
[11.7%] #3499: "Jastrow, בירבלין"... OK (בירבלין)
[11.7%] #3500: "Jastrow, בִּירָה"... OK (בירה)
[11.7%] #3501: "Jastrow, בירן"... OK (בירן)
[11.7%] #3502: "Jastrow, בִּירוָון"... OK (בירוון)
[11.7%] #3503: "Jastrow, בֵּירוּלִין"... OK (בירולין)
[11.7%] #3504: "Jastrow, בִּירוֹס"... OK (בירוס)
[11.7%] #3505: "Jastrow, בֵּירוּץ"... OK (בירוץ)
[11.7%] #3506: "Jastrow, *בִּירוּצִין"... OK (בירוצין)
[11.7%] #3507: "Jastrow, בֵּירוּר"... OK (בירור)
[11.7%] #3508: "Jastrow, בירזלין"... OK (בירזלין)
[11.7%] #3509: "Jastrow, בֵּירַי"... OK (בירי)
[11.7%] #3510: "Jastrow, בִּירְיָא I"... OK (ביריא)
[11.7%] #3511: "Jastrow, בִּירְיָא II"... duplicate
[11.7%] #3511: "Jastrow, ביריאתא"... OK (ביריאתא)
[11.7%] #3512: "Jastrow, בִּירְיָה"... OK (ביריה)
[11.7%] #3513: "Jastrow, בִּירְיוֹן"... OK (ביריון)
[11.7%] #3514: "Jastrow, בֵּירַיי"... OK (ביריי)
[11.7%] #3515: "Jastrow, בִּירְיִי"... duplicate
[11.7%] #3515: "Jastrow, בֵּירָיָיה"... OK (בירייה)
[11.7%] #3516: "Jastrow, בִּירְיָים"... OK (ביריים)
[11.7%] #3517: "Jastrow, בירייתכון"... OK (בירייתכון)
[11.7%] #3518: "Jastrow, בֵּירֵישָׁא"... OK (בירישא)
[11.7%] #3519: "Jastrow, בֵּירִית"... OK (בירית)
[11.7%] #3520: "Jastrow, בִּירְכָא"... OK (בירכא)
[11.7%] #3521: "Jastrow, בִּירְכָּא"... duplicate
[11.7%] #3521: "Jastrow, בִּירְלָא"... OK (בירלא)
[11.7%] #3522: "Jastrow, בִּירָם"... OK (בירם)
[11.7%] #3523: "Jastrow, בִּירְנִין"... OK (בירנין)
[11.7%] #3524: "Jastrow, בִּירָנִית"... OK (בירנית)
[11.7%] #3525: "Jastrow, בִּירַנְתָּא"... OK (בירנתא)
[11.8%] #3526: "Jastrow, בִּירְצָא"... OK (בירצא)
[11.8%] #3527: "Jastrow, בִּירְקָא"... OK (בירקא)
[11.8%] #3528: "Jastrow, בירקא"... duplicate
[11.8%] #3528: "Jastrow, בֵּירְתָא"... OK (בירתא)
[11.8%] #3529: "Jastrow, בִּירְתָא"... duplicate
[11.8%] #3529: "Jastrow, בִּירְתִין"... OK (בירתין)
[11.8%] #3530: "Jastrow, בִּירְתִית"... OK (בירתית)
[11.8%] #3531: "Jastrow, בִּישׁ I"... OK (ביש)
[11.8%] #3532: "Jastrow, בִּישׁ II"... duplicate
[11.8%] #3532: "Jastrow, בִּישׁוּ"... OK (בישו)
  [Saved progress: 3532 entries]
[11.8%] #3533: "Jastrow, בִּישּׁוּל"... OK (בישול)
[11.8%] #3534: "Jastrow, בִּישׁוּת"... OK (בישות)
[11.8%] #3535: "Jastrow, בִּישֵּׂם"... OK (בישם)
[11.8%] #3536: "Jastrow, בֵּישָׁן"... OK (בישן)
[11.8%] #3537: "Jastrow, בֵּישָׁנִי"... OK (בישני)
[11.8%] #3538: "Jastrow, בִּישְׂרָא"... OK (בישרא)
[11.8%] #3539: "Jastrow, בִּישְׂרָנָא"... OK (בישרנא)
[11.8%] #3540: "Jastrow, בִּישְׁתָּא"... OK (בישתא)
[11.8%] #3541: "Jastrow, בי"ת"... OK (בית)
[11.8%] #3542: "Jastrow, בִּית"... duplicate
[11.8%] #3542: "Jastrow, בַּיִת"... duplicate
[11.8%] #3542: "Jastrow, בֵּיתָא I"... OK (ביתא)
[11.8%] #3543: "Jastrow, בֵּיתָא II"... duplicate
[11.8%] #3543: "Jastrow, בַּיְתָא"... duplicate
[11.8%] #3543: "Jastrow, בי"תא"... duplicate
[11.8%] #3543: "Jastrow, בַּיְתוֹס"... OK (ביתוס)
[11.8%] #3544: "Jastrow, בַּיְתוּסִי"... OK (ביתוסי)
[11.8%] #3545: "Jastrow, ביתור"... OK (ביתור)
[11.8%] #3546: "Jastrow, בית־יוני"... OK (ביתיוני)
[11.8%] #3547: "Jastrow, בִּיתוּתָא"... OK (ביתותא)
[11.8%] #3548: "Jastrow, ביתיס"... OK (ביתיס)
[11.8%] #3549: "Jastrow, בִּיתֵּר"... OK (ביתר)
[11.8%] #3550: "Jastrow, *בֵּיתְרֵי"... OK (ביתרי)
[11.8%] #3551: "Jastrow, *ביתרתה"... OK (ביתרתה)
[11.8%] #3552: "Jastrow, בְּכָא"... OK (בכא)
[11.8%] #3553: "Jastrow, בכוליאר"... OK (בכוליאר)
[11.8%] #3554: "Jastrow, בְּכוֹר"... OK (בכור)
[11.8%] #3555: "Jastrow, בִּכּוּרָא"... OK (בכורא)
[11.8%] #3556: "Jastrow, בִּכּוּרָה"... OK (בכורה)
[11.9%] #3557: "Jastrow, בְּכוֹרָה"... duplicate
[11.9%] #3557: "Jastrow, בְּכוֹרוּתָא"... OK (בכורותא)
[11.9%] #3558: "Jastrow, *בּכּוּשָׁא"... OK (בכושא)
[11.9%] #3559: "Jastrow, בָּכוּתָא"... OK (בכותא)
[11.9%] #3560: "Jastrow, בכי"... OK (בכי)
[11.9%] #3561: "Jastrow, בכי ²"... duplicate
[11.9%] #3561: "Jastrow, בְּכִי I"... duplicate
[11.9%] #3561: "Jastrow, בְּכִי I ²"... duplicate
[11.9%] #3561: "Jastrow, בְּכִי II"... duplicate
[11.9%] #3561: "Jastrow, בְּכָי"... duplicate
[11.9%] #3561: "Jastrow, בִּכְיָא"... OK (בכיא)
[11.9%] #3562: "Jastrow, בַּכְיָא"... duplicate
[11.9%] #3562: "Jastrow, בְּכִיָּה"... OK (בכיה)
[11.9%] #3563: "Jastrow, בִּכְיוּתָא"... OK (בכיותא)
[11.9%] #3564: "Jastrow, בְּכִייָּה"... OK (בכייה)
[11.9%] #3565: "Jastrow, *בַּכְיָין"... OK (בכיין)
[11.9%] #3566: "Jastrow, בְּכֵין"... OK (בכין)
[11.9%] #3567: "Jastrow, בַּכִּיר"... OK (בכיר)
[11.9%] #3568: "Jastrow, בְּכֵירוּתָא"... OK (בכירותא)
[11.9%] #3569: "Jastrow, בְּכִיתָא"... OK (בכיתא)
[11.9%] #3570: "Jastrow, בכלוספין"... OK (בכלוספין)
[11.9%] #3571: "Jastrow, בכנא"... OK (בכנא)
[11.9%] #3572: "Jastrow, בָּכַר"... OK (בכר)
[11.9%] #3573: "Jastrow, בְּכַר"... duplicate
[11.9%] #3573: "Jastrow, בִּכְרָא"... OK (בכרא)
[11.9%] #3574: "Jastrow, בֻּכְרָא"... duplicate
[11.9%] #3574: "Jastrow, בְּכֵרוּתָא"... OK (בכרותא)
[11.9%] #3575: "Jastrow, בַּכַּרְיָא"... OK (בכריא)
[11.9%] #3576: "Jastrow, בַּל"... OK (בל)
[11.9%] #3577: "Jastrow, בֵּל"... duplicate
[11.9%] #3577: "Jastrow, *בָּל"... duplicate
[11.9%] #3577: "Jastrow, בָּלָא"... OK (בלא)
[11.9%] #3578: "Jastrow, בַּלָּא"... duplicate
[11.9%] #3578: "Jastrow, בְּלָא"... duplicate
[11.9%] #3578: "Jastrow, בְּלֹא"... duplicate
[11.9%] #3578: "Jastrow, בְּלָאוֹת"... OK (בלאות)
[11.9%] #3579: "Jastrow, בלאי"... OK (בלאי)
[11.9%] #3580: "Jastrow, בְּלָאֵי"... duplicate
[11.9%] #3580: "Jastrow, בְּלָאִים"... OK (בלאים)
[11.9%] #3581: "Jastrow, בְּלָאִין"... OK (בלאין)
[11.9%] #3582: "Jastrow, בלארי"... OK (בלארי)
[11.9%] #3583: "Jastrow, בלבוטס"... OK (בלבוטס)
[11.9%] #3584: "Jastrow, בִּלְבֵּל"... OK (בלבל)
[11.9%] #3585: "Jastrow, בַּלְבֵּל"... duplicate
[11.9%] #3585: "Jastrow, בלבסים"... OK (בלבסים)
[11.9%] #3586: "Jastrow, בלבקיא"... OK (בלבקיא)
[12.0%] #3587: "Jastrow, *בלג"... OK (בלג)
[12.0%] #3588: "Jastrow, בִּלְגָּה"... OK (בלגה)
[12.0%] #3589: "Jastrow, *בלגי"... OK (בלגי)
[12.0%] #3590: "Jastrow, בַּלְדָּר"... OK (בלדר)
[12.0%] #3591: "Jastrow, בַּלְדַּרְסִין"... OK (בלדרסין)
[12.0%] #3592: "Jastrow, בָּלָה"... OK (בלה)
[12.0%] #3593: "Jastrow, בְּלוֹ"... OK (בלו)
[12.0%] #3594: "Jastrow, *(?)בַּלְוָוטִי"... OK (בלווטי)
[12.0%] #3595: "Jastrow, *בְּלוּזְמָא"... OK (בלוזמא)
[12.0%] #3596: "Jastrow, בָּלוּט"... OK (בלוט)
[12.0%] #3597: "Jastrow, בְּלוּט"... duplicate
[12.0%] #3597: "Jastrow, בְּלוֹיִים"... OK (בלויים)
[12.0%] #3598: "Jastrow, בָּלוּל"... OK (בלול)
[12.0%] #3599: "Jastrow, בלולין"... OK (בלולין)
[12.0%] #3600: "Jastrow, בְּלוֹנְיָא"... OK (בלוניא)
[12.0%] #3601: "Jastrow, בלוניא"... duplicate
[12.0%] #3601: "Jastrow, *בְּלוּנְקֵי"... OK (בלונקי)
[12.0%] #3602: "Jastrow, בלוסא"... OK (בלוסא)
[12.0%] #3603: "Jastrow, בלוספין"... OK (בלוספין)
[12.0%] #3604: "Jastrow, בְּלוּעָה"... OK (בלועה)
[12.0%] #3605: "Jastrow, בלופסין"... OK (בלופסין)
[12.0%] #3606: "Jastrow, בלורי"... OK (בלורי)
[12.0%] #3607: "Jastrow, בְּלוּרְיָא"... OK (בלוריא)
[12.0%] #3608: "Jastrow, בְּלוּרִיֹּות"... OK (בלוריות)
[12.0%] #3609: "Jastrow, *בלורין"... OK (בלורין)
  [Saved progress: 3609 entries]
[12.0%] #3610: "Jastrow, בְּלוּרִית"... OK (בלורית)
[12.0%] #3611: "Jastrow, בְּלוֹרִיתָא"... OK (בלוריתא)
[12.0%] #3612: "Jastrow, בְּלוּשָׁא"... OK (בלושא)
[12.0%] #3613: "Jastrow, בָּלוֹשָׁא"... duplicate
[12.0%] #3613: "Jastrow, בלזמיות"... OK (בלזמיות)
[12.0%] #3614: "Jastrow, *בָּלַח"... OK (בלח)
[12.0%] #3615: "Jastrow, בִּלְחוֹד"... OK (בלחוד)
[12.0%] #3616: "Jastrow, בָּלַט"... OK (בלט)
[12.1%] #3617: "Jastrow, בְּלַט"... duplicate
[12.1%] #3617: "Jastrow, בלטוורא"... OK (בלטוורא)
[12.1%] #3618: "Jastrow, בלי"... OK (בלי)
[12.1%] #3619: "Jastrow, בלי ²"... duplicate
[12.1%] #3619: "Jastrow, בְּלֵי I"... duplicate
[12.1%] #3619: "Jastrow, *בְּלֵי II"... duplicate
[12.1%] #3619: "Jastrow, בְּלִי"... duplicate
[12.1%] #3619: "Jastrow, בליוטוס"... OK (בליוטוס)
[12.1%] #3620: "Jastrow, *בִּלְיוֹנָא"... OK (בליונא)
[12.1%] #3621: "Jastrow, בְּלָיוֹת"... OK (בליות)
[12.1%] #3622: "Jastrow, בְּלִיָּיתָא"... OK (בלייתא)
[12.1%] #3623: "Jastrow, בְּלִילָה"... OK (בלילה)
[12.1%] #3624: "Jastrow, בְּלִים"... OK (בלים)
[12.1%] #3625: "Jastrow, בְּלִימָה"... OK (בלימה)
[12.1%] #3626: "Jastrow, בלינוס"... OK (בלינוס)
[12.1%] #3627: "Jastrow, בַּלִּינֵי"... OK (בליני)
[12.1%] #3628: "Jastrow, בלינירין"... OK (בלינירין)
[12.1%] #3629: "Jastrow, בליסטורי"... OK (בליסטורי)
[12.1%] #3630: "Jastrow, בליסטין"... OK (בליסטין)
[12.1%] #3631: "Jastrow, בַּלִּיסְטְרָא"... OK (בליסטרא)
[12.1%] #3632: "Jastrow, בַּלִּיסְטָרִי"... OK (בליסטרי)
[12.1%] #3633: "Jastrow, בליספימיא"... OK (בליספימיא)
[12.1%] #3634: "Jastrow, בְּלִיעָה"... OK (בליעה)
[12.1%] #3635: "Jastrow, בְּלִיעֵי"... OK (בליעי)
[12.1%] #3636: "Jastrow, בְּלִיַּעַל"... OK (בליעל)
[12.1%] #3637: "Jastrow, בְּלִיעֲתָא"... OK (בליעתא)
[12.1%] #3638: "Jastrow, בליצטורא"... OK (בליצטורא)
[12.1%] #3639: "Jastrow, בליקוס"... OK (בליקוס)
[12.1%] #3640: "Jastrow, בְּלִיתָא"... OK (בליתא)
[12.1%] #3641: "Jastrow, בָּלַל"... OK (בלל)
[12.1%] #3642: "Jastrow, בָּלַם I"... OK (בלם)
[12.1%] #3643: "Jastrow, בָּלַם II"... duplicate
[12.1%] #3643: "Jastrow, בְּלַם"... duplicate
[12.1%] #3643: "Jastrow, *בְּלָמָא"... OK (בלמא)
[12.1%] #3644: "Jastrow, בַּלָּן"... OK (בלן)
[12.1%] #3645: "Jastrow, בַּלַּן"... duplicate
[12.1%] #3645: "Jastrow, בלנטיא"... OK (בלנטיא)
[12.2%] #3646: "Jastrow, בַּלָּנִי"... OK (בלני)
[12.2%] #3647: "Jastrow, בַּלְנֵי"... duplicate
[12.2%] #3647: "Jastrow, בלנידיא"... OK (בלנידיא)
[12.2%] #3648: "Jastrow, בַּלְנְרִין"... OK (בלנרין)
[12.2%] #3649: "Jastrow, בָּלַס"... OK (בלס)
[12.2%] #3650: "Jastrow, בלסימיה"... OK (בלסימיה)
[12.2%] #3651: "Jastrow, בַּלְסָם"... OK (בלסם)
[12.2%] #3652: "Jastrow, בְּלַסְפֵימְיָא"... OK (בלספימיא)
[12.2%] #3653: "Jastrow, בְּלַסְפֵימִיסון"... OK (בלספימיסון)
[12.2%] #3654: "Jastrow, בלסתרא"... OK (בלסתרא)
[12.2%] #3655: "Jastrow, בָּלַע"... OK (בלע)
[12.2%] #3656: "Jastrow, בְּלַע"... duplicate
[12.2%] #3656: "Jastrow, בֶּלַע"... duplicate
[12.2%] #3656: "Jastrow, בַּלָּע"... duplicate
[12.2%] #3656: "Jastrow, בְּלַע ²"... duplicate
[12.2%] #3656: "Jastrow, בלעין"... OK (בלעין)
[12.2%] #3657: "Jastrow, בִּלְעָם"... OK (בלעם)
[12.2%] #3658: "Jastrow, בַּלְעֵס"... OK (בלעס)
[12.2%] #3659: "Jastrow, *בַּלְצָא"... OK (בלצא)
[12.2%] #3660: "Jastrow, בִּלָּק"... OK (בלק)
[12.2%] #3661: "Jastrow, בָּלָק"... duplicate
[12.2%] #3661: "Jastrow, בלקטורים"... OK (בלקטורים)
[12.2%] #3662: "Jastrow, בלקיא"... OK (בלקיא)
[12.2%] #3663: "Jastrow, בלרא"... OK (בלרא)
[12.2%] #3664: "Jastrow, בַּלְרֵי"... OK (בלרי)
[12.2%] #3665: "Jastrow, בלריון"... OK (בלריון)
[12.2%] #3666: "Jastrow, בְּלֵרִיּוֹת"... OK (בלריות)
[12.2%] #3667: "Jastrow, *בלרין"... OK (בלרין)
[12.2%] #3668: "Jastrow, בָּלַשׁ"... OK (בלש)
[12.2%] #3669: "Jastrow, בְּלַשׁ"... duplicate
[12.2%] #3669: "Jastrow, בַּלְשָׁא"... OK (בלשא)
[12.2%] #3670: "Jastrow, בַּלְשִׁי"... OK (בלשי)
[12.2%] #3671: "Jastrow, בֵּלְשָׁפָט"... OK (בלשפט)
[12.2%] #3672: "Jastrow, בַּלֶּשֶׁת"... OK (בלשת)
[12.2%] #3673: "Jastrow, בַּלְתִּי"... OK (בלתי)
[12.2%] #3674: "Jastrow, במגנימין"... OK (במגנימין)
[12.2%] #3675: "Jastrow, בְּמִדְבַּר"... OK (במדבר)
[12.3%] #3676: "Jastrow, בָּמָה"... OK (במה)
[12.3%] #3677: "Jastrow, בָּמוֹסָא"... OK (במוסא)
[12.3%] #3678: "Jastrow, בָּמוֹתָא"... OK (במותא)
[12.3%] #3679: "Jastrow, במיסטאות"... OK (במיסטאות)
[12.3%] #3680: "Jastrow, *בָּמָסָא"... OK (במסא)
[12.3%] #3681: "Jastrow, במרזה"... OK (במרזה)
[12.3%] #3682: "Jastrow, בָּמְתָא"... OK (במתא)
[12.3%] #3683: "Jastrow, בֵּן"... OK (בן)
[12.3%] #3684: "Jastrow, בְּנָא"... OK (בנא)
[12.3%] #3685: "Jastrow, בַּנָּאָה"... OK (בנאה)
[12.3%] #3686: "Jastrow, בַּנַּאי"... OK (בנאי)
[12.3%] #3687: "Jastrow, בַּנַּאי II"... duplicate
[12.3%] #3687: "Jastrow, בַּנָּאִים"... OK (בנאים)
[12.3%] #3688: "Jastrow, בנאיתא"... OK (בנאיתא)
[12.3%] #3689: "Jastrow, בְּנָאתָן"... OK (בנאתן)
[12.3%] #3690: "Jastrow, בָּנוֹיָא"... OK (בנויא)
[12.3%] #3691: "Jastrow, בָּנוֹת"... OK (בנות)
[12.3%] #3692: "Jastrow, בני"... OK (בני)
  [Saved progress: 3692 entries]
[12.3%] #3693: "Jastrow, בֵּנוֹנִי"... OK (בנוני)
[12.3%] #3694: "Jastrow, בְּנֵי"... duplicate
[12.3%] #3694: "Jastrow, בִּנְיָאתָא"... OK (בניאתא)
[12.3%] #3695: "Jastrow, *בְּנִיגְנֵי"... OK (בניגני)
[12.3%] #3696: "Jastrow, בַּנָּיָה"... OK (בניה)
[12.3%] #3697: "Jastrow, בַּנָּיָיה II"... OK (בנייה)
[12.3%] #3698: "Jastrow, בֵּנַיִים"... OK (בניים)
[12.3%] #3699: "Jastrow, בִּנְיָינָא"... OK (בניינא)
[12.3%] #3700: "Jastrow, בניינות"... OK (בניינות)
[12.3%] #3701: "Jastrow, בִּנְיָיתָא"... OK (בנייתא)
[12.3%] #3702: "Jastrow, בִּנְיָן"... OK (בנין)
[12.3%] #3703: "Jastrow, בִּנְיָנָא"... OK (בנינא)
[12.3%] #3704: "Jastrow, בְּנִיסָא"... OK (בניסא)
[12.3%] #3705: "Jastrow, בניסן"... OK (בניסן)
[12.3%] #3706: "Jastrow, בְּנִיפִיקִין"... OK (בניפיקין)
[12.4%] #3707: "Jastrow, בְּנִיפִיקָרִין"... OK (בניפיקרין)
[12.4%] #3708: "Jastrow, בִּנְיָתָא"... OK (בניתא)
[12.4%] #3709: "Jastrow, *בִּנְכֵּי"... OK (בנכי)
[12.4%] #3710: "Jastrow, בְּנָן"... OK (בנן)
[12.4%] #3711: "Jastrow, בְּנַס"... OK (בנס)
[12.4%] #3712: "Jastrow, בְּנָסָא"... OK (בנסא)
[12.4%] #3713: "Jastrow, בנפיקין"... OK (בנפיקין)
[12.4%] #3714: "Jastrow, בַּנְּרִיּוֹת"... OK (בנריות)
[12.4%] #3715: "Jastrow, בַּנַּרְיָיתָא"... OK (בנרייתא)
[12.4%] #3716: "Jastrow, בנרסיי"... OK (בנרסיי)
[12.4%] #3717: "Jastrow, בְּנָתָא"... OK (בנתא)
[12.4%] #3718: "Jastrow, בֵּנְתַּיִים"... OK (בנתיים)
[12.4%] #3719: "Jastrow, בנתיקה"... OK (בנתיקה)
[12.4%] #3720: "Jastrow, בְּסָא"... OK (בסא)
[12.4%] #3721: "Jastrow, *בסאטה"... OK (בסאטה)
[12.4%] #3722: "Jastrow, בסבסטי"... OK (בסבסטי)
[12.4%] #3723: "Jastrow, בס"גר"... OK (בסגר)
[12.4%] #3724: "Jastrow, בסגר"... duplicate
[12.4%] #3724: "Jastrow, בְּסוּמָא"... OK (בסומא)
[12.4%] #3725: "Jastrow, בסוס"... OK (בסוס)
[12.4%] #3726: "Jastrow, בְּסוֹרָא"... OK (בסורא)
[12.4%] #3727: "Jastrow, בְּסוֹרָה"... OK (בסורה)
[12.4%] #3728: "Jastrow, *בֶּסְטְיָא"... OK (בסטיא)
[12.4%] #3729: "Jastrow, בסי"... OK (בסי)
[12.4%] #3730: "Jastrow, בִּסְיָא"... OK (בסיא)
[12.4%] #3731: "Jastrow, בסיג׳"... OK (בסיג)
[12.4%] #3732: "Jastrow, בסילגוס"... OK (בסילגוס)
[12.4%] #3733: "Jastrow, בָּסִילֵיאוֹס"... OK (בסיליאוס)
[12.4%] #3734: "Jastrow, בָּסִילְיוֹן"... OK (בסיליון)
[12.4%] #3735: "Jastrow, בָּסִילְיוֹס"... OK (בסיליוס)
[12.4%] #3736: "Jastrow, בָּסִילְקִי"... OK (בסילקי)
[12.5%] #3737: "Jastrow, בְּסִים"... OK (בסים)
[12.5%] #3738: "Jastrow, בָּסִים"... duplicate
[12.5%] #3738: "Jastrow, בְּסִימָא"... OK (בסימא)
[12.5%] #3739: "Jastrow, בְּסִימָה"... OK (בסימה)
[12.5%] #3740: "Jastrow, בְּסִימוּתָא"... OK (בסימותא)
[12.5%] #3741: "Jastrow, בַּסִּימַיָּא"... OK (בסימיא)
[12.5%] #3742: "Jastrow, *בַּסִּין"... OK (בסין)
[12.5%] #3743: "Jastrow, בְּסִיס"... OK (בסיס)
[12.5%] #3744: "Jastrow, בָּסִיס"... duplicate
[12.5%] #3744: "Jastrow, בְּסִיס ²"... duplicate
[12.5%] #3744: "Jastrow, בְּסִיסַי"... OK (בסיסי)
[12.5%] #3745: "Jastrow, בְּסִיר"... OK (בסיר)
[12.5%] #3746: "Jastrow, בְּסִירוּתָא"... OK (בסירותא)
[12.5%] #3747: "Jastrow, בסלקי"... OK (בסלקי)
[12.5%] #3748: "Jastrow, בָּסֵם"... OK (בסם)
[12.5%] #3749: "Jastrow, בְּסַם"... duplicate
[12.5%] #3749: "Jastrow, בַּסָּם"... duplicate
[12.5%] #3749: "Jastrow, בִּסְמָא"... OK (בסמא)
[12.5%] #3750: "Jastrow, בָּסַס"... OK (בסס)
[12.5%] #3751: "Jastrow, בְּסַס"... duplicate
[12.5%] #3751: "Jastrow, בְּסָסִית"... OK (בססית)
[12.5%] #3752: "Jastrow, בָּסַר I"... OK (בסר)
[12.5%] #3753: "Jastrow, בְּסַר"... duplicate
[12.5%] #3753: "Jastrow, בָּסַר II"... duplicate
[12.5%] #3753: "Jastrow, בְּסַר ²"... duplicate
[12.5%] #3753: "Jastrow, בְּסַר III"... duplicate
[12.5%] #3753: "Jastrow, בסרייא"... OK (בסרייא)
[12.5%] #3754: "Jastrow, בַּסְרָנוּתָא"... OK (בסרנותא)
[12.5%] #3755: "Jastrow, *בִּסְתַּיָּיר"... OK (בסתייר)
[12.5%] #3756: "Jastrow, בִּסְתְּקָא"... OK (בסתקא)
[12.5%] #3757: "Jastrow, בִּסְתַּרְקָא"... OK (בסתרקא)
[12.5%] #3758: "Jastrow, בְּעָא"... OK (בעא)
[12.5%] #3759: "Jastrow, בָּעָאתָא"... OK (בעאתא)
[12.5%] #3760: "Jastrow, בִּעְבּוּעַ"... OK (בעבוע)
[12.5%] #3761: "Jastrow, בִּעְבֵּעַ"... OK (בעבע)
[12.5%] #3762: "Jastrow, *בַּעְבַּע"... duplicate
[12.5%] #3762: "Jastrow, בעד"... OK (בעד)
[12.5%] #3763: "Jastrow, בָּעָה"... OK (בעה)
[12.5%] #3764: "Jastrow, בָּעוּ"... OK (בעו)
[12.5%] #3765: "Jastrow, בְּעוֹד"... OK (בעוד)
[12.6%] #3766: "Jastrow, בְּעוֹט"... OK (בעוט)
[12.6%] #3767: "Jastrow, בָּעוּר"... OK (בעור)
[12.6%] #3768: "Jastrow, בָּעוּתָא"... OK (בעותא)
[12.6%] #3769: "Jastrow, בָּעַט I"... OK (בעט)
[12.6%] #3770: "Jastrow, בָּעַט II"... duplicate
[12.6%] #3770: "Jastrow, בְּעַט"... duplicate
[12.6%] #3770: "Jastrow, בַּעֲטָן"... OK (בעטן)
[12.6%] #3771: "Jastrow, בעי"... OK (בעי)
[12.6%] #3772: "Jastrow, בְּעֵי I"... duplicate
[12.6%] #3772: "Jastrow, בְּעֵי II"... duplicate
[12.6%] #3772: "Jastrow, בַּעְיָא"... OK (בעיא)
[12.6%] #3773: "Jastrow, *בָּעְיָא"... duplicate
[12.6%] #3773: "Jastrow, בָּעְיָיא"... OK (בעייא)
[12.6%] #3774: "Jastrow, בֵּעַיָּיא"... duplicate
  [Saved progress: 3773 entries]
[12.6%] #3774: "Jastrow, בְּעֵיט"... OK (בעיט)
[12.6%] #3775: "Jastrow, בְּעִיטָא"... OK (בעיטא)
[12.6%] #3776: "Jastrow, בְּעִיטָה"... OK (בעיטה)
[12.6%] #3777: "Jastrow, בְּעֵיל"... OK (בעיל)
[12.6%] #3778: "Jastrow, בְּעִילָה"... OK (בעילה)
[12.6%] #3779: "Jastrow, בְּעִיץ I"... OK (בעיץ)
[12.6%] #3780: "Jastrow, *בְּעִיץ II"... duplicate
[12.6%] #3780: "Jastrow, בְּעֵיר"... OK (בעיר)
[12.6%] #3781: "Jastrow, בְּעִיר"... duplicate
[12.6%] #3781: "Jastrow, בְּעֵית"... OK (בעית)
[12.6%] #3782: "Jastrow, בָּעַל"... OK (בעל)
[12.6%] #3783: "Jastrow, בְּעַל"... duplicate
[12.6%] #3783: "Jastrow, בַּעַל"... duplicate
[12.6%] #3783: "Jastrow, בַּעֲלָא"... OK (בעלא)
[12.6%] #3784: "Jastrow, בַּעֲלָה"... OK (בעלה)
[12.6%] #3785: "Jastrow, בְּעַע"... OK (בעע)
[12.6%] #3786: "Jastrow, *בְּעַץ"... OK (בעץ)
[12.6%] #3787: "Jastrow, בַּעַץ"... duplicate
[12.6%] #3787: "Jastrow, בַּעֲצָא"... OK (בעצא)
[12.6%] #3788: "Jastrow, בָּעַר"... OK (בער)
[12.6%] #3789: "Jastrow, בְּעַר I"... duplicate
[12.6%] #3789: "Jastrow, *בְּעַר II"... duplicate
[12.6%] #3789: "Jastrow, בְּעֵרָה"... OK (בערה)
[12.6%] #3790: "Jastrow, בְּעַשׁ"... OK (בעש)
[12.6%] #3791: "Jastrow, בָּעַת"... OK (בעת)
[12.6%] #3792: "Jastrow, בְּעֵת"... duplicate
[12.6%] #3792: "Jastrow, בַּעֲתָא I"... OK (בעתא)
[12.6%] #3793: "Jastrow, בַּעֲתָא II"... duplicate
[12.6%] #3793: "Jastrow, בפה"... OK (בפה)
[12.6%] #3794: "Jastrow, בְּצָא"... OK (בצא)
[12.6%] #3795: "Jastrow, בִּצָּא"... duplicate
[12.6%] #3795: "Jastrow, בִּצְבּוּץ"... OK (בצבוץ)
[12.7%] #3796: "Jastrow, בִּצְבֵּץ"... OK (בצבץ)
[12.7%] #3797: "Jastrow, בַּצְבֵּץ"... duplicate
[12.7%] #3797: "Jastrow, בֵּצָה"... OK (בצה)
[12.7%] #3798: "Jastrow, בִּצָּה"... duplicate
[12.7%] #3798: "Jastrow, בְּצוֹצְטְרָא"... OK (בצוצטרא)
[12.7%] #3799: "Jastrow, בְּצוֹצְרָה"... OK (בצוצרה)
[12.7%] #3800: "Jastrow, בְּצוֹצְרִיּוֹת"... OK (בצוצריות)
[12.7%] #3801: "Jastrow, בַּצּוֹרֶת"... OK (בצורת)
[12.7%] #3802: "Jastrow, בַּצּוֹרְתָא"... OK (בצורתא)
[12.7%] #3803: "Jastrow, בְּצוּרְתָא"... duplicate
[12.7%] #3803: "Jastrow, בֵּצִים"... OK (בצים)
[12.7%] #3804: "Jastrow, בִּצִּים"... duplicate
[12.7%] #3804: "Jastrow, בָּצִיר I"... OK (בציר)
[12.7%] #3805: "Jastrow, בָּצִיר II"... duplicate
[12.7%] #3805: "Jastrow, בְּצִיר"... duplicate
[12.7%] #3805: "Jastrow, בַּצִּירָא"... OK (בצירא)
[12.7%] #3806: "Jastrow, בְּצִירָה"... OK (בצירה)
[12.7%] #3807: "Jastrow, בְּצִירְתָּא"... OK (בצירתא)
[12.7%] #3808: "Jastrow, בְּצַל"... OK (בצל)
[12.7%] #3809: "Jastrow, בָּצֵל"... duplicate
[12.7%] #3809: "Jastrow, בָּצְלָא"... OK (בצלא)
[12.7%] #3810: "Jastrow, בְּצַלְאֵל"... OK (בצלאל)
[12.7%] #3811: "Jastrow, בצלה"... OK (בצלה)
[12.7%] #3812: "Jastrow, בְּצָלִים"... OK (בצלים)
[12.7%] #3813: "Jastrow, בְּצַלְצוּל"... OK (בצלצול)
[12.7%] #3814: "Jastrow, בָּצַע"... OK (בצע)
[12.7%] #3815: "Jastrow, בְּצַע"... duplicate
[12.7%] #3815: "Jastrow, בִּצְעָה"... OK (בצעה)
[12.7%] #3816: "Jastrow, בָּצַץ"... OK (בצץ)
[12.7%] #3817: "Jastrow, בָּצֵק"... OK (בצק)
[12.7%] #3818: "Jastrow, בָּצַר"... OK (בצר)
[12.7%] #3819: "Jastrow, בָּצֵר"... duplicate
[12.7%] #3819: "Jastrow, בְּצַר"... duplicate
[12.7%] #3819: "Jastrow, בֶּצֶר"... duplicate
[12.7%] #3819: "Jastrow, בָּצְרָאָה"... OK (בצראה)
[12.7%] #3820: "Jastrow, *בֶּצֶת"... OK (בצת)
[12.7%] #3821: "Jastrow, בַּקָּא"... OK (בקא)
[12.7%] #3822: "Jastrow, בְּקָא"... duplicate
[12.7%] #3822: "Jastrow, בקוותא"... OK (בקוותא)
[12.7%] #3823: "Jastrow, בַּקּוֹלְסָא"... OK (בקולסא)
[12.7%] #3824: "Jastrow, בקורות"... OK (בקורות)
[12.7%] #3825: "Jastrow, בִּקּוֹרֶת"... OK (בקורת)
[12.8%] #3826: "Jastrow, בְּקִי"... OK (בקי)
[12.8%] #3827: "Jastrow, בָּקִי"... duplicate
[12.8%] #3827: "Jastrow, בִּקְיָא"... OK (בקיא)
[12.8%] #3828: "Jastrow, בְּקִיעַ I"... OK (בקיע)
[12.8%] #3829: "Jastrow, בְּקִיעַ II"... duplicate
[12.8%] #3829: "Jastrow, בְּקִיעָא"... OK (בקיעא)
[12.8%] #3830: "Jastrow, בְּקִיעָה"... OK (בקיעה)
[12.8%] #3831: "Jastrow, בְּקִיעִין"... OK (בקיעין)
[12.8%] #3832: "Jastrow, בְּקִיקָא"... OK (בקיקא)
[12.8%] #3833: "Jastrow, בקלאנין"... OK (בקלאנין)
[12.8%] #3834: "Jastrow, *בַּקְלָסָא"... OK (בקלסא)
[12.8%] #3835: "Jastrow, בָּקַע"... OK (בקע)
[12.8%] #3836: "Jastrow, בֶּקַע"... duplicate
[12.8%] #3836: "Jastrow, בִּקְעָא"... OK (בקעא)
[12.8%] #3837: "Jastrow, בִּקְעָה"... OK (בקעה)
[12.8%] #3838: "Jastrow, בקעי"... OK (בקעי)
[12.8%] #3839: "Jastrow, בְּקַעַת"... OK (בקעת)
[12.8%] #3840: "Jastrow, בְּקַעֲתָא"... OK (בקעתא)
[12.8%] #3841: "Jastrow, בַּקְעֲתָא"... duplicate
[12.8%] #3841: "Jastrow, בָּקַר"... OK (בקר)
[12.8%] #3842: "Jastrow, בְּקַר"... duplicate
[12.8%] #3842: "Jastrow, בֹּקֶר"... duplicate
[12.8%] #3842: "Jastrow, בָּקָר"... duplicate
[12.8%] #3842: "Jastrow, בַּקָּר"... duplicate
[12.8%] #3842: "Jastrow, בַּקָּרָא I"... OK (בקרא)
[12.8%] #3843: "Jastrow, *בַּקָּרָא II"... duplicate
  [Saved progress: 3842 entries]
[12.8%] #3843: "Jastrow, בַּקְרָא"... duplicate
[12.8%] #3843: "Jastrow, בַּקְרוּת"... OK (בקרות)
[12.8%] #3844: "Jastrow, בַּקְרוּתָא I"... OK (בקרותא)
[12.8%] #3845: "Jastrow, בַּקְרוּתָא II"... duplicate
[12.8%] #3845: "Jastrow, בַּקְרַת"... OK (בקרת)
[12.8%] #3846: "Jastrow, בָּקַשׁ"... OK (בקש)
[12.8%] #3847: "Jastrow, בַּקָּשָׁה"... OK (בקשה)
[12.8%] #3848: "Jastrow, בִּקְתָא"... OK (בקתא)
[12.8%] #3849: "Jastrow, בַּקְּתָא"... duplicate
[12.8%] #3849: "Jastrow, בַּר I"... OK (בר)
[12.8%] #3850: "Jastrow, בַּר"... duplicate
[12.8%] #3850: "Jastrow, בַּר II"... duplicate
[12.8%] #3850: "Jastrow, בַּר III"... duplicate
[12.8%] #3850: "Jastrow, בַּר IV"... duplicate
[12.8%] #3850: "Jastrow, בָּרָא I"... OK (ברא)
[12.8%] #3851: "Jastrow, בָּרָא II"... duplicate
[12.8%] #3851: "Jastrow, בְּרָא II"... duplicate
[12.8%] #3851: "Jastrow, בָּרָאָה"... OK (בראה)
[12.8%] #3852: "Jastrow, בְּרָאִי"... OK (בראי)
[12.8%] #3853: "Jastrow, בְּרֵאשִׁית"... OK (בראשית)
[12.8%] #3854: "Jastrow, ברבוי"... OK (ברבוי)
[12.8%] #3855: "Jastrow, בַּרְבּוּרִים"... OK (ברבורים)
[12.8%] #3856: "Jastrow, בְּרַבִּי"... OK (ברבי)
[12.9%] #3857: "Jastrow, *בַּרְבַּיִי"... OK (ברביי)
[12.9%] #3858: "Jastrow, ברבר"... OK (ברבר)
[12.9%] #3859: "Jastrow, בַּרְבְּרָאָה"... OK (ברבראה)
[12.9%] #3860: "Jastrow, בַּרְבַּרוֹן"... OK (ברברון)
[12.9%] #3861: "Jastrow, בַּרְבָּרִי"... OK (ברברי)
[12.9%] #3862: "Jastrow, בַּרְבְּרַי"... duplicate
[12.9%] #3862: "Jastrow, בַּרְבַּרְיָא"... OK (ברבריא)
[12.9%] #3863: "Jastrow, ברברית"... OK (ברברית)
[12.9%] #3864: "Jastrow, בַּרְגְּזָא"... OK (ברגזא)
[12.9%] #3865: "Jastrow, בָּרָד"... OK (ברד)
[12.9%] #3866: "Jastrow, בַּרְדָּא I"... OK (ברדא)
[12.9%] #3867: "Jastrow, בַּרְדָּא II"... duplicate
[12.9%] #3867: "Jastrow, בַּרְדָּא III"... duplicate
[12.9%] #3867: "Jastrow, בַּרְדִּילָא"... OK (ברדילא)
[12.9%] #3868: "Jastrow, ברדין"... OK (ברדין)
[12.9%] #3869: "Jastrow, ברדינין"... OK (ברדינין)
[12.9%] #3870: "Jastrow, בַּרְדִּיסִין"... OK (ברדיסין)
[12.9%] #3871: "Jastrow, בַּרְדְּלָא"... OK (ברדלא)
[12.9%] #3872: "Jastrow, ברדלה"... OK (ברדלה)
[12.9%] #3873: "Jastrow, בַּרְדְּלָיָא"... OK (ברדליא)
[12.9%] #3874: "Jastrow, בַּרְדְּלִיס"... OK (ברדליס)
[12.9%] #3875: "Jastrow, ברדניקוס"... OK (ברדניקוס)
[12.9%] #3876: "Jastrow, ברדס"... OK (ברדס)
[12.9%] #3877: "Jastrow, בַּרְדְּסִין"... OK (ברדסין)
[12.9%] #3878: "Jastrow, *בַּרְדֵּק"... OK (ברדק)
[12.9%] #3879: "Jastrow, בָּרָה"... OK (ברה)
[12.9%] #3880: "Jastrow, בִּרְוָון"... OK (ברוון)
[12.9%] #3881: "Jastrow, ברובה"... OK (ברובה)
[12.9%] #3882: "Jastrow, *ברווזא"... OK (ברווזא)
[12.9%] #3883: "Jastrow, ברויירא"... OK (ברויירא)
[12.9%] #3884: "Jastrow, *בָּרוּךְ"... OK (ברוך)
[12.9%] #3885: "Jastrow, בְּרוֹכִי"... OK (ברוכי)
[13.0%] #3886: "Jastrow, ברולקי"... OK (ברולקי)
[13.0%] #3887: "Jastrow, בִּרְיָן"... OK (ברין)
[13.0%] #3888: "Jastrow, בְּרוּנָא I"... OK (ברונא)
[13.0%] #3889: "Jastrow, בְּרוּנָא I ²"... duplicate
[13.0%] #3889: "Jastrow, בָּרוֹקָא I"... OK (ברוקא)
[13.0%] #3890: "Jastrow, בָּרוֹקָא II"... duplicate
[13.0%] #3890: "Jastrow, בָּרוֹקָא III"... duplicate
[13.0%] #3890: "Jastrow, *בְּרוּקְלֵי"... OK (ברוקלי)
[13.0%] #3891: "Jastrow, בְּרוּקְתִּי"... OK (ברוקתי)
[13.0%] #3892: "Jastrow, בָּרוּר"... OK (ברור)
[13.0%] #3893: "Jastrow, בֵּרוּר"... duplicate
[13.0%] #3893: "Jastrow, בְּרוֹר"... duplicate
[13.0%] #3893: "Jastrow, בְּרוּרְיָא"... OK (ברוריא)
[13.0%] #3894: "Jastrow, בְּרוֹשׁ"... OK (ברוש)
[13.0%] #3895: "Jastrow, ברושייתא"... OK (ברושייתא)
[13.0%] #3896: "Jastrow, בְּרוֹת"... OK (ברות)
[13.0%] #3897: "Jastrow, בְּרוֹתָא"... OK (ברותא)
[13.0%] #3898: "Jastrow, בָּרוּתָא"... duplicate
[13.0%] #3898: "Jastrow, בְּרַז"... OK (ברז)
[13.0%] #3899: "Jastrow, בִּרְזָא I"... OK (ברזא)
[13.0%] #3900: "Jastrow, בִּרְזָא II"... duplicate
[13.0%] #3900: "Jastrow, בַּרְזֵג"... OK (ברזג)
[13.0%] #3901: "Jastrow, ברזות"... OK (ברזות)
[13.0%] #3902: "Jastrow, בַּרְזֵיל"... OK (ברזיל)
[13.0%] #3903: "Jastrow, ברזילא"... OK (ברזילא)
[13.0%] #3904: "Jastrow, *בַּרְזִילָה"... OK (ברזילה)
[13.0%] #3905: "Jastrow, בַּרְזִינָא"... OK (ברזינא)
[13.0%] #3906: "Jastrow, בִּרְזַיִת"... OK (ברזית)
[13.0%] #3907: "Jastrow, בַּרְזִיתָא"... OK (ברזיתא)
[13.0%] #3908: "Jastrow, בַּרְזֶל"... OK (ברזל)
[13.0%] #3909: "Jastrow, בַּרְזֶל ²"... duplicate
[13.0%] #3909: "Jastrow, בַּרְזָנִיתָא"... OK (ברזניתא)
[13.0%] #3910: "Jastrow, בָּרַח"... OK (ברח)
[13.0%] #3911: "Jastrow, בְּרַח"... duplicate
[13.0%] #3911: "Jastrow, בַּרְחָא"... OK (ברחא)
[13.0%] #3912: "Jastrow, *ברטיא"... OK (ברטיא)
[13.0%] #3913: "Jastrow, בְּרִטַנְיָא"... OK (ברטניא)
[13.0%] #3914: "Jastrow, בֵּרַי"... OK (ברי)
[13.0%] #3915: "Jastrow, ברי I"... duplicate
[13.0%] #3915: "Jastrow, ברי"... duplicate
[13.0%] #3915: "Jastrow, ברי II"... duplicate
[13.0%] #3915: "Jastrow, בָּרִי"... duplicate
[13.0%] #3915: "Jastrow, בְּרִי"... duplicate
[13.0%] #3915: "Jastrow, בָּרְיָא"... OK (בריא)
[13.1%] #3916: "Jastrow, בְּרִיאָה"... OK (בריאה)
  [Saved progress: 3916 entries]
[13.1%] #3917: "Jastrow, בְּרִיאוּת"... OK (בריאות)
[13.1%] #3918: "Jastrow, בְּרִיאוּתָא"... OK (בריאותא)
[13.1%] #3919: "Jastrow, בְּרִיבִּי"... OK (בריבי)
[13.1%] #3920: "Jastrow, בִּרְיָה"... OK (בריה)
[13.1%] #3921: "Jastrow, בָּרָיָה"... duplicate
[13.1%] #3921: "Jastrow, *בריה"... duplicate
[13.1%] #3921: "Jastrow, בִּרְיוֹן"... OK (בריון)
[13.1%] #3922: "Jastrow, בַּרְיוֹנָא"... OK (בריונא)
[13.1%] #3923: "Jastrow, בְּרִיּוּת"... OK (בריות)
[13.1%] #3924: "Jastrow, בַּרְיוּתָא"... OK (בריותא)
[13.1%] #3925: "Jastrow, בְּרֵיז"... OK (בריז)
[13.1%] #3926: "Jastrow, בָּרֵיז"... duplicate
[13.1%] #3926: "Jastrow, בָּרִיחַ"... OK (בריח)
[13.1%] #3927: "Jastrow, בְּרִיחָה"... OK (בריחה)
[13.1%] #3928: "Jastrow, בריחי"... OK (בריחי)
[13.1%] #3929: "Jastrow, בְּרִיטַנְיָא"... OK (בריטניא)
[13.1%] #3930: "Jastrow, בָּרְיָיא"... OK (ברייא)
[13.1%] #3931: "Jastrow, בָּרָיָיא"... duplicate
[13.1%] #3931: "Jastrow, בְּרִיָּיה"... OK (ברייה)
[13.1%] #3932: "Jastrow, בִּרְיָיה"... duplicate
[13.1%] #3932: "Jastrow, בָּרָיָיה"... duplicate
[13.1%] #3932: "Jastrow, בָּרַיְיתָא"... OK (ברייתא)
[13.1%] #3933: "Jastrow, בִּרְיְיתָא"... duplicate
[13.1%] #3933: "Jastrow, בְּרִיכָא"... OK (בריכא)
[13.1%] #3934: "Jastrow, בְּרִיכָה"... OK (בריכה)
[13.1%] #3935: "Jastrow, בְּרֵיכָה"... duplicate
[13.1%] #3935: "Jastrow, *בריכסון"... OK (בריכסון)
[13.1%] #3936: "Jastrow, בְּרֵיכְתָא"... OK (בריכתא)
[13.1%] #3937: "Jastrow, *בָּרִין"... duplicate
[13.1%] #3937: "Jastrow, בְּרֵיק"... OK (בריק)
[13.1%] #3938: "Jastrow, בריקא"... OK (בריקא)
[13.1%] #3939: "Jastrow, בריקשון"... OK (בריקשון)
[13.1%] #3940: "Jastrow, בָּרִיר"... OK (בריר)
[13.1%] #3941: "Jastrow, בְּרִירָה"... OK (ברירה)
[13.1%] #3942: "Jastrow, בְּרֵירָה"... duplicate
[13.1%] #3942: "Jastrow, בָּרִירוּ"... OK (ברירו)
[13.1%] #3943: "Jastrow, בְּרִירוּת"... OK (ברירות)
[13.1%] #3944: "Jastrow, בְּרִירוּתָא"... OK (ברירותא)
[13.1%] #3945: "Jastrow, *בריש"... OK (בריש)
[13.2%] #3946: "Jastrow, בְּרִית"... OK (ברית)
[13.2%] #3947: "Jastrow, בֵּרִית"... duplicate
[13.2%] #3947: "Jastrow, בִּרְיְתָא"... OK (בריתא)
[13.2%] #3948: "Jastrow, בָּרַיְתָא"... duplicate
[13.2%] #3948: "Jastrow, בריתא"... duplicate
[13.2%] #3948: "Jastrow, בָּרַךְ"... OK (ברך)
[13.2%] #3949: "Jastrow, בְּרַךְ"... duplicate
[13.2%] #3949: "Jastrow, בֶּרֶךְ"... duplicate
[13.2%] #3949: "Jastrow, בֶּרֶךְ ²"... duplicate
[13.2%] #3949: "Jastrow, בִּרְכָא"... OK (ברכא)
[13.2%] #3950: "Jastrow, בְּרָכָה"... OK (ברכה)
[13.2%] #3951: "Jastrow, ברכוייד"... OK (ברכוייד)
[13.2%] #3952: "Jastrow, בִּרְכַּיָּיר"... OK (ברכייר)
[13.2%] #3953: "Jastrow, ברכר"... OK (ברכר)
[13.2%] #3954: "Jastrow, בְּרֵכַת"... OK (ברכת)
[13.2%] #3955: "Jastrow, בִּרְכְתָא"... OK (ברכתא)
[13.2%] #3956: "Jastrow, בְּרַכְתָּא"... duplicate
[13.2%] #3956: "Jastrow, בְּרַם"... OK (ברם)
[13.2%] #3957: "Jastrow, *ברמור"... OK (ברמור)
[13.2%] #3958: "Jastrow, *ברנטין"... OK (ברנטין)
[13.2%] #3959: "Jastrow, בַּרְנֵישׁ"... OK (ברניש)
[13.2%] #3960: "Jastrow, ברנקיא"... OK (ברנקיא)
[13.2%] #3961: "Jastrow, בַּרְנֵשׁ"... OK (ברנש)
[13.2%] #3962: "Jastrow, *ברס"... OK (ברס)
[13.2%] #3963: "Jastrow, בִּרְסִין"... OK (ברסין)
[13.2%] #3964: "Jastrow, *בַּרְסָם"... OK (ברסם)
[13.2%] #3965: "Jastrow, ברסנה"... OK (ברסנה)
[13.2%] #3966: "Jastrow, בָּרַץ"... OK (ברץ)
[13.2%] #3967: "Jastrow, בְּרַץ"... duplicate
[13.2%] #3967: "Jastrow, בַּרְצוּץ"... OK (ברצוץ)
[13.2%] #3968: "Jastrow, בַּרְצִיתָא"... OK (ברציתא)
[13.2%] #3969: "Jastrow, בָּרַק"... OK (ברק)
[13.2%] #3970: "Jastrow, בְּרַק I"... duplicate
[13.2%] #3970: "Jastrow, בָּרָק"... duplicate
[13.2%] #3970: "Jastrow, בְּרַק II"... duplicate
[13.2%] #3970: "Jastrow, בְּרַק III"... duplicate
[13.2%] #3970: "Jastrow, בַּרְקָא II"... OK (ברקא)
[13.2%] #3971: "Jastrow, *בַּרְקָא III"... duplicate
[13.2%] #3971: "Jastrow, בַּרְקַאי I"... OK (ברקאי)
[13.2%] #3972: "Jastrow, בַּרְקַאי II"... duplicate
[13.2%] #3972: "Jastrow, ברקום"... OK (ברקום)
[13.2%] #3973: "Jastrow, בַּרְקוּרְיָאנִי"... OK (ברקוריאני)
[13.2%] #3974: "Jastrow, בַּרְקוּת"... OK (ברקות)
[13.2%] #3975: "Jastrow, בְּרַקִּין"... OK (ברקין)
[13.3%] #3976: "Jastrow, בַּרְקִירְיָא"... OK (ברקיריא)
[13.3%] #3977: "Jastrow, בַּרְקִית"... OK (ברקית)
[13.3%] #3978: "Jastrow, בַּרְקָן"... OK (ברקן)
[13.3%] #3979: "Jastrow, בַּרְקָנַיָּא"... OK (ברקניא)
[13.3%] #3980: "Jastrow, בַּרְקָנִים"... OK (ברקנים)
[13.3%] #3981: "Jastrow, בָּרֶקֶת"... OK (ברקת)
[13.3%] #3982: "Jastrow, בַּרְקָתָא"... OK (ברקתא)
[13.3%] #3983: "Jastrow, בַּרְקָתָא ²"... duplicate
[13.3%] #3983: "Jastrow, בְּרַקְתִּי"... OK (ברקתי)
[13.3%] #3984: "Jastrow, בָּרַר"... OK (ברר)
[13.3%] #3985: "Jastrow, בְּרַר"... duplicate
[13.3%] #3985: "Jastrow, בְּרָרָא"... OK (בררא)
[13.3%] #3986: "Jastrow, *ברשאן"... OK (ברשאן)
[13.3%] #3987: "Jastrow, בְּרַת I"... OK (ברת)
[13.3%] #3988: "Jastrow, בְּרַת II"... duplicate
[13.3%] #3988: "Jastrow, בְּרַתָּא"... OK (ברתא)
[13.3%] #3989: "Jastrow, בְּרָתָא"... duplicate
  [Saved progress: 3988 entries]
[13.3%] #3989: "Jastrow, בַּרְתּוֹתָא"... OK (ברתותא)
[13.3%] #3990: "Jastrow, בְּרָתֵי"... OK (ברתי)
[13.3%] #3991: "Jastrow, ברתצין"... OK (ברתצין)
[13.3%] #3992: "Jastrow, *בשא"... OK (בשא)
[13.3%] #3993: "Jastrow, בִּשּׁוּל"... OK (בשול)
[13.3%] #3994: "Jastrow, בִּשּׁוּלָא"... OK (בשולא)
[13.3%] #3995: "Jastrow, בָּשׂוּם"... OK (בשום)
[13.3%] #3996: "Jastrow, בשומין"... OK (בשומין)
[13.3%] #3997: "Jastrow, בְּשׂוֹרָא"... OK (בשורא)
[13.3%] #3998: "Jastrow, בְּשׂוֹרָה"... OK (בשורה)
[13.3%] #3999: "Jastrow, בְּשׂוֹרְתָּא"... OK (בשורתא)
[13.3%] #4000: "Jastrow, *בְּשַׁט"... OK (בשט)
[13.3%] #4001: "Jastrow, *בִּשְׁטוּתָא"... OK (בשטותא)
[13.3%] #4002: "Jastrow, בְּשִׁיל"... OK (בשיל)
[13.3%] #4003: "Jastrow, בְּשִׂירוּתָא"... OK (בשירותא)
[13.3%] #4004: "Jastrow, *בַּשְׁכַּר"... OK (בשכר)
[13.3%] #4005: "Jastrow, בָּשַׁל"... OK (בשל)
[13.4%] #4006: "Jastrow, בְּשַׁל"... duplicate
[13.4%] #4006: "Jastrow, בָּשֵׁל"... duplicate
[13.4%] #4006: "Jastrow, בַּשְׁלָא"... OK (בשלא)
[13.4%] #4007: "Jastrow, בַּשָּׁלָא"... duplicate
[13.4%] #4007: "Jastrow, בִּשְׁלָמָא"... OK (בשלמא)
[13.4%] #4008: "Jastrow, בָּשַׂם"... OK (בשם)
[13.4%] #4009: "Jastrow, בֹּשֶׂם"... duplicate
[13.4%] #4009: "Jastrow, *בַּשְׁקַר"... OK (בשקר)
[13.4%] #4010: "Jastrow, בָּשַׂר"... OK (בשר)
[13.4%] #4011: "Jastrow, בְּשַׂר"... duplicate
[13.4%] #4011: "Jastrow, בְּשַׂר ²"... duplicate
[13.4%] #4011: "Jastrow, בָּשָׂר"... duplicate
[13.4%] #4011: "Jastrow, בִּשְׂרָא"... OK (בשרא)
[13.4%] #4012: "Jastrow, בִּשְׂרָא ²"... duplicate
[13.4%] #4012: "Jastrow, *בִּשְׂרוּתָה"... OK (בשרותה)
[13.4%] #4013: "Jastrow, בְּשַׁשׁ"... OK (בשש)
[13.4%] #4014: "Jastrow, בּשֶׁת"... OK (בשת)
[13.4%] #4015: "Jastrow, בַּת I"... OK (בת)
[13.4%] #4016: "Jastrow, בַּת II"... duplicate
[13.4%] #4016: "Jastrow, בַּת III"... duplicate
[13.4%] #4016: "Jastrow, *בָּתָה"... OK (בתה)
[13.4%] #4017: "Jastrow, *בַּתְוָא"... OK (בתוא)
[13.4%] #4018: "Jastrow, בְּתוּלָא"... OK (בתולא)
[13.4%] #4019: "Jastrow, בְּתוּלָה"... OK (בתולה)
[13.4%] #4020: "Jastrow, בְּתוּלִים"... OK (בתולים)
[13.4%] #4021: "Jastrow, בְּתוּלִין"... OK (בתולין)
[13.4%] #4022: "Jastrow, בְּתוּלְתָּא I"... OK (בתולתא)
[13.4%] #4023: "Jastrow, בְּתוּלְתָּא II"... duplicate
[13.4%] #4023: "Jastrow, בִּתְיָה"... OK (בתיה)
[13.4%] #4024: "Jastrow, בְּתֵירָא"... OK (בתירא)
[13.4%] #4025: "Jastrow, בָּתְנַיָּיא"... OK (בתנייא)
[13.4%] #4026: "Jastrow, בֶּתֶר"... OK (בתר)
[13.4%] #4027: "Jastrow, בָּתַר"... duplicate
[13.4%] #4027: "Jastrow, בַּתְרָא"... OK (בתרא)
[13.4%] #4028: "Jastrow, בְּתֵרָה"... OK (בתרה)
[13.4%] #4029: "Jastrow, בְּתָרַיָּיא"... OK (בתרייא)
[13.4%] #4030: "Jastrow, בְּתָרִים"... OK (בתרים)
[13.4%] #4031: "Jastrow, *בְּתַשׁ"... OK (בתש)
[13.4%] #4032: "Jastrow, *בתת"... OK (בתת)
[13.4%] #4033: "Jastrow, ג"... OK (ג)
[13.4%] #4034: "Jastrow, ג ²"... duplicate
[13.4%] #4034: "Jastrow, ג׳"... duplicate
[13.4%] #4034: "Jastrow, גְּאָא"... OK (גאא)
[13.4%] #4035: "Jastrow, גָּאָה"... OK (גאה)
[13.5%] #4036: "Jastrow, גֵּאֶה"... duplicate
[13.5%] #4036: "Jastrow, גֵּאו"... OK (גאו)
[13.5%] #4037: "Jastrow, גַּאֲוָה"... OK (גאוה)
[13.5%] #4038: "Jastrow, גַאוָזָא"... OK (גאוזא)
[13.5%] #4039: "Jastrow, גְּאוּלָּה"... OK (גאולה)
[13.5%] #4040: "Jastrow, גְּאוּלְתָּא"... OK (גאולתא)
[13.5%] #4041: "Jastrow, גָּאוֹן"... OK (גאון)
[13.5%] #4042: "Jastrow, גאוסטיני"... OK (גאוסטיני)
[13.5%] #4043: "Jastrow, גֵּאוּתָא"... OK (גאותא)
[13.5%] #4044: "Jastrow, גֵּאוְתָן"... OK (גאותן)
[13.5%] #4045: "Jastrow, גאי"... OK (גאי)
[13.5%] #4046: "Jastrow, גְּאִי"... duplicate
[13.5%] #4046: "Jastrow, גֵּאָיוֹת"... OK (גאיות)
[13.5%] #4047: "Jastrow, גָּאִיז"... OK (גאיז)
[13.5%] #4048: "Jastrow, גָּאִים"... OK (גאים)
[13.5%] #4049: "Jastrow, גֵּאִים"... duplicate
[13.5%] #4049: "Jastrow, גָּאַל"... OK (גאל)
[13.5%] #4050: "Jastrow, גְּאַל"... duplicate
[13.5%] #4050: "Jastrow, גאלה"... OK (גאלה)
[13.5%] #4051: "Jastrow, גָּאלֵי"... OK (גאלי)
[13.5%] #4052: "Jastrow, גאלקי"... OK (גאלקי)
[13.5%] #4053: "Jastrow, גַּאַם"... OK (גאם)
[13.5%] #4054: "Jastrow, *גְּאַם"... duplicate
[13.5%] #4054: "Jastrow, גָּאנֵי"... OK (גאני)
[13.5%] #4055: "Jastrow, גֵּב"... OK (גב)
[13.5%] #4056: "Jastrow, גֹּב"... duplicate
[13.5%] #4056: "Jastrow, גַּב"... duplicate
[13.5%] #4056: "Jastrow, גַּב ²"... duplicate
[13.5%] #4056: "Jastrow, גֶּבֶא"... OK (גבא)
[13.5%] #4057: "Jastrow, גֻּבָּא"... duplicate
[13.5%] #4057: "Jastrow, גְּבָא"... duplicate
[13.5%] #4057: "Jastrow, גַּבָּאָה"... OK (גבאה)
[13.5%] #4058: "Jastrow, גַּבָּאוּת"... OK (גבאות)
[13.5%] #4059: "Jastrow, גַּבַּאי"... OK (גבאי)
[13.5%] #4060: "Jastrow, גָּבַב"... OK (גבב)
[13.5%] #4061: "Jastrow, גְּבַב"... duplicate
[13.5%] #4061: "Jastrow, גְּבָבָא"... OK (גבבא)
[13.5%] #4062: "Jastrow, גִּבְבָא"... duplicate
[13.5%] #4062: "Jastrow, גְּבָבַאי"... OK (גבבאי)
  [Saved progress: 4062 entries]
[13.5%] #4063: "Jastrow, גְּבָבָה"... OK (גבבה)
[13.5%] #4064: "Jastrow, גַּבְבַיָּא"... OK (גבביא)
[13.5%] #4065: "Jastrow, גַּבָּה"... OK (גבה)
[13.6%] #4066: "Jastrow, גָּבָה"... duplicate
[13.6%] #4066: "Jastrow, גֹּבַהּ"... duplicate
[13.6%] #4066: "Jastrow, גָּבַהּ"... duplicate
[13.6%] #4066: "Jastrow, גְּבַהּ"... duplicate
[13.6%] #4066: "Jastrow, גַּבְהוּת"... OK (גבהות)
[13.6%] #4067: "Jastrow, גַּבְהוּתָא"... OK (גבהותא)
[13.6%] #4068: "Jastrow, גָּבוֹהַּ"... OK (גבוה)
[13.6%] #4069: "Jastrow, גַּבּוֹיִין"... OK (גבויין)
[13.6%] #4070: "Jastrow, גְּבוּל I"... OK (גבול)
[13.6%] #4071: "Jastrow, *גְּבוּל II"... duplicate
[13.6%] #4071: "Jastrow, גְּבוּלָאָה"... OK (גבולאה)
[13.6%] #4072: "Jastrow, גבונתא"... OK (גבונתא)
[13.6%] #4073: "Jastrow, גִּבּוֹר"... OK (גבור)
[13.6%] #4074: "Jastrow, גבור"... duplicate
[13.6%] #4074: "Jastrow, גְּבוּרָא"... OK (גבורא)
[13.6%] #4075: "Jastrow, גְּבוּרָה"... OK (גבורה)
[13.6%] #4076: "Jastrow, גבוריא"... OK (גבוריא)
[13.6%] #4077: "Jastrow, גְּבוּרְתָּא"... OK (גבורתא)
[13.6%] #4078: "Jastrow, גָּבוּשׁ"... OK (גבוש)
[13.6%] #4079: "Jastrow, גַּבּוֹת"... OK (גבות)
[13.6%] #4080: "Jastrow, גִּבֵּחַ"... OK (גבח)
[13.6%] #4081: "Jastrow, גָּבֵחַ"... duplicate
[13.6%] #4081: "Jastrow, גִּבַּחַת"... OK (גבחת)
[13.6%] #4082: "Jastrow, גַּבַּחַת"... duplicate
[13.6%] #4082: "Jastrow, גבטלא"... OK (גבטלא)
[13.6%] #4083: "Jastrow, גֵּבַי"... OK (גבי)
[13.6%] #4084: "Jastrow, גבי"... duplicate
[13.6%] #4084: "Jastrow, גְּבִי"... duplicate
[13.6%] #4084: "Jastrow, גבי ²"... duplicate
[13.6%] #4084: "Jastrow, גַּבְיָא I"... OK (גביא)
[13.6%] #4085: "Jastrow, *גַּבְיָא II"... duplicate
[13.6%] #4085: "Jastrow, גַּבְיָא III"... duplicate
[13.6%] #4085: "Jastrow, גְּבִיהַּ"... OK (גביה)
[13.6%] #4086: "Jastrow, גְּבִיהָא"... OK (גביהא)
[13.6%] #4087: "Jastrow, גַּבָּיוּת"... OK (גביות)
[13.6%] #4088: "Jastrow, גַּבָּיוּתָא"... OK (גביותא)
[13.6%] #4089: "Jastrow, גְּבִיחַ"... OK (גביח)
[13.6%] #4090: "Jastrow, גַּבָּיי"... OK (גביי)
[13.6%] #4091: "Jastrow, *גָּבְיָין"... OK (גביין)
[13.6%] #4092: "Jastrow, גביית־"... OK (גביית)
[13.6%] #4093: "Jastrow, גְּבִיל"... OK (גביל)
[13.6%] #4094: "Jastrow, גְּבִילִית"... OK (גבילית)
[13.6%] #4095: "Jastrow, גָּבְיָן"... OK (גבין)
[13.7%] #4096: "Jastrow, גְּבִין I"... duplicate
[13.7%] #4096: "Jastrow, גְּבִין II"... duplicate
[13.7%] #4096: "Jastrow, גְּבִינָא I"... OK (גבינא)
[13.7%] #4097: "Jastrow, גְּבִינָא II"... duplicate
[13.7%] #4097: "Jastrow, גְּבִינָה"... OK (גבינה)
[13.7%] #4098: "Jastrow, גְּבִינִי"... OK (גביני)
[13.7%] #4099: "Jastrow, *גְּבִינְתָּא"... OK (גבינתא)
[13.7%] #4100: "Jastrow, גְּבִינָתָא"... duplicate
[13.7%] #4100: "Jastrow, גָּבִיעַ"... OK (גביע)
[13.7%] #4101: "Jastrow, גְּבִיעָא"... OK (גביעא)
[13.7%] #4102: "Jastrow, גְּבִיעָה II"... OK (גביעה)
[13.7%] #4103: "Jastrow, גְּבִירָה"... OK (גבירה)
[13.7%] #4104: "Jastrow, גְּבִישָׁתָא"... OK (גבישתא)
[13.7%] #4105: "Jastrow, גָּבַל"... OK (גבל)
[13.7%] #4106: "Jastrow, גְּבַל"... duplicate
[13.7%] #4106: "Jastrow, גְּבָל"... duplicate
[13.7%] #4106: "Jastrow, גַּבָּל"... duplicate
[13.7%] #4106: "Jastrow, גַּבָּלָא"... OK (גבלא)
[13.7%] #4107: "Jastrow, גַּבְלָא"... duplicate
[13.7%] #4107: "Jastrow, גַּבְלוּל"... OK (גבלול)
[13.7%] #4108: "Jastrow, גבלות"... OK (גבלות)
[13.7%] #4109: "Jastrow, גַּבְלָיָא"... OK (גבליא)
[13.7%] #4110: "Jastrow, גִּבְלִית"... OK (גבלית)
[13.7%] #4111: "Jastrow, גַּבְלָן"... OK (גבלן)
[13.7%] #4112: "Jastrow, גַּבָּן"... OK (גבן)
[13.7%] #4113: "Jastrow, גִּבֵּן"... duplicate
[13.7%] #4113: "Jastrow, גָּבַן"... duplicate
[13.7%] #4113: "Jastrow, גִּבְנָא"... OK (גבנא)
[13.7%] #4114: "Jastrow, גַּבְנוּן"... OK (גבנון)
[13.7%] #4115: "Jastrow, גִּבְנוֹנִי"... OK (גבנוני)
[13.7%] #4116: "Jastrow, גִּבְסִים"... OK (גבסים)
[13.7%] #4117: "Jastrow, גְּבַע"... OK (גבע)
[13.7%] #4118: "Jastrow, גֶּבַע"... duplicate
[13.7%] #4118: "Jastrow, גִּבְעָה"... OK (גבעה)
[13.7%] #4119: "Jastrow, גִּבְעוֹל"... OK (גבעול)
[13.7%] #4120: "Jastrow, גִּבְעוֹנָאֵי"... OK (גבעונאי)
[13.7%] #4121: "Jastrow, גִּבְעוֹנִי"... OK (גבעוני)
[13.7%] #4122: "Jastrow, גִּבְעֲתָא"... OK (גבעתא)
[13.7%] #4123: "Jastrow, גָּבַר"... OK (גבר)
[13.7%] #4124: "Jastrow, גְּבַר I"... duplicate
[13.7%] #4124: "Jastrow, גֶּבֶר"... duplicate
[13.7%] #4124: "Jastrow, גְּבַר II"... duplicate
[13.7%] #4124: "Jastrow, גִּבָּרָא"... OK (גברא)
[13.7%] #4125: "Jastrow, גִּבַּרְוָותָא"... OK (גברוותא)
[13.8%] #4126: "Jastrow, גִּבָּרוּתָא"... OK (גברותא)
[13.8%] #4127: "Jastrow, גַּבְרִיאֵל"... OK (גבריאל)
[13.8%] #4128: "Jastrow, גַּבְרִית"... OK (גברית)
[13.8%] #4129: "Jastrow, גְּבֶרֶת"... OK (גברת)
[13.8%] #4130: "Jastrow, גְּבַרְתָּא"... OK (גברתא)
[13.8%] #4131: "Jastrow, גְּבַרְתָּן"... OK (גברתן)
[13.8%] #4132: "Jastrow, גְּבַרְתָּנִית"... OK (גברתנית)
[13.8%] #4133: "Jastrow, גָּבַשׁ"... OK (גבש)
[13.8%] #4134: "Jastrow, גְּבַשׁ"... duplicate
[13.8%] #4134: "Jastrow, גַּבְשׁוּשִׁין"... OK (גבשושין)
  [Saved progress: 4134 entries]
[13.8%] #4135: "Jastrow, גַּבְשׁוּשִׁית"... OK (גבשושית)
[13.8%] #4136: "Jastrow, גַּבְשׁוּשִׁיתָא"... OK (גבשושיתא)
[13.8%] #4137: "Jastrow, גַּבַּת"... OK (גבת)
[13.8%] #4138: "Jastrow, גַּבְתָּא"... OK (גבתא)
[13.8%] #4139: "Jastrow, גַּג"... OK (גג)
[13.8%] #4140: "Jastrow, גִּגִּית"... OK (גגית)
[13.8%] #4141: "Jastrow, *גַּגְמֵי"... OK (גגמי)
[13.8%] #4142: "Jastrow, גד"... OK (גד)
[13.8%] #4143: "Jastrow, גָּד"... duplicate
[13.8%] #4143: "Jastrow, גַּד I"... duplicate
[13.8%] #4143: "Jastrow, גַּד II"... duplicate
[13.8%] #4143: "Jastrow, גָּד ²"... duplicate
[13.8%] #4143: "Jastrow, גָּד ³"... duplicate
[13.8%] #4143: "Jastrow, גַּדַּאי"... OK (גדאי)
[13.8%] #4144: "Jastrow, גדבל"... OK (גדבל)
[13.8%] #4145: "Jastrow, גְּדָבְרָא"... OK (גדברא)
[13.8%] #4146: "Jastrow, גדגד"... OK (גדגד)
[13.8%] #4147: "Jastrow, גדגדות"... OK (גדגדות)
[13.8%] #4148: "Jastrow, גַּדְגַּדְנִיּוֹת"... OK (גדגדניות)
[13.8%] #4149: "Jastrow, גדגיא"... OK (גדגיא)
[13.8%] #4150: "Jastrow, גדגלידא"... OK (גדגלידא)
[13.8%] #4151: "Jastrow, גדגניות"... OK (גדגניות)
[13.8%] #4152: "Jastrow, גָּדַד I"... OK (גדד)
[13.8%] #4153: "Jastrow, גְּדַד"... duplicate
[13.8%] #4153: "Jastrow, גָּדַד II"... duplicate
[13.8%] #4153: "Jastrow, גָּדָד"... duplicate
[13.8%] #4153: "Jastrow, גְּדוּד I"... OK (גדוד)
[13.8%] #4154: "Jastrow, גְּדוּד II"... duplicate
[13.8%] #4154: "Jastrow, גִּדּוּד"... duplicate
[13.8%] #4154: "Jastrow, גִּדּוּדָא"... OK (גדודא)
[13.8%] #4155: "Jastrow, גְּדוּדָא"... duplicate
[13.8%] #4155: "Jastrow, גְּדוּדִי"... OK (גדודי)
[13.9%] #4156: "Jastrow, גְּדוּדִית"... OK (גדודית)
[13.9%] #4157: "Jastrow, גְּדוּדִית II"... duplicate
[13.9%] #4157: "Jastrow, גדודקי"... OK (גדודקי)
[13.9%] #4158: "Jastrow, גדודתה"... OK (גדודתה)
[13.9%] #4159: "Jastrow, גָּדוֹל"... OK (גדול)
[13.9%] #4160: "Jastrow, גִּדּוּל"... duplicate
[13.9%] #4160: "Jastrow, גְּדוּלָּה"... OK (גדולה)
[13.9%] #4161: "Jastrow, גִּדּוּף"... OK (גדוף)
[13.9%] #4162: "Jastrow, גַּדּוּפִי"... OK (גדופי)
[13.9%] #4163: "Jastrow, גִּדּוּר"... OK (גדור)
[13.9%] #4164: "Jastrow, גְּדוֹר"... duplicate
[13.9%] #4164: "Jastrow, גָּדוּר"... duplicate
[13.9%] #4164: "Jastrow, גְּדוּרָא"... OK (גדורא)
[13.9%] #4165: "Jastrow, גדורקרי"... OK (גדורקרי)
[13.9%] #4166: "Jastrow, גָּדוּשׁ"... OK (גדוש)
[13.9%] #4167: "Jastrow, *גְּדֵי"... OK (גדי)
[13.9%] #4168: "Jastrow, גְּדִי"... duplicate
[13.9%] #4168: "Jastrow, גְּדִי ²"... duplicate
[13.9%] #4168: "Jastrow, גַּדְיָא II"... OK (גדיא)
[13.9%] #4169: "Jastrow, גַּדַּיָּא"... duplicate
[13.9%] #4169: "Jastrow, גדיאן"... OK (גדיאן)
[13.9%] #4170: "Jastrow, גדיגוד"... OK (גדיגוד)
[13.9%] #4171: "Jastrow, גְּדִידָה"... OK (גדידה)
[13.9%] #4172: "Jastrow, גְּדִידִים"... OK (גדידים)
[13.9%] #4173: "Jastrow, גְּדִיָּה"... OK (גדיה)
[13.9%] #4174: "Jastrow, גַּדְיָיא"... OK (גדייא)
[13.9%] #4175: "Jastrow, גַּדְיָיתָא"... OK (גדייתא)
[13.9%] #4176: "Jastrow, גָּדֵיל"... OK (גדיל)
[13.9%] #4177: "Jastrow, גָּדִיל"... duplicate
[13.9%] #4177: "Jastrow, *גְּדִיל"... duplicate
[13.9%] #4177: "Jastrow, גְּדִילָא"... OK (גדילא)
[13.9%] #4178: "Jastrow, גְּדִילָה I"... OK (גדילה)
[13.9%] #4179: "Jastrow, גְּדִילָה II"... duplicate
[13.9%] #4179: "Jastrow, גְּדִילוּ"... OK (גדילו)
[13.9%] #4180: "Jastrow, גְּדִילְתָּא"... OK (גדילתא)
[13.9%] #4181: "Jastrow, גְּדִין"... OK (גדין)
[13.9%] #4182: "Jastrow, גַּדִּיפִין"... OK (גדיפין)
[13.9%] #4183: "Jastrow, גָּדֵיר"... OK (גדיר)
[13.9%] #4184: "Jastrow, גְּדֵירָא"... OK (גדירא)
[13.9%] #4185: "Jastrow, גְּדֵירָה"... OK (גדירה)
[14.0%] #4186: "Jastrow, גְּדִירָה"... duplicate
[14.0%] #4186: "Jastrow, גְּדִישׁ"... OK (גדיש)
[14.0%] #4187: "Jastrow, גָּדִישׁ I"... duplicate
[14.0%] #4187: "Jastrow, גָּדִישׁ"... duplicate
[14.0%] #4187: "Jastrow, גַּדֵּישׁ"... duplicate
[14.0%] #4187: "Jastrow, גְּדִישׁוּתָא"... OK (גדישותא)
[14.0%] #4188: "Jastrow, גַּדְיָתָא"... OK (גדיתא)
[14.0%] #4189: "Jastrow, גָּדַל I"... OK (גדל)
[14.0%] #4190: "Jastrow, גְּדַל I"... duplicate
[14.0%] #4190: "Jastrow, גָּדַל II"... duplicate
[14.0%] #4190: "Jastrow, גְּדַל II"... duplicate
[14.0%] #4190: "Jastrow, גִּדָּל"... duplicate
[14.0%] #4190: "Jastrow, גִּדָּלוֹן"... OK (גדלון)
[14.0%] #4191: "Jastrow, *גַּדְּלַיי"... OK (גדליי)
[14.0%] #4192: "Jastrow, גַּדֶּלֶת"... OK (גדלת)
[14.0%] #4193: "Jastrow, גָּדַם"... OK (גדם)
[14.0%] #4194: "Jastrow, גְּדַם"... duplicate
[14.0%] #4194: "Jastrow, גִּדֵּם"... duplicate
[14.0%] #4194: "Jastrow, גְּדָנְפָא"... OK (גדנפא)
[14.0%] #4195: "Jastrow, גָּדַע"... OK (גדע)
[14.0%] #4196: "Jastrow, גְּדַע"... duplicate
[14.0%] #4196: "Jastrow, גָּדַף"... OK (גדף)
[14.0%] #4197: "Jastrow, גְּדַף"... duplicate
[14.0%] #4197: "Jastrow, גַּדְפָא"... OK (גדפא)
[14.0%] #4198: "Jastrow, *גדפה"... OK (גדפה)
[14.0%] #4199: "Jastrow, גַּדְפִי"... OK (גדפי)
[14.0%] #4200: "Jastrow, גַּדְּפָן"... OK (גדפן)
[14.0%] #4201: "Jastrow, גַּדַּר"... OK (גדר)
  [Saved progress: 4201 entries]
[14.0%] #4202: "Jastrow, גָּדַר"... duplicate
[14.0%] #4202: "Jastrow, גְּדַר"... duplicate
[14.0%] #4202: "Jastrow, גֶּדֶר I"... duplicate
[14.0%] #4202: "Jastrow, גֶּדֶר II"... duplicate
[14.0%] #4202: "Jastrow, גַּדְרָאנֵיה"... OK (גדראניה)
[14.0%] #4203: "Jastrow, גדרסן"... OK (גדרסן)
[14.0%] #4204: "Jastrow, גדרפוס"... OK (גדרפוס)
[14.0%] #4205: "Jastrow, גָּדֵשׁ"... OK (גדש)
[14.0%] #4206: "Jastrow, גָּדַשׁ"... duplicate
[14.0%] #4206: "Jastrow, גְּדַשׁ I"... duplicate
[14.0%] #4206: "Jastrow, גְּדַשׁ II"... duplicate
[14.0%] #4206: "Jastrow, גָּהָה"... OK (גהה)
[14.0%] #4207: "Jastrow, גְּהַט"... OK (גהט)
[14.0%] #4208: "Jastrow, גֵּהִינָּם"... OK (גהינם)
[14.0%] #4209: "Jastrow, גהיקין"... OK (גהיקין)
[14.0%] #4210: "Jastrow, גָּהַץ"... OK (גהץ)
[14.0%] #4211: "Jastrow, גָּהַק"... OK (גהק)
[14.0%] #4212: "Jastrow, גַּהַר"... OK (גהר)
[14.0%] #4213: "Jastrow, גֵּו"... OK (גו)
[14.0%] #4214: "Jastrow, גֵּו ²"... duplicate
[14.0%] #4214: "Jastrow, גַּוָּאָה"... OK (גואה)
[14.0%] #4215: "Jastrow, גַּוָּאזָא"... OK (גואזא)
[14.1%] #4216: "Jastrow, גּוֹאֵל"... OK (גואל)
[14.1%] #4217: "Jastrow, גּוּאַלְקָא"... OK (גואלקא)
[14.1%] #4218: "Jastrow, גַּוָּאן"... OK (גואן)
[14.1%] #4219: "Jastrow, גּוּב"... OK (גוב)
[14.1%] #4220: "Jastrow, גּוֹב"... duplicate
[14.1%] #4220: "Jastrow, גּוֹב ²"... duplicate
[14.1%] #4220: "Jastrow, גּוֹבָא"... OK (גובא)
[14.1%] #4221: "Jastrow, גובאה"... OK (גובאה)
[14.1%] #4222: "Jastrow, גּוֹבַאי"... OK (גובאי)
[14.1%] #4223: "Jastrow, גּוֹבָאִי"... duplicate
[14.1%] #4223: "Jastrow, גּוֹבָאֵי"... duplicate
[14.1%] #4223: "Jastrow, גּוֹבְבָתָא"... OK (גובבתא)
[14.1%] #4224: "Jastrow, גּוֹבַהּ"... OK (גובה)
[14.1%] #4225: "Jastrow, גּוֹבְהָא"... OK (גובהא)
[14.1%] #4226: "Jastrow, גּוֹבַיָּא"... OK (גוביא)
[14.1%] #4227: "Jastrow, גּוֹבַיְינָא"... OK (גוביינא)
[14.1%] #4228: "Jastrow, *גּוּבִּיתָא"... OK (גוביתא)
[14.1%] #4229: "Jastrow, גּוֹבֶל"... OK (גובל)
[14.1%] #4230: "Jastrow, גּוּבְלָא"... OK (גובלא)
[14.1%] #4231: "Jastrow, גּוּבְלָאֵי"... OK (גובלאי)
[14.1%] #4232: "Jastrow, גּוּבְלִית"... OK (גובלית)
[14.1%] #4233: "Jastrow, גּוּבְלָנָא"... OK (גובלנא)
[14.1%] #4234: "Jastrow, גּוּבְנָא"... OK (גובנא)
[14.1%] #4235: "Jastrow, גּוֹבַנֵּי"... OK (גובני)
[14.1%] #4236: "Jastrow, *גּוּבְנָאֵי"... OK (גובנאי)
[14.1%] #4237: "Jastrow, גובעין"... OK (גובעין)
[14.1%] #4238: "Jastrow, גּוּבְרָא"... OK (גוברא)
[14.1%] #4239: "Jastrow, גּוּבְשָׁא"... OK (גובשא)
[14.1%] #4240: "Jastrow, גּוּבְתָּא"... OK (גובתא)
[14.1%] #4241: "Jastrow, גּוּבְתָא"... duplicate
[14.1%] #4241: "Jastrow, גוגייתיה"... OK (גוגייתיה)
[14.1%] #4242: "Jastrow, גּוֹגַלְתָּא"... OK (גוגלתא)
[14.1%] #4243: "Jastrow, גּוּגְמֵי"... OK (גוגמי)
[14.1%] #4244: "Jastrow, גּוּך"... OK (גוך)
[14.1%] #4245: "Jastrow, גּוּד"... OK (גוד)
[14.1%] #4246: "Jastrow, *גּוֹד"... duplicate
[14.1%] #4246: "Jastrow, *גּוֹדָא"... OK (גודא)
[14.2%] #4247: "Jastrow, גּוּדָּא I"... duplicate
[14.2%] #4247: "Jastrow, גּוּדָא"... duplicate
[14.2%] #4247: "Jastrow, גּוּדָּא II"... duplicate
[14.2%] #4247: "Jastrow, גודאות"... OK (גודאות)
[14.2%] #4248: "Jastrow, גּוּדְגָּדָא"... OK (גודגדא)
[14.2%] #4249: "Jastrow, *גּוּדְגַּדִּין"... OK (גודגדין)
[14.2%] #4250: "Jastrow, גּוּדְגַּדְנִיּוֹת"... OK (גודגדניות)
[14.2%] #4251: "Jastrow, גודיזין"... OK (גודיזין)
[14.2%] #4252: "Jastrow, גּוֹדֶל"... OK (גודל)
[14.2%] #4253: "Jastrow, גּוּדָל"... duplicate
[14.2%] #4253: "Jastrow, גּוֹדְלָנָא"... OK (גודלנא)
[14.2%] #4254: "Jastrow, גּוֹדֶלֶת"... OK (גודלת)
[14.2%] #4255: "Jastrow, גּוּדְמָא"... OK (גודמא)
[14.2%] #4256: "Jastrow, גּוּדַּע"... OK (גודע)
[14.2%] #4257: "Jastrow, גּוֹדְפָן"... OK (גודפן)
[14.2%] #4258: "Jastrow, גּוֹדְרוֹת"... OK (גודרות)
[14.2%] #4259: "Jastrow, גּוּדְרִיתָא"... OK (גודריתא)
[14.2%] #4260: "Jastrow, גּוֹדֶשׁ"... OK (גודש)
[14.2%] #4261: "Jastrow, גּוּדְשָׁא"... OK (גודשא)
[14.2%] #4262: "Jastrow, גּוּהָא"... OK (גוהא)
[14.2%] #4263: "Jastrow, גּוּהַר"... OK (גוהר)
[14.2%] #4264: "Jastrow, גּוּהַרְקָא I"... OK (גוהרקא)
[14.2%] #4265: "Jastrow, גּוּהַרְקָא II"... duplicate
[14.2%] #4265: "Jastrow, גֵּוו"... OK (גוו)
[14.2%] #4266: "Jastrow, גַּוָּוא"... OK (גווא)
[14.2%] #4267: "Jastrow, גַּוָּוזָא I"... OK (גווזא)
[14.2%] #4268: "Jastrow, גַּוָּוזָא , II"... duplicate
[14.2%] #4268: "Jastrow, גְּוִויָּה"... OK (גוויה)
[14.2%] #4269: "Jastrow, גְּוִויְּתָא"... OK (גוויתא)
[14.2%] #4270: "Jastrow, גווכיא"... OK (גווכיא)
[14.2%] #4271: "Jastrow, גוולנה"... OK (גוולנה)
[14.2%] #4272: "Jastrow, גְּוַולְקָא"... OK (גוולקא)
[14.2%] #4273: "Jastrow, גַּוָּון"... OK (גוון)
[14.2%] #4274: "Jastrow, גַּוָּון ²"... duplicate
[14.2%] #4274: "Jastrow, גַּוְותָן"... OK (גוותן)
[14.2%] #4275: "Jastrow, גּוּז"... OK (גוז)
[14.2%] #4276: "Jastrow, גּוּז ²"... duplicate
[14.2%] #4276: "Jastrow, גָּוָזָא"... OK (גוזא)
[14.3%] #4277: "Jastrow, *גּוּזָּא"... duplicate
[14.3%] #4277: "Jastrow, *גָּוֹזָא"... duplicate
[14.3%] #4277: "Jastrow, גַּוְזָאָה"... OK (גוזאה)
  [Saved progress: 4277 entries]
[14.3%] #4278: "Jastrow, גּוֹזְזִין"... OK (גוזזין)
[14.3%] #4279: "Jastrow, גּוֹזֵל"... OK (גוזל)
[14.3%] #4280: "Jastrow, גּוֹזָל"... duplicate
[14.3%] #4280: "Jastrow, גּוֹזָלָא I"... OK (גוזלא)
[14.3%] #4281: "Jastrow, גּוֹזָלָא II"... duplicate
[14.3%] #4281: "Jastrow, גּוֹזְלָן"... OK (גוזלן)
[14.3%] #4282: "Jastrow, גּוּזְמָא"... OK (גוזמא)
[14.3%] #4283: "Jastrow, גַּוְזַנְיָא"... OK (גוזניא)
[14.3%] #4284: "Jastrow, גּוֹזֵר"... OK (גוזר)
[14.3%] #4285: "Jastrow, גּוֹזְרָיָא"... OK (גוזריא)
[14.3%] #4286: "Jastrow, גּוּזַרְתָּא"... OK (גוזרתא)
[14.3%] #4287: "Jastrow, גּוּחַ"... OK (גוח)
[14.3%] #4288: "Jastrow, גּוּחֲכָא"... OK (גוחכא)
[14.3%] #4289: "Jastrow, גוטא"... OK (גוטא)
[14.3%] #4290: "Jastrow, גּוֹי"... OK (גוי)
[14.3%] #4291: "Jastrow, גַּוְיָא"... OK (גויא)
[14.3%] #4292: "Jastrow, גְּוִיָּא"... duplicate
[14.3%] #4292: "Jastrow, גויה"... OK (גויה)
[14.3%] #4293: "Jastrow, גְּוִיָּה"... duplicate
[14.3%] #4293: "Jastrow, גְּוִיְיתָא"... OK (גוייתא)
[14.3%] #4294: "Jastrow, גְּוִיל"... OK (גויל)
[14.3%] #4295: "Jastrow, גְּוִילָא"... OK (גוילא)
[14.3%] #4296: "Jastrow, גְּוִיעָה"... OK (גויעה)
[14.3%] #4297: "Jastrow, *גּוּל"... OK (גול)
[14.3%] #4298: "Jastrow, גּוּל"... duplicate
[14.3%] #4298: "Jastrow, גּוֹל"... duplicate
[14.3%] #4298: "Jastrow, *גַּוְלָא"... OK (גולא)
[14.3%] #4299: "Jastrow, גּוֹלָא"... duplicate
[14.3%] #4299: "Jastrow, גולאי"... OK (גולאי)
[14.3%] #4300: "Jastrow, גּוּלְבָּא"... OK (גולבא)
[14.3%] #4301: "Jastrow, גּוּלְבִּינָא"... OK (גולבינא)
[14.3%] #4302: "Jastrow, גּוּלְגָּא"... OK (גולגא)
[14.3%] #4303: "Jastrow, גּוּלְגּוֹלֶת"... OK (גולגולת)
[14.3%] #4304: "Jastrow, גולגוקין"... OK (גולגוקין)
[14.3%] #4305: "Jastrow, גולגית"... OK (גולגית)
[14.3%] #4306: "Jastrow, גולגל"... OK (גולגל)
[14.4%] #4307: "Jastrow, גּוּלְגְּלָא"... OK (גולגלא)
[14.4%] #4308: "Jastrow, גּוּלְגֹּלֶת"... OK (גולגלת)
[14.4%] #4309: "Jastrow, גּוּלְגַּלְתָּא"... OK (גולגלתא)
[14.4%] #4310: "Jastrow, גולגסיים"... OK (גולגסיים)
[14.4%] #4311: "Jastrow, גּוּלְדָּנָא"... OK (גולדנא)
[14.4%] #4312: "Jastrow, גּוֹלֶה"... OK (גולה)
[14.4%] #4313: "Jastrow, גּוֹלָה"... duplicate
[14.4%] #4313: "Jastrow, גּוּלָּה"... duplicate
[14.4%] #4313: "Jastrow, גולהא"... OK (גולהא)
[14.4%] #4314: "Jastrow, גולור"... OK (גולור)
[14.4%] #4315: "Jastrow, גּוֹלְיָא"... OK (גוליא)
[14.4%] #4316: "Jastrow, גּוּלְיָיר"... OK (גולייר)
[14.4%] #4317: "Jastrow, *גּוּלִילָא"... OK (גולילא)
[14.4%] #4318: "Jastrow, גוליקוס"... OK (גוליקוס)
[14.4%] #4319: "Jastrow, גּוֹלְיַת"... OK (גולית)
[14.4%] #4320: "Jastrow, גּוֹלְיְתָא"... OK (גוליתא)
[14.4%] #4321: "Jastrow, גּוֹלֵל"... OK (גולל)
[14.4%] #4322: "Jastrow, גּוֹלְלָא"... OK (גוללא)
[14.4%] #4323: "Jastrow, גּוֹלֶם"... OK (גולם)
[14.4%] #4324: "Jastrow, גּוֹלְמָא"... OK (גולמא)
[14.4%] #4325: "Jastrow, גולמהרג"... OK (גולמהרג)
[14.4%] #4326: "Jastrow, גּוֹלָמִי"... OK (גולמי)
[14.4%] #4327: "Jastrow, גֹּולָמִישׁ"... OK (גולמיש)
[14.4%] #4328: "Jastrow, גּוּלְמֵישׁ"... duplicate
[14.4%] #4328: "Jastrow, גּוֹלָן"... OK (גולן)
[14.4%] #4329: "Jastrow, *גֹּולָנִית"... OK (גולנית)
[14.4%] #4330: "Jastrow, גּוּלְפָא"... OK (גולפא)
[14.4%] #4331: "Jastrow, גּוּלְקָא"... OK (גולקא)
[14.4%] #4332: "Jastrow, גֹּולְתָא"... OK (גולתא)
[14.4%] #4333: "Jastrow, גּוּם I"... OK (גום)
[14.4%] #4334: "Jastrow, גּוּם II"... duplicate
[14.4%] #4334: "Jastrow, גֹּומֶא"... OK (גומא)
[14.4%] #4335: "Jastrow, גּוּמָא"... duplicate
[14.4%] #4335: "Jastrow, גּוּמָּאצָא"... OK (גומאצא)
[14.4%] #4336: "Jastrow, גּוֹמֶד"... OK (גומד)
[14.5%] #4337: "Jastrow, גומיא"... OK (גומיא)
[14.5%] #4338: "Jastrow, גומים"... OK (גומים)
[14.5%] #4339: "Jastrow, גּוּמָּל"... OK (גומל)
[14.5%] #4340: "Jastrow, גּוּמְלָא"... OK (גומלא)
[14.5%] #4341: "Jastrow, גּוֹמָמִית"... OK (גוממית)
[14.5%] #4342: "Jastrow, גומנני"... OK (גומנני)
[14.5%] #4343: "Jastrow, גּוּמָּסִית"... OK (גומסית)
[14.5%] #4344: "Jastrow, גּוּמָּצָא"... OK (גומצא)
[14.5%] #4345: "Jastrow, גּוּמְרָא"... OK (גומרא)
[14.5%] #4346: "Jastrow, גּוּמַרְתָּא"... OK (גומרתא)
[14.5%] #4347: "Jastrow, גּוּמְתָא"... OK (גומתא)
[14.5%] #4348: "Jastrow, גּוּן"... OK (גון)
[14.5%] #4349: "Jastrow, גּוּן ²"... duplicate
[14.5%] #4349: "Jastrow, גַּוָּן"... duplicate
[14.5%] #4349: "Jastrow, גּוֹנְבָא"... OK (גונבא)
[14.5%] #4350: "Jastrow, גּוּנְבָא"... duplicate
[14.5%] #4350: "Jastrow, גּוּנְבְּרָא"... OK (גונברא)
[14.5%] #4351: "Jastrow, גּוֹנֶבֶת"... OK (גונבת)
[14.5%] #4352: "Jastrow, גּוּנְדָּא I"... OK (גונדא)
[14.5%] #4353: "Jastrow, גּוּנְדָּא II"... duplicate
[14.5%] #4353: "Jastrow, *גּוּנְדְּלִית"... OK (גונדלית)
[14.5%] #4354: "Jastrow, גונדרי"... OK (גונדרי)
[14.5%] #4355: "Jastrow, גּוּנְדְּרִיתָא"... OK (גונדריתא)
[14.5%] #4356: "Jastrow, גּוּנִי"... OK (גוני)
[14.5%] #4357: "Jastrow, גּוּנְיָא"... OK (גוניא)
[14.5%] #4358: "Jastrow, גוניות"... OK (גוניות)
[14.5%] #4359: "Jastrow, גונין"... OK (גונין)
[14.5%] #4360: "Jastrow, גוניסר"... OK (גוניסר)
[14.5%] #4361: "Jastrow, גּוּנְכָא"... OK (גונכא)
  [Saved progress: 4361 entries]
[14.5%] #4362: "Jastrow, *גּוּנְתָּאִי"... OK (גונתאי)
[14.5%] #4363: "Jastrow, גּוּס I"... OK (גוס)
[14.5%] #4364: "Jastrow, גּוּס"... duplicate
[14.5%] #4364: "Jastrow, גּוּס II"... duplicate
[14.5%] #4364: "Jastrow, גּוּס ²"... duplicate
[14.5%] #4364: "Jastrow, *גֹּוסִי"... OK (גוסי)
[14.5%] #4365: "Jastrow, גוסין"... OK (גוסין)
[14.5%] #4366: "Jastrow, גֹּוסֵס"... OK (גוסס)
[14.6%] #4367: "Jastrow, *גּוּסְפָּנִין"... OK (גוספנין)
[14.6%] #4368: "Jastrow, גוסרדליא"... OK (גוסרדליא)
[14.6%] #4369: "Jastrow, גָּוַע"... OK (גוע)
[14.6%] #4370: "Jastrow, גּוּף I"... OK (גוף)
[14.6%] #4371: "Jastrow, גּוּף"... duplicate
[14.6%] #4371: "Jastrow, גּוּף II"... duplicate
[14.6%] #4371: "Jastrow, גּוּפָא"... OK (גופא)
[14.6%] #4372: "Jastrow, *גּוֹפֶן"... OK (גופן)
[14.6%] #4373: "Jastrow, *גּוֹפָן"... duplicate
[14.6%] #4373: "Jastrow, גּוֹפַן"... duplicate
[14.6%] #4373: "Jastrow, גּוֹפְנָא"... OK (גופנא)
[14.6%] #4374: "Jastrow, גּוֹפְפָתָא"... OK (גופפתא)
[14.6%] #4375: "Jastrow, גּוֹפֶר"... OK (גופר)
[14.6%] #4376: "Jastrow, גּוּפְרִיתָא"... OK (גופריתא)
[14.6%] #4377: "Jastrow, גּוּפְתָּא"... OK (גופתא)
[14.6%] #4378: "Jastrow, גּוּפְתָּיָיה"... OK (גופתייה)
[14.6%] #4379: "Jastrow, גופתתא"... OK (גופתתא)
[14.6%] #4380: "Jastrow, גּוּץ I"... OK (גוץ)
[14.6%] #4381: "Jastrow, גּוּץ II"... duplicate
[14.6%] #4381: "Jastrow, גּוּץ"... duplicate
[14.6%] #4381: "Jastrow, גּוּצִין"... OK (גוצין)
[14.6%] #4382: "Jastrow, גּוּר I"... OK (גור)
[14.6%] #4383: "Jastrow, גּוּר"... duplicate
[14.6%] #4383: "Jastrow, גּוּר II"... duplicate
[14.6%] #4383: "Jastrow, גּוּר III"... duplicate
[14.6%] #4383: "Jastrow, גּוּר ²"... duplicate
[14.6%] #4383: "Jastrow, גּוּרָא"... OK (גורא)
[14.6%] #4384: "Jastrow, גּוּרְגָּא"... OK (גורגא)
[14.6%] #4385: "Jastrow, גורגדנא"... OK (גורגדנא)
[14.6%] #4386: "Jastrow, גּוֹרְגּוֹס"... OK (גורגוס)
[14.6%] #4387: "Jastrow, גּוּרְגּוּתְנִי"... OK (גורגותני)
[14.6%] #4388: "Jastrow, גּוּרְגְּלִידָא"... OK (גורגלידא)
[14.6%] #4389: "Jastrow, *גּוּרְגָּנָא"... OK (גורגנא)
[14.6%] #4390: "Jastrow, גּוּרְגְּרָן"... OK (גורגרן)
[14.6%] #4391: "Jastrow, גורדיון"... OK (גורדיון)
[14.6%] #4392: "Jastrow, גּוֹרְדְּיָינִי"... OK (גורדייני)
[14.6%] #4393: "Jastrow, גורדייתא"... OK (גורדייתא)
[14.6%] #4394: "Jastrow, גּוּרְדיָנוֹן"... OK (גורדינון)
[14.6%] #4395: "Jastrow, גּוּרְדְּלִי"... OK (גורדלי)
[14.6%] #4396: "Jastrow, *גורזקי"... OK (גורזקי)
[14.7%] #4397: "Jastrow, גּוּרְיָא I"... OK (גוריא)
[14.7%] #4398: "Jastrow, גּוּרְיָא II"... duplicate
[14.7%] #4398: "Jastrow, גּוּרְיָה II"... OK (גוריה)
[14.7%] #4399: "Jastrow, גּוּרְיוֹן"... OK (גוריון)
[14.7%] #4400: "Jastrow, גּוּרְיְתָא"... OK (גוריתא)
[14.7%] #4401: "Jastrow, גּוֹרָל"... OK (גורל)
[14.7%] #4402: "Jastrow, גּוֹרֶן"... OK (גורן)
[14.7%] #4403: "Jastrow, גּוּרְנָא"... OK (גורנא)
[14.7%] #4404: "Jastrow, גּוּרְסִינָא"... OK (גורסינא)
[14.7%] #4405: "Jastrow, גּוּרְסַק"... OK (גורסק)
[14.7%] #4406: "Jastrow, גּוּשׁ I"... OK (גוש)
[14.7%] #4407: "Jastrow, גּוּשׁ II"... duplicate
[14.7%] #4407: "Jastrow, גּוּשָׁא"... OK (גושא)
[14.7%] #4408: "Jastrow, גּוּשְׁמָא"... OK (גושמא)
[14.7%] #4409: "Jastrow, גושפנא"... OK (גושפנא)
[14.7%] #4410: "Jastrow, גּוּשְׁפַּנְקָא"... OK (גושפנקא)
[14.7%] #4411: "Jastrow, *גּוּשְׁפְּקֵי"... OK (גושפקי)
[14.7%] #4412: "Jastrow, גּוּשְׁקְרָא"... OK (גושקרא)
[14.7%] #4413: "Jastrow, גּוּתָאִי"... OK (גותאי)
[14.7%] #4414: "Jastrow, גּוּתְיָיא"... OK (גותייא)
[14.7%] #4415: "Jastrow, גַּוְתָנָא"... OK (גותנא)
[14.7%] #4416: "Jastrow, גֵּז"... OK (גז)
[14.7%] #4417: "Jastrow, גַּז"... duplicate
[14.7%] #4417: "Jastrow, גַּזָּא"... OK (גזא)
[14.7%] #4418: "Jastrow, גִּזָּא"... duplicate
[14.7%] #4418: "Jastrow, גזא דפטי"... OK (גזאדפטי)
[14.7%] #4419: "Jastrow, גָּזָא"... duplicate
[14.7%] #4419: "Jastrow, גְּזָא"... duplicate
[14.7%] #4419: "Jastrow, גִּזְבָּר"... OK (גזבר)
[14.7%] #4420: "Jastrow, גִּזְבָּרָא"... OK (גזברא)
[14.7%] #4421: "Jastrow, גִּזָּה"... OK (גזה)
[14.7%] #4422: "Jastrow, גְּזָה"... duplicate
[14.7%] #4422: "Jastrow, גְּזוּזְטְרָא"... OK (גזוזטרא)
[14.7%] #4423: "Jastrow, גְּזוּזְטְרִית"... OK (גזוזטרית)
[14.7%] #4424: "Jastrow, גְּזוּזִין"... OK (גזוזין)
[14.7%] #4425: "Jastrow, גְּזוֹזְרִית"... OK (גזוזרית)
[14.8%] #4426: "Jastrow, גזולא"... OK (גזולא)
[14.8%] #4427: "Jastrow, גִּזּוּם"... OK (גזום)
[14.8%] #4428: "Jastrow, *גַּזּוֹמָא"... OK (גזומא)
[14.8%] #4429: "Jastrow, גְּזוּסְטְרָא"... OK (גזוסטרא)
[14.8%] #4430: "Jastrow, גָּזוֹרָא"... OK (גזורא)
[14.8%] #4431: "Jastrow, *גְּזוֹרָאָה"... OK (גזוראה)
[14.8%] #4432: "Jastrow, גְּזוּרָה"... OK (גזורה)
[14.8%] #4433: "Jastrow, *גְּזוֹרִי"... OK (גזורי)
[14.8%] #4434: "Jastrow, גְּזוּרְתָּא"... OK (גזורתא)
[14.8%] #4435: "Jastrow, גָּזַז"... OK (גזז)
[14.8%] #4436: "Jastrow, גְּזַז"... duplicate
[14.8%] #4436: "Jastrow, גַּזָּז"... duplicate
[14.8%] #4436: "Jastrow, גָּזְזִין"... OK (גזזין)
[14.8%] #4437: "Jastrow, גְּזֵי"... OK (גזי)
[14.8%] #4438: "Jastrow, גָּזְיָא"... OK (גזיא)
[14.8%] #4439: "Jastrow, גְּזִיב"... OK (גזיב)
  [Saved progress: 4439 entries]
[14.8%] #4440: "Jastrow, גְּזִיזָא"... OK (גזיזא)
[14.8%] #4441: "Jastrow, גְּזִיזָה"... OK (גזיזה)
[14.8%] #4442: "Jastrow, גַּזְיָיתָא"... OK (גזייתא)
[14.8%] #4443: "Jastrow, גְּזֵיל־"... OK (גזיל)
[14.8%] #4444: "Jastrow, גָּזֵילָא"... OK (גזילא)
[14.8%] #4445: "Jastrow, גְּזֵילָה"... OK (גזילה)
[14.8%] #4446: "Jastrow, גְּזִים"... OK (גזים)
[14.8%] #4447: "Jastrow, גָּזִיר"... OK (גזיר)
[14.8%] #4448: "Jastrow, גְּזֵירָא"... OK (גזירא)
[14.8%] #4449: "Jastrow, גְּזֵירָה"... OK (גזירה)
[14.8%] #4450: "Jastrow, גזירה"... duplicate
[14.8%] #4450: "Jastrow, גְּזִירִיפַּטֵּי"... OK (גזיריפטי)
[14.8%] #4451: "Jastrow, גְּזֵירְתָא"... OK (גזירתא)
[14.8%] #4452: "Jastrow, גָּזִית"... OK (גזית)
[14.8%] #4453: "Jastrow, גָּזַל"... OK (גזל)
[14.8%] #4454: "Jastrow, גְּזַל I"... duplicate
[14.8%] #4454: "Jastrow, גָּזֵל"... duplicate
[14.8%] #4454: "Jastrow, גָּזֵלָא"... OK (גזלא)
[14.8%] #4455: "Jastrow, גזלי"... OK (גזלי)
[14.8%] #4456: "Jastrow, גַּזְלָן"... OK (גזלן)
[14.9%] #4457: "Jastrow, גַּזְלָנָא"... OK (גזלנא)
[14.9%] #4458: "Jastrow, גַּזְלָנוּת"... OK (גזלנות)
[14.9%] #4459: "Jastrow, גַּזְלָנוּתָא"... OK (גזלנותא)
[14.9%] #4460: "Jastrow, גְּזֵלָתָא"... OK (גזלתא)
[14.9%] #4461: "Jastrow, גָּזַם"... OK (גזם)
[14.9%] #4462: "Jastrow, גְּזַם"... duplicate
[14.9%] #4462: "Jastrow, *גָּזַע"... OK (גזע)
[14.9%] #4463: "Jastrow, גֶּזַע"... duplicate
[14.9%] #4463: "Jastrow, *גזף"... OK (גזף)
[14.9%] #4464: "Jastrow, גָּזַר"... OK (גזר)
[14.9%] #4465: "Jastrow, גְּזַר"... duplicate
[14.9%] #4465: "Jastrow, גָּזָר"... duplicate
[14.9%] #4465: "Jastrow, גֶּזֶר"... duplicate
[14.9%] #4465: "Jastrow, גִּזְרָא"... OK (גזרא)
[14.9%] #4466: "Jastrow, גִּזְרָא ²"... duplicate
[14.9%] #4466: "Jastrow, *גְּזָרָאֵי"... OK (גזראי)
[14.9%] #4467: "Jastrow, גִּזְרָה"... OK (גזרה)
[14.9%] #4468: "Jastrow, גְּזֵרָה"... duplicate
[14.9%] #4468: "Jastrow, גְּזֵרְתָא"... OK (גזרתא)
[14.9%] #4469: "Jastrow, גִּזְּתָא"... OK (גזתא)
[14.9%] #4470: "Jastrow, גָּחָה"... OK (גחה)
[14.9%] #4471: "Jastrow, גָּחוֹן"... OK (גחון)
[14.9%] #4472: "Jastrow, גְּחִיךְ"... OK (גחיך)
[14.9%] #4473: "Jastrow, גְּחִילְנָא"... OK (גחילנא)
[14.9%] #4474: "Jastrow, גְּחִין"... OK (גחין)
[14.9%] #4475: "Jastrow, גְּחִירָא"... OK (גחירא)
[14.9%] #4476: "Jastrow, גְּחַךְ"... OK (גחך)
[14.9%] #4477: "Jastrow, גַּחֲכָן"... OK (גחכן)
[14.9%] #4478: "Jastrow, גֶּחָל"... OK (גחל)
[14.9%] #4479: "Jastrow, גַּחֶלֶת"... OK (גחלת)
[14.9%] #4480: "Jastrow, *גַּחֲמוּן"... OK (גחמון)
[14.9%] #4481: "Jastrow, גָּחַן"... OK (גחן)
[14.9%] #4482: "Jastrow, גְּחַן"... duplicate
[14.9%] #4482: "Jastrow, גַּחַר"... OK (גחר)
[14.9%] #4483: "Jastrow, גֵּט"... OK (גט)
[14.9%] #4484: "Jastrow, גֵּט ²"... duplicate
[14.9%] #4484: "Jastrow, גטורין"... OK (גטורין)
[14.9%] #4485: "Jastrow, גטישא"... OK (גטישא)
[14.9%] #4486: "Jastrow, גַּיְא"... OK (גיא)
[15.0%] #4487: "Jastrow, גֵּיאֶה"... OK (גיאה)
[15.0%] #4488: "Jastrow, גֵּיאוּתָא"... OK (גיאותא)
[15.0%] #4489: "Jastrow, גֵּיאוְתָנָא"... OK (גיאותנא)
[15.0%] #4490: "Jastrow, גֵּיאיוּתָא"... OK (גיאיותא)
[15.0%] #4491: "Jastrow, גַּיָּארָא"... OK (גיארא)
[15.0%] #4492: "Jastrow, גיאתו"... OK (גיאתו)
[15.0%] #4493: "Jastrow, גִּיב"... OK (גיב)
[15.0%] #4494: "Jastrow, גִּיב II"... duplicate
[15.0%] #4494: "Jastrow, גִּיבְבָא"... OK (גיבבא)
[15.0%] #4495: "Jastrow, גיבביי"... OK (גיבביי)
[15.0%] #4496: "Jastrow, גִּיבּוּי"... OK (גיבוי)
[15.0%] #4497: "Jastrow, גּיבּוּל"... OK (גיבול)
[15.0%] #4498: "Jastrow, גִּיבּוֹר"... OK (גיבור)
[15.0%] #4499: "Jastrow, גִּיבְלֵי"... OK (גיבלי)
[15.0%] #4500: "Jastrow, גִּיבְנָא"... OK (גיבנא)
[15.0%] #4501: "Jastrow, גיבס׳"... OK (גיבס)
[15.0%] #4502: "Jastrow, גִּיבַּר"... OK (גיבר)
[15.0%] #4503: "Jastrow, גִּיבָּרָא"... OK (גיברא)
[15.0%] #4504: "Jastrow, גִּיבָּרוּתָא"... OK (גיברותא)
[15.0%] #4505: "Jastrow, גִּיגִּית"... OK (גיגית)
[15.0%] #4506: "Jastrow, גִּיגִּיתָא"... OK (גיגיתא)
[15.0%] #4507: "Jastrow, גִּיגַּל"... OK (גיגל)
[15.0%] #4508: "Jastrow, *גיגנטון"... OK (גיגנטון)
[15.0%] #4509: "Jastrow, גִּיד"... OK (גיד)
[15.0%] #4510: "Jastrow, גִּידָא"... OK (גידא)
[15.0%] #4511: "Jastrow, גִּידָּא I"... duplicate
[15.0%] #4511: "Jastrow, גִּידָּא II"... duplicate
[15.0%] #4511: "Jastrow, גִּידְדָא"... OK (גידדא)
[15.0%] #4512: "Jastrow, *גִּידּוֹד"... OK (גידוד)
[15.0%] #4513: "Jastrow, גִּידּוּד"... duplicate
[15.0%] #4513: "Jastrow, גִּידּוּדָא"... OK (גידודא)
[15.0%] #4514: "Jastrow, גידודה"... OK (גידודה)
[15.0%] #4515: "Jastrow, גִּידּוּל"... OK (גידול)
[15.0%] #4516: "Jastrow, גִּידּוֹל"... duplicate
[15.0%] #4516: "Jastrow, גידומי"... OK (גידומי)
[15.1%] #4517: "Jastrow, *גִּידּוּנִין"... OK (גידונין)
[15.1%] #4518: "Jastrow, גִּידּוּעַ"... OK (גידוע)
[15.1%] #4519: "Jastrow, גִּידּוּף"... OK (גידוף)
[15.1%] #4520: "Jastrow, גִּידּוּפָא"... OK (גידופא)
[15.1%] #4521: "Jastrow, גִּידּוּר"... OK (גידור)
[15.1%] #4522: "Jastrow, גִּידָּל"... OK (גידל)
  [Saved progress: 4522 entries]
[15.1%] #4523: "Jastrow, *גִּידֵּל"... duplicate
[15.1%] #4523: "Jastrow, גִּידֵּם"... OK (גידם)
[15.1%] #4524: "Jastrow, גִּידְּמָא"... OK (גידמא)
[15.1%] #4525: "Jastrow, גידרונא"... OK (גידרונא)
[15.1%] #4526: "Jastrow, גִּיהַּ"... OK (גיה)
[15.1%] #4527: "Jastrow, גִּיהא I"... OK (גיהא)
[15.1%] #4528: "Jastrow, גִּיהָא II"... duplicate
[15.1%] #4528: "Jastrow, גִּיהוּץ"... OK (גיהוץ)
[15.1%] #4529: "Jastrow, גִּיהְיָא"... OK (גיהיא)
[15.1%] #4530: "Jastrow, גִּיהִיאָה"... OK (גיהיאה)
[15.1%] #4531: "Jastrow, גֵּיהִינָּם"... OK (גיהינם)
[15.1%] #4532: "Jastrow, גִּיהַר"... OK (גיהר)
[15.1%] #4533: "Jastrow, גיובריא"... OK (גיובריא)
[15.1%] #4534: "Jastrow, גֵּין"... OK (גין)
[15.1%] #4535: "Jastrow, גֵּיוָה"... OK (גיוה)
[15.1%] #4536: "Jastrow, *גִּיוָוטָאֵי"... OK (גיווטאי)
[15.1%] #4537: "Jastrow, גֵּיווְתָנָא"... OK (גיוותנא)
[15.1%] #4538: "Jastrow, גֵּיוָיָא"... OK (גיויא)
[15.1%] #4539: "Jastrow, גיונברי"... OK (גיונברי)
[15.1%] #4540: "Jastrow, גַּיּוּס"... OK (גיוס)
[15.1%] #4541: "Jastrow, גַּיּוֹפָא"... OK (גיופא)
[15.1%] #4542: "Jastrow, גִּיּוֹר"... OK (גיור)
[15.1%] #4543: "Jastrow, גַּיּוֹרָא"... OK (גיורא)
[15.1%] #4544: "Jastrow, גִּיּוֹרֵי"... OK (גיורי)
[15.1%] #4545: "Jastrow, גִּיּוֹרֶת"... OK (גיורת)
[15.2%] #4546: "Jastrow, גִּיּוֹרְתָּא"... OK (גיורתא)
[15.2%] #4547: "Jastrow, גַּיּוֹרְתָּא"... duplicate
[15.2%] #4547: "Jastrow, גַּיּוּת"... OK (גיות)
[15.2%] #4548: "Jastrow, גֵּיוְתָא"... OK (גיותא)
[15.2%] #4549: "Jastrow, גֵּיוְתָן"... OK (גיותן)
[15.2%] #4550: "Jastrow, גֵּיוְתָנָא"... OK (גיותנא)
[15.2%] #4551: "Jastrow, גֵּיוְתָנוּתָא"... OK (גיותנותא)
[15.2%] #4552: "Jastrow, גִּיזָּא I"... OK (גיזא)
[15.2%] #4553: "Jastrow, גִּיזָּא II"... duplicate
[15.2%] #4553: "Jastrow, גִּיזְבָּר"... OK (גיזבר)
[15.2%] #4554: "Jastrow, גִּיזָּה"... OK (גיזה)
[15.2%] #4555: "Jastrow, גִּיזָה"... duplicate
[15.2%] #4555: "Jastrow, גִּיזּוּזָא"... OK (גיזוזא)
[15.2%] #4556: "Jastrow, גִּיזּוּם"... OK (גיזום)
[15.2%] #4557: "Jastrow, גִּיזִּין"... OK (גיזין)
[15.2%] #4558: "Jastrow, *גִּיזִּית"... OK (גיזית)
[15.2%] #4559: "Jastrow, גֶּיזֶר"... OK (גיזר)
[15.2%] #4560: "Jastrow, גִּיזְרָא"... OK (גיזרא)
[15.2%] #4561: "Jastrow, גיזריפטי"... OK (גיזריפטי)
[15.2%] #4562: "Jastrow, גִּיזְּתָא"... OK (גיזתא)
[15.2%] #4563: "Jastrow, גִּיזְתַּיָּא"... OK (גיזתיא)
[15.2%] #4564: "Jastrow, גִּיחַ"... OK (גיח)
[15.2%] #4565: "Jastrow, גִּיחוּךְ"... OK (גיחוך)
[15.2%] #4566: "Jastrow, גִּיחוּכָא"... OK (גיחוכא)
[15.2%] #4567: "Jastrow, גִּיחוֹן"... OK (גיחון)
[15.2%] #4568: "Jastrow, גִּיחוּץ"... OK (גיחוץ)
[15.2%] #4569: "Jastrow, גִּיחוֹר"... OK (גיחור)
[15.2%] #4570: "Jastrow, גִּיחוֹרָא"... OK (גיחורא)
[15.2%] #4571: "Jastrow, גִּיחְיָא"... OK (גיחיא)
[15.2%] #4572: "Jastrow, גִּיחֲכָא"... OK (גיחכא)
[15.2%] #4573: "Jastrow, גֵּיט"... OK (גיט)
[15.2%] #4574: "Jastrow, *גְּיֵי"... OK (גיי)
[15.2%] #4575: "Jastrow, גִּיֵּיד"... OK (גייד)
[15.3%] #4576: "Jastrow, גַּיֵּיד"... duplicate
[15.3%] #4576: "Jastrow, *גַּיְידּוֹר"... OK (גיידור)
[15.3%] #4577: "Jastrow, גַּיּיוּס"... OK (גייוס)
[15.3%] #4578: "Jastrow, גַּיּיוֹפָא"... OK (גייופא)
[15.3%] #4579: "Jastrow, גֵּיִים"... OK (גיים)
[15.3%] #4580: "Jastrow, גָּיֵיס"... OK (גייס)
[15.3%] #4581: "Jastrow, גַּיָּיס"... duplicate
[15.3%] #4581: "Jastrow, גַּיָּיסָא"... OK (גייסא)
[15.3%] #4582: "Jastrow, גָּיְיסָא"... duplicate
[15.3%] #4582: "Jastrow, גִּיֵּיף"... OK (גייף)
[15.3%] #4583: "Jastrow, גַּיָּיפָא"... OK (גייפא)
[15.3%] #4584: "Jastrow, גִּיֵּיר"... OK (גייר)
[15.3%] #4585: "Jastrow, גַּיָּירָא"... OK (גיירא)
[15.3%] #4586: "Jastrow, גִּיל I"... OK (גיל)
[15.3%] #4587: "Jastrow, גִּיל II"... duplicate
[15.3%] #4587: "Jastrow, גִּיל III"... duplicate
[15.3%] #4587: "Jastrow, גִּילָא I"... OK (גילא)
[15.3%] #4588: "Jastrow, גִּילָא II"... duplicate
[15.3%] #4588: "Jastrow, גִּילָאֵי"... OK (גילאי)
[15.3%] #4589: "Jastrow, גִּילְבּוֹנָה"... OK (גילבונה)
[15.3%] #4590: "Jastrow, גִּילְגּוּל"... OK (גילגול)
[15.3%] #4591: "Jastrow, גֶּילֶד"... OK (גילד)
[15.3%] #4592: "Jastrow, גִּילָה"... OK (גילה)
[15.3%] #4593: "Jastrow, גִּילָּה"... duplicate
[15.3%] #4593: "Jastrow, גִּילְהֵי"... OK (גילהי)
[15.3%] #4594: "Jastrow, גִּילּוּחַ"... OK (גילוח)
[15.3%] #4595: "Jastrow, גִּילוּחַ"... duplicate
[15.3%] #4595: "Jastrow, גִּילּוּי"... OK (גילוי)
[15.3%] #4596: "Jastrow, גִּילּוּיָיא"... OK (גילוייא)
[15.3%] #4597: "Jastrow, גִּילּוּל"... OK (גילול)
[15.3%] #4598: "Jastrow, גִּילּוּלַיָּא"... OK (גילוליא)
[15.3%] #4599: "Jastrow, גִּילּוּעַ"... OK (גילוע)
[15.3%] #4600: "Jastrow, גִּילַּיָּא"... OK (גיליא)
[15.3%] #4601: "Jastrow, גִּילְיוֹן"... OK (גיליון)
[15.3%] #4602: "Jastrow, גִּילְלִין"... OK (גיללין)
[15.3%] #4603: "Jastrow, גילשל׳"... OK (גילשל)
[15.3%] #4604: "Jastrow, גִּימוֹל"... OK (גימול)
[15.3%] #4605: "Jastrow, גִּימוֹן"... OK (גימון)
[15.3%] #4606: "Jastrow, גִּימוֹנִית"... OK (גימונית)
[15.4%] #4607: "Jastrow, גִּימַטְרְיָא"... OK (גימטריא)
[15.4%] #4608: "Jastrow, גִּימַטְרְיוֹן"... OK (גימטריון)
[15.4%] #4609: "Jastrow, גימ"ל"... OK (גימל)
  [Saved progress: 4609 entries]
[15.4%] #4610: "Jastrow, גִּימֵל"... duplicate
[15.4%] #4610: "Jastrow, גִּימְלָא"... OK (גימלא)
[15.4%] #4611: "Jastrow, גִּין I"... duplicate
[15.4%] #4611: "Jastrow, גִּין II"... duplicate
[15.4%] #4611: "Jastrow, גִּינָּא"... OK (גינא)
[15.4%] #4612: "Jastrow, גִּינָּאָה"... OK (גינאה)
[15.4%] #4613: "Jastrow, גִּינַּאי"... OK (גינאי)
[15.4%] #4614: "Jastrow, גִּינַּאי ²"... duplicate
[15.4%] #4614: "Jastrow, גִּינְבְּרָא"... OK (גינברא)
[15.4%] #4615: "Jastrow, גּינְבָּרָא"... duplicate
[15.4%] #4615: "Jastrow, גִּינְגְּלוֹן"... OK (גינגלון)
[15.4%] #4616: "Jastrow, גּינדרונא"... OK (גינדרונא)
[15.4%] #4617: "Jastrow, גִּינָּה"... OK (גינה)
[15.4%] #4618: "Jastrow, גִּינּוּן"... OK (גינון)
[15.4%] #4619: "Jastrow, גִּינּוּנִיתָא"... OK (גינוניתא)
[15.4%] #4620: "Jastrow, גִּינוּסְיָא"... OK (גינוסיא)
[15.4%] #4621: "Jastrow, גִּינֹּוסַר"... OK (גינוסר)
[15.4%] #4622: "Jastrow, גִּינְזֵק"... OK (גינזק)
[15.4%] #4623: "Jastrow, גִּינִי"... OK (גיני)
[15.4%] #4624: "Jastrow, גּיניאך"... OK (גיניאך)
[15.4%] #4625: "Jastrow, גִּינַּיי"... OK (גיניי)
[15.4%] #4626: "Jastrow, גִּינִּין"... OK (גינין)
[15.4%] #4627: "Jastrow, גִּינִיסְיָא"... OK (גיניסיא)
[15.4%] #4628: "Jastrow, גִּינֵּיסַר"... OK (גיניסר)
[15.4%] #4629: "Jastrow, גינירות"... OK (גינירות)
[15.4%] #4630: "Jastrow, גִּינָּנַיָּא"... OK (גינניא)
[15.4%] #4631: "Jastrow, גינסין"... OK (גינסין)
[15.4%] #4632: "Jastrow, גִּינְּתָא"... OK (גינתא)
[15.4%] #4633: "Jastrow, גֵּיס"... OK (גיס)
[15.4%] #4634: "Jastrow, גִּיס II"... duplicate
[15.4%] #4634: "Jastrow, גִּיס II ²"... duplicate
[15.4%] #4634: "Jastrow, גִּיסָא I"... OK (גיסא)
[15.4%] #4635: "Jastrow, גִּיסָא II"... duplicate
[15.4%] #4635: "Jastrow, גִּיסָא III"... duplicate
[15.4%] #4635: "Jastrow, גִּיסָה"... OK (גיסה)
[15.4%] #4636: "Jastrow, גִּיסְטְרָא"... OK (גיסטרא)
[15.5%] #4637: "Jastrow, גיסטרון"... OK (גיסטרון)
[15.5%] #4638: "Jastrow, גִּיסְסָא I"... OK (גיססא)
[15.5%] #4639: "Jastrow, גִּיסְסָא II"... duplicate
[15.5%] #4639: "Jastrow, גיסתרא"... OK (גיסתרא)
[15.5%] #4640: "Jastrow, גִּיעֲגוּעַ"... OK (גיעגוע)
[15.5%] #4641: "Jastrow, גִּיעוּל I"... OK (גיעול)
[15.5%] #4642: "Jastrow, גִּיעוּל II"... duplicate
[15.5%] #4642: "Jastrow, גֵּיף"... OK (גיף)
[15.5%] #4643: "Jastrow, גֵּיף ²"... duplicate
[15.5%] #4643: "Jastrow, *גִּיף"... duplicate
[15.5%] #4643: "Jastrow, גַּיָּפָא"... OK (גיפא)
[15.5%] #4644: "Jastrow, גִּיפּוּף"... OK (גיפוף)
[15.5%] #4645: "Jastrow, גִּיפּוּף ²"... duplicate
[15.5%] #4645: "Jastrow, גִּיפְטִי"... OK (גיפטי)
[15.5%] #4646: "Jastrow, גיפן"... OK (גיפן)
[15.5%] #4647: "Jastrow, גִּיפְסוֹס"... OK (גיפסוס)
[15.5%] #4648: "Jastrow, גִּיפְסִים"... OK (גיפסים)
[15.5%] #4649: "Jastrow, גִּיפֵּף"... OK (גיפף)
[15.5%] #4650: "Jastrow, גִּיפֵּר"... OK (גיפר)
[15.5%] #4651: "Jastrow, גִּיפְתָּא"... OK (גיפתא)
[15.5%] #4652: "Jastrow, גיפתי"... OK (גיפתי)
[15.5%] #4653: "Jastrow, גֵּיפְתָן"... OK (גיפתן)
[15.5%] #4654: "Jastrow, גֵּיצָא"... OK (גיצא)
[15.5%] #4655: "Jastrow, *גִּיר I"... OK (גיר)
[15.5%] #4656: "Jastrow, גִּיר II"... duplicate
[15.5%] #4656: "Jastrow, גִּיר"... duplicate
[15.5%] #4656: "Jastrow, גִּיר III"... duplicate
[15.5%] #4656: "Jastrow, גִּירָא III"... OK (גירא)
[15.5%] #4657: "Jastrow, גִּירָא IV"... duplicate
[15.5%] #4657: "Jastrow, גֵּירָא"... duplicate
[15.5%] #4657: "Jastrow, גִּירָאָה"... OK (גיראה)
[15.5%] #4658: "Jastrow, גִּירְגִּבְסִין"... OK (גירגבסין)
[15.5%] #4659: "Jastrow, גִּירְגֵּר"... OK (גירגר)
[15.5%] #4660: "Jastrow, גִּירְדָּא I"... OK (גירדא)
[15.5%] #4661: "Jastrow, גִּירְדָּא II"... duplicate
[15.5%] #4661: "Jastrow, גִּירְדָּא"... duplicate
[15.5%] #4661: "Jastrow, גִּירְדּוֹנָא"... OK (גירדונא)
[15.5%] #4662: "Jastrow, גִּירְדַּי"... OK (גירדי)
[15.5%] #4663: "Jastrow, גֵּירָה"... OK (גירה)
[15.5%] #4664: "Jastrow, גִּירָה"... duplicate
[15.5%] #4664: "Jastrow, גֵּירוּי"... OK (גירוי)
[15.5%] #4665: "Jastrow, גֵּירוּמִים"... OK (גירומים)
[15.6%] #4666: "Jastrow, גירומסין"... OK (גירומסין)
[15.6%] #4667: "Jastrow, גירונין"... OK (גירונין)
[15.6%] #4668: "Jastrow, גֵּירוּעַ I"... OK (גירוע)
[15.6%] #4669: "Jastrow, גֵּירוּעַ II"... duplicate
[15.6%] #4669: "Jastrow, גירור"... OK (גירור)
[15.6%] #4670: "Jastrow, גֵּירוּשִׁין"... OK (גירושין)
[15.6%] #4671: "Jastrow, גֵּירוּת"... OK (גירות)
[15.6%] #4672: "Jastrow, גִּירוּתָא"... OK (גירותא)
[15.6%] #4673: "Jastrow, גֵּירִי"... OK (גירי)
[15.6%] #4674: "Jastrow, גִּירְמָא"... OK (גירמא)
[15.6%] #4675: "Jastrow, גִּירְמַנְיָא"... OK (גירמניא)
[15.6%] #4676: "Jastrow, גִּירְסָא I"... OK (גירסא)
[15.6%] #4677: "Jastrow, גִּירְסָא II"... duplicate
[15.6%] #4677: "Jastrow, גִּירְסָנָא"... OK (גירסנא)
[15.6%] #4678: "Jastrow, גֵּירָעוֹן"... OK (גירעון)
[15.6%] #4679: "Jastrow, גִּירְצָא"... OK (גירצא)
[15.6%] #4680: "Jastrow, גִּירְקְרָרִין"... OK (גירקררין)
[15.6%] #4681: "Jastrow, גִּירְרָא"... OK (גיררא)
[15.6%] #4682: "Jastrow, גיררתו"... OK (גיררתו)
[15.6%] #4683: "Jastrow, *גִּישׁ"... OK (גיש)
[15.6%] #4684: "Jastrow, גִּישָׁה"... OK (גישה)
[15.6%] #4685: "Jastrow, גִּישְׁרָא"... OK (גישרא)
  [Saved progress: 4685 entries]
[15.6%] #4686: "Jastrow, גִּישְׁתָּא"... OK (גישתא)
[15.6%] #4687: "Jastrow, גִּישְׁתְּמָא"... OK (גישתמא)
[15.6%] #4688: "Jastrow, גֵּיתָא"... OK (גיתא)
[15.6%] #4689: "Jastrow, גֵּיתֵי"... OK (גיתי)
[15.6%] #4690: "Jastrow, גַּל"... OK (גל)
[15.6%] #4691: "Jastrow, גַּלָּא"... OK (גלא)
[15.6%] #4692: "Jastrow, גְּלָא"... duplicate
[15.6%] #4692: "Jastrow, גלא"... duplicate
[15.6%] #4692: "Jastrow, גְּלָאי"... OK (גלאי)
[15.6%] #4693: "Jastrow, גְּלָאלָא"... OK (גלאלא)
[15.6%] #4694: "Jastrow, גַּלְאַקְסִינוֹן"... OK (גלאקסינון)
[15.6%] #4695: "Jastrow, גְּלַב"... OK (גלב)
[15.7%] #4696: "Jastrow, גְּלָב"... duplicate
[15.7%] #4696: "Jastrow, גַּלָּב"... duplicate
[15.7%] #4696: "Jastrow, גלבטא"... OK (גלבטא)
[15.7%] #4697: "Jastrow, *גַּלְבִּין"... OK (גלבין)
[15.7%] #4698: "Jastrow, *גְּלַבְקְיָא"... OK (גלבקיא)
[15.7%] #4699: "Jastrow, גְּלַג"... OK (גלג)
[15.7%] #4700: "Jastrow, גַּלְגָּא"... OK (גלגא)
[15.7%] #4701: "Jastrow, גלגוטיקא"... OK (גלגוטיקא)
[15.7%] #4702: "Jastrow, גִּלְגּוּל"... OK (גלגול)
[15.7%] #4703: "Jastrow, גִּלְגּוּל ²"... duplicate
[15.7%] #4703: "Jastrow, גַּלְגֵּיל"... OK (גלגיל)
[15.7%] #4704: "Jastrow, גַּלְגִּילָא"... OK (גלגילא)
[15.7%] #4705: "Jastrow, גלגילון"... OK (גלגילון)
[15.7%] #4706: "Jastrow, גִּלְגֵּל"... OK (גלגל)
[15.7%] #4707: "Jastrow, גַּלְגֵּל"... duplicate
[15.7%] #4707: "Jastrow, גַּלְגַּל"... duplicate
[15.7%] #4707: "Jastrow, גַּלְגַּל ²"... duplicate
[15.7%] #4707: "Jastrow, גַּלְגִּלּוֹן"... OK (גלגלון)
[15.7%] #4708: "Jastrow, גִּלְגְּלִין"... OK (גלגלין)
[15.7%] #4709: "Jastrow, גּלְגֹּלֶת"... OK (גלגלת)
[15.7%] #4710: "Jastrow, גַּלְגַּלְתָּא"... OK (גלגלתא)
[15.7%] #4711: "Jastrow, גָּלַד"... OK (גלד)
[15.7%] #4712: "Jastrow, גְּלַד"... duplicate
[15.7%] #4712: "Jastrow, גֶּלֶד"... duplicate
[15.7%] #4712: "Jastrow, גִּלְדָּא"... OK (גלדא)
[15.7%] #4713: "Jastrow, גִּלְדָּאָה"... OK (גלדאה)
[15.7%] #4714: "Jastrow, גִּלְדָּנָא"... OK (גלדנא)
[15.7%] #4715: "Jastrow, גִּלָּה"... OK (גלה)
[15.7%] #4716: "Jastrow, גֻּלָּה"... duplicate
[15.7%] #4716: "Jastrow, גָּלָה"... duplicate
[15.7%] #4716: "Jastrow, גָּלוּ"... OK (גלו)
[15.7%] #4717: "Jastrow, גלובדק"... OK (גלובדק)
[15.7%] #4718: "Jastrow, גלוביא"... OK (גלוביא)
[15.7%] #4719: "Jastrow, גְּלוּגְדְּקָא"... OK (גלוגדקא)
[15.7%] #4720: "Jastrow, גלוגות"... OK (גלוגות)
[15.7%] #4721: "Jastrow, גלוגיקא"... OK (גלוגיקא)
[15.7%] #4722: "Jastrow, גלוגלין"... OK (גלוגלין)
[15.7%] #4723: "Jastrow, גלודקי"... OK (גלודקי)
[15.7%] #4724: "Jastrow, גלוהי"... OK (גלוהי)
[15.7%] #4725: "Jastrow, גלוואי"... OK (גלוואי)
[15.8%] #4726: "Jastrow, גלווקי"... OK (גלווקי)
[15.8%] #4727: "Jastrow, גָּלוּי"... OK (גלוי)
[15.8%] #4728: "Jastrow, גִּלּוּי"... duplicate
[15.8%] #4728: "Jastrow, גָּלוֹיָא"... OK (גלויא)
[15.8%] #4729: "Jastrow, גַּלּוּיֵי"... OK (גלויי)
[15.8%] #4730: "Jastrow, גִּלּוּל"... OK (גלול)
[15.8%] #4731: "Jastrow, גָּלוֹלָא"... OK (גלולא)
[15.8%] #4732: "Jastrow, גָּלוּם"... OK (גלום)
[15.8%] #4733: "Jastrow, גלוסא"... OK (גלוסא)
[15.8%] #4734: "Jastrow, גְּלוֹסְטְרָא"... OK (גלוסטרא)
[15.8%] #4735: "Jastrow, גְּלוּסְטְרָאָה"... OK (גלוסטראה)
[15.8%] #4736: "Jastrow, גְּלוּסְקָא"... OK (גלוסקא)
[15.8%] #4737: "Jastrow, גְּלוּסְקָאן"... OK (גלוסקאן)
[15.8%] #4738: "Jastrow, גלוסקוים"... OK (גלוסקוים)
[15.8%] #4739: "Jastrow, גְּלוּסְקִין"... OK (גלוסקין)
[15.8%] #4740: "Jastrow, גְּלוֹסְקְמָא"... OK (גלוסקמא)
[15.8%] #4741: "Jastrow, גְּלוֹף"... OK (גלוף)
[15.8%] #4742: "Jastrow, גְּלוּפְסִין"... OK (גלופסין)
[15.8%] #4743: "Jastrow, גְּלוּפְקְרָא"... OK (גלופקרא)
[15.8%] #4744: "Jastrow, גְּלוּפְקְרֵי"... OK (גלופקרי)
[15.8%] #4745: "Jastrow, גלורין"... OK (גלורין)
[15.8%] #4746: "Jastrow, גְּלוֹשׁ"... OK (גלוש)
[15.8%] #4747: "Jastrow, גְּלוֹשׁוּתָא"... OK (גלושותא)
[15.8%] #4748: "Jastrow, גָּלוּת"... OK (גלות)
[15.8%] #4749: "Jastrow, גָּלוּתָא"... OK (גלותא)
[15.8%] #4750: "Jastrow, גָּלַח"... OK (גלח)
[15.8%] #4751: "Jastrow, גְּלַח"... duplicate
[15.8%] #4751: "Jastrow, גַּלְחִי"... OK (גלחי)
[15.8%] #4752: "Jastrow, גלטורי"... OK (גלטורי)
[15.8%] #4753: "Jastrow, גלטינון"... OK (גלטינון)
[15.8%] #4754: "Jastrow, גלי"... OK (גלי)
[15.8%] #4755: "Jastrow, גְּלֵי"... duplicate
[15.8%] #4755: "Jastrow, גְּלַי"... duplicate
[15.8%] #4755: "Jastrow, *גַּלִּי"... duplicate
[15.8%] #4755: "Jastrow, גֱּלֵי"... duplicate
[15.8%] #4755: "Jastrow, גַּלְיָא I"... OK (גליא)
[15.8%] #4756: "Jastrow, *גַּלְיָא II"... duplicate
[15.8%] #4756: "Jastrow, גַּלַּיָּא"... duplicate
[15.8%] #4756: "Jastrow, גָּלַיָּא"... duplicate
[15.8%] #4756: "Jastrow, גליאס"... OK (גליאס)
[15.9%] #4757: "Jastrow, *גְּלִיבָא"... OK (גליבא)
[15.9%] #4758: "Jastrow, *גְּלִיבְטוֹן"... OK (גליבטון)
[15.9%] #4759: "Jastrow, *גַּלִּיגָאס"... OK (גליגאס)
[15.9%] #4760: "Jastrow, גָּלִיד"... OK (גליד)
[15.9%] #4761: "Jastrow, גְּלִיד"... duplicate
[15.9%] #4761: "Jastrow, גִּלָּיוֹן"... OK (גליון)
[15.9%] #4762: "Jastrow, גלייה"... OK (גלייה)
[15.9%] #4763: "Jastrow, גַּלְיָיר"... OK (גלייר)
  [Saved progress: 4763 entries]
[15.9%] #4764: "Jastrow, גָּלִיל"... OK (גליל)
[15.9%] #4765: "Jastrow, גָּלִילָא"... OK (גלילא)
[15.9%] #4766: "Jastrow, גְּלִילָא"... duplicate
[15.9%] #4766: "Jastrow, גְּלִילָאָה"... OK (גלילאה)
[15.9%] #4767: "Jastrow, גְּלִילָה"... OK (גלילה)
[15.9%] #4768: "Jastrow, גְּלִילִי"... OK (גלילי)
[15.9%] #4769: "Jastrow, גְּלִילְתָּא"... OK (גלילתא)
[15.9%] #4770: "Jastrow, גְּלִים"... OK (גלים)
[15.9%] #4771: "Jastrow, גְּלִימָא II"... OK (גלימא)
[15.9%] #4772: "Jastrow, גַּלֵּינֵי"... OK (גליני)
[15.9%] #4773: "Jastrow, גְּלִיפָא"... OK (גליפא)
[15.9%] #4774: "Jastrow, גְּלִיפָה"... OK (גליפה)
[15.9%] #4775: "Jastrow, גַּלִּיצוּר"... OK (גליצור)
[15.9%] #4776: "Jastrow, גָּלְיַת"... OK (גלית)
[15.9%] #4777: "Jastrow, גלכין"... OK (גלכין)
[15.9%] #4778: "Jastrow, גָּלַל"... OK (גלל)
[15.9%] #4779: "Jastrow, גְּלַל"... duplicate
[15.9%] #4779: "Jastrow, גָּלָל"... duplicate
[15.9%] #4779: "Jastrow, גְּלָל"... duplicate
[15.9%] #4779: "Jastrow, גְּלַלְנִיתָא"... OK (גללניתא)
[15.9%] #4780: "Jastrow, גָּלַם"... OK (גלם)
[15.9%] #4781: "Jastrow, גְּלַם"... duplicate
[15.9%] #4781: "Jastrow, גְּלָם"... duplicate
[15.9%] #4781: "Jastrow, גֹּלֶם"... duplicate
[15.9%] #4781: "Jastrow, גַּלְמָא"... OK (גלמא)
[15.9%] #4782: "Jastrow, גַּלְמוּד"... OK (גלמוד)
[15.9%] #4783: "Jastrow, גַּלְמוּדָא"... OK (גלמודא)
[15.9%] #4784: "Jastrow, גַּלְמוּדָה"... OK (גלמודה)
[15.9%] #4785: "Jastrow, גַּלְמָן"... OK (גלמן)
[16.0%] #4786: "Jastrow, גלנו"... OK (גלנו)
[16.0%] #4787: "Jastrow, גָּלַע"... OK (גלע)
[16.0%] #4788: "Jastrow, גִּלְעָד"... OK (גלעד)
[16.0%] #4789: "Jastrow, גַּלְעִין"... OK (גלעין)
[16.0%] #4790: "Jastrow, גָּלַף"... OK (גלף)
[16.0%] #4791: "Jastrow, גְּלַף I"... duplicate
[16.0%] #4791: "Jastrow, גְּלַף II"... duplicate
[16.0%] #4791: "Jastrow, גְּלָפִיתָא"... OK (גלפיתא)
[16.0%] #4792: "Jastrow, גַּלְפָּטְרָה"... OK (גלפטרה)
[16.0%] #4793: "Jastrow, גלקטינון"... OK (גלקטינון)
[16.0%] #4794: "Jastrow, גְּלקְטִיקָא"... OK (גלקטיקא)
[16.0%] #4795: "Jastrow, גָּלַשׁ"... OK (גלש)
[16.0%] #4796: "Jastrow, גְּלַשׁ"... duplicate
[16.0%] #4796: "Jastrow, *גֶּלֶשׁ"... duplicate
[16.0%] #4796: "Jastrow, *גַּלְשָׁא"... OK (גלשא)
[16.0%] #4797: "Jastrow, גְּלָשָׁה"... OK (גלשה)
[16.0%] #4798: "Jastrow, גַּלְשׁוּשִׁיתָא"... OK (גלשושיתא)
[16.0%] #4799: "Jastrow, גִּלְשְׁלוּשְׁתָּא"... OK (גלשלושתא)
[16.0%] #4800: "Jastrow, גִּלְשַׁלְשַׁן"... OK (גלשלשן)
[16.0%] #4801: "Jastrow, גֹּלְתָא"... OK (גלתא)
[16.0%] #4802: "Jastrow, גַּם I"... OK (גם)
[16.0%] #4803: "Jastrow, גַּם II"... duplicate
[16.0%] #4803: "Jastrow, גַּמָּא"... OK (גמא)
[16.0%] #4804: "Jastrow, גָּמָא"... duplicate
[16.0%] #4804: "Jastrow, גְּמָאִין"... OK (גמאין)
[16.0%] #4805: "Jastrow, גִּמְגֵּם"... OK (גמגם)
[16.0%] #4806: "Jastrow, גַּמְגֵּם"... duplicate
[16.0%] #4806: "Jastrow, גֹּמֶד"... OK (גמד)
[16.0%] #4807: "Jastrow, גָּמַד"... duplicate
[16.0%] #4807: "Jastrow, גְּמַד"... duplicate
[16.0%] #4807: "Jastrow, גַּמְדָּא I"... OK (גמדא)
[16.0%] #4808: "Jastrow, גַּמְדָּא II"... duplicate
[16.0%] #4808: "Jastrow, גָּמָה"... OK (גמה)
[16.0%] #4809: "Jastrow, גמו"... OK (גמו)
[16.0%] #4810: "Jastrow, גָּמוּד"... OK (גמוד)
[16.0%] #4811: "Jastrow, גְּמוּל"... OK (גמול)
[16.0%] #4812: "Jastrow, גְּמוּלָא"... OK (גמולא)
[16.0%] #4813: "Jastrow, *גְּמוּמָסִית"... OK (גמומסית)
[16.0%] #4814: "Jastrow, *גמורקין"... OK (גמורקין)
[16.0%] #4815: "Jastrow, גָּמַז"... OK (גמז)
[16.1%] #4816: "Jastrow, *גַּמְזָא"... OK (גמזא)
[16.1%] #4817: "Jastrow, גִּמְזוֹ"... OK (גמזו)
[16.1%] #4818: "Jastrow, גַּמְזוּז"... OK (גמזוז)
[16.1%] #4819: "Jastrow, גַּמְזוּזִינַיָּיה"... OK (גמזוזינייה)
[16.1%] #4820: "Jastrow, גַּמָּזִית"... OK (גמזית)
[16.1%] #4821: "Jastrow, גַּמְחוּן"... OK (גמחון)
[16.1%] #4822: "Jastrow, גְּמַטְרְיָא"... OK (גמטריא)
[16.1%] #4823: "Jastrow, גְּמִי I"... OK (גמי)
[16.1%] #4824: "Jastrow, גְּמִי II"... duplicate
[16.1%] #4824: "Jastrow, גְּמִיאָה"... OK (גמיאה)
[16.1%] #4825: "Jastrow, גְּמִיד"... OK (גמיד)
[16.1%] #4826: "Jastrow, גָּמְיָיא"... OK (גמייא)
[16.1%] #4827: "Jastrow, גְּמִיָּה"... OK (גמיה)
[16.1%] #4828: "Jastrow, גָּמֵיל"... OK (גמיל)
[16.1%] #4829: "Jastrow, גמילה"... OK (גמילה)
[16.1%] #4830: "Jastrow, גְּמִילָה"... duplicate
[16.1%] #4830: "Jastrow, גְּמִילוּת"... OK (גמילות)
[16.1%] #4831: "Jastrow, גמיסיקין"... OK (גמיסיקין)
[16.1%] #4832: "Jastrow, גְּמִיעָה"... OK (גמיעה)
[16.1%] #4833: "Jastrow, גמיקון"... OK (גמיקון)
[16.1%] #4834: "Jastrow, גַּמִּיקִין"... OK (גמיקין)
[16.1%] #4835: "Jastrow, גמיקיסום"... OK (גמיקיסום)
[16.1%] #4836: "Jastrow, גְּמִיר"... OK (גמיר)
[16.1%] #4837: "Jastrow, גמ"ל"... OK (גמל)
[16.1%] #4838: "Jastrow, גָּמַל"... duplicate
[16.1%] #4838: "Jastrow, גְּמַל"... duplicate
[16.1%] #4838: "Jastrow, גָּמָל"... duplicate
[16.1%] #4838: "Jastrow, גַּמָּל"... duplicate
[16.1%] #4838: "Jastrow, גֻּמְלָא"... OK (גמלא)
[16.1%] #4839: "Jastrow, גַּמְלָא I"... duplicate
[16.1%] #4839: "Jastrow, גַּמְלָא II"... duplicate
  [Saved progress: 4838 entries]
[16.1%] #4839: "Jastrow, גַּמְלָא III"... duplicate
[16.1%] #4839: "Jastrow, גמלא"... duplicate
[16.1%] #4839: "Jastrow, גַּמְלָה"... OK (גמלה)
[16.1%] #4840: "Jastrow, גַּמְלוֹן"... OK (גמלון)
[16.1%] #4841: "Jastrow, גַּמְלִיאֵל"... OK (גמליאל)
[16.1%] #4842: "Jastrow, גִּמְלִין"... OK (גמלין)
[16.1%] #4843: "Jastrow, גַּמְלָן"... OK (גמלן)
[16.1%] #4844: "Jastrow, גַּמְלָנָא"... OK (גמלנא)
[16.1%] #4845: "Jastrow, גַּמֶּלֶת"... OK (גמלת)
[16.2%] #4846: "Jastrow, גְּמַלְתָּא"... OK (גמלתא)
[16.2%] #4847: "Jastrow, גָּמַם"... OK (גמם)
[16.2%] #4848: "Jastrow, גְּמַם"... duplicate
[16.2%] #4848: "Jastrow, גְּמָמִיּוֹת"... OK (גממיות)
[16.2%] #4849: "Jastrow, גַּמְסָסִית"... OK (גמססית)
[16.2%] #4850: "Jastrow, גמניא"... OK (גמניא)
[16.2%] #4851: "Jastrow, גָּמַע"... OK (גמע)
[16.2%] #4852: "Jastrow, גְּמַץ"... OK (גמץ)
[16.2%] #4853: "Jastrow, גָּמַר I"... OK (גמר)
[16.2%] #4854: "Jastrow, גְּמַר I"... duplicate
[16.2%] #4854: "Jastrow, גָּמַר II"... duplicate
[16.2%] #4854: "Jastrow, גְּמַר II"... duplicate
[16.2%] #4854: "Jastrow, גָּמָר"... duplicate
[16.2%] #4854: "Jastrow, גְּמַר III"... duplicate
[16.2%] #4854: "Jastrow, גְּמָרָא"... OK (גמרא)
[16.2%] #4855: "Jastrow, גַּמְּרִי"... OK (גמרי)
[16.2%] #4856: "Jastrow, גמרייה"... OK (גמרייה)
[16.2%] #4857: "Jastrow, גַּמְרָנָא"... OK (גמרנא)
[16.2%] #4858: "Jastrow, גְּמַשׁ"... OK (גמש)
[16.2%] #4859: "Jastrow, גַּן"... OK (גן)
[16.2%] #4860: "Jastrow, גַּנָּא"... OK (גנא)
[16.2%] #4861: "Jastrow, גְּנָא"... duplicate
[16.2%] #4861: "Jastrow, גִּנָּאָה"... OK (גנאה)
[16.2%] #4862: "Jastrow, גְּנַאי"... OK (גנאי)
[16.2%] #4863: "Jastrow, גְּנַאי ²"... duplicate
[16.2%] #4863: "Jastrow, גָּנַב"... OK (גנב)
[16.2%] #4864: "Jastrow, גְּנַב"... duplicate
[16.2%] #4864: "Jastrow, גַּנָּב"... duplicate
[16.2%] #4864: "Jastrow, גַּנָּב ²"... duplicate
[16.2%] #4864: "Jastrow, גָּנֵב"... duplicate
[16.2%] #4864: "Jastrow, גַּנָּבָא"... OK (גנבא)
[16.2%] #4865: "Jastrow, גְּנֵבָה"... OK (גנבה)
[16.2%] #4866: "Jastrow, גַּנָּבִית"... OK (גנבית)
[16.2%] #4867: "Jastrow, גִּנְבָּרָא"... OK (גנברא)
[16.2%] #4868: "Jastrow, גִּנְבְּרָא"... duplicate
[16.2%] #4868: "Jastrow, גַּנַּבְתָּא"... OK (גנבתא)
[16.2%] #4869: "Jastrow, גִּנְגִּידִין"... OK (גנגידין)
[16.2%] #4870: "Jastrow, גִּנְגִּילוֹן"... OK (גנגילון)
[16.2%] #4871: "Jastrow, גנגלים"... OK (גנגלים)
[16.2%] #4872: "Jastrow, גַּנְדַּר I"... OK (גנדר)
[16.2%] #4873: "Jastrow, גַּנְדַּר II"... duplicate
[16.2%] #4873: "Jastrow, גַּנְדְּרוֹפֹּוס"... OK (גנדרופוס)
[16.2%] #4874: "Jastrow, גנדריפס"... OK (גנדריפס)
[16.2%] #4875: "Jastrow, גְּנַהּ"... OK (גנה)
[16.3%] #4876: "Jastrow, גַּנָּה"... duplicate
[16.3%] #4876: "Jastrow, גָּנָה"... duplicate
[16.3%] #4876: "Jastrow, גַּנּוֹבָא"... OK (גנובא)
[16.3%] #4877: "Jastrow, גְּנוּבָא"... duplicate
[16.3%] #4877: "Jastrow, גְּנוּבְתָּא I"... OK (גנובתא)
[16.3%] #4878: "Jastrow, גְּנוּבְתָּא II"... duplicate
[16.3%] #4878: "Jastrow, *גְּנוֹגְנִית"... OK (גנוגנית)
[16.3%] #4879: "Jastrow, *גִּנּוּי"... OK (גנוי)
[16.3%] #4880: "Jastrow, גנויה"... OK (גנויה)
[16.3%] #4881: "Jastrow, גִּנּוּן"... OK (גנון)
[16.3%] #4882: "Jastrow, גִּנּוּן ²"... duplicate
[16.3%] #4882: "Jastrow, גְּנוּנִים"... OK (גנונים)
[16.3%] #4883: "Jastrow, גְּנוּנִית"... OK (גנונית)
[16.3%] #4884: "Jastrow, גַּנּוּנִיתָא"... OK (גנוניתא)
[16.3%] #4885: "Jastrow, גְּנוּנִיתָא"... duplicate
[16.3%] #4885: "Jastrow, גְּנוֹנֶת"... OK (גנונת)
[16.3%] #4886: "Jastrow, גְּנוּס"... OK (גנוס)
[16.3%] #4887: "Jastrow, גְּנוּסָא"... OK (גנוסא)
[16.3%] #4888: "Jastrow, גְּנוּסְיָא"... OK (גנוסיא)
[16.3%] #4889: "Jastrow, גְּנוּסַיָּיא"... OK (גנוסייא)
[16.3%] #4890: "Jastrow, גְּנוֹסַר"... OK (גנוסר)
[16.3%] #4891: "Jastrow, גְּנוּת"... OK (גנות)
[16.3%] #4892: "Jastrow, גּנוּתָא"... OK (גנותא)
[16.3%] #4893: "Jastrow, גָּנַז"... OK (גנז)
[16.3%] #4894: "Jastrow, גְּנַז"... duplicate
[16.3%] #4894: "Jastrow, גֵּנֶז"... duplicate
[16.3%] #4894: "Jastrow, גִּנְזָא"... OK (גנזא)
[16.3%] #4895: "Jastrow, גנזבייה"... OK (גנזבייה)
[16.3%] #4896: "Jastrow, *גַּנְזַכָּה"... OK (גנזכה)
[16.3%] #4897: "Jastrow, *גִּנְזַכָּיָיה"... OK (גנזכייה)
[16.3%] #4898: "Jastrow, גִּנְזָק"... OK (גנזק)
[16.3%] #4899: "Jastrow, גָּנַח"... OK (גנח)
[16.3%] #4900: "Jastrow, גְּנַח I"... duplicate
[16.3%] #4900: "Jastrow, *גְּנַה II"... duplicate
[16.3%] #4900: "Jastrow, גני"... OK (גני)
[16.3%] #4901: "Jastrow, גְּנֵי"... duplicate
[16.3%] #4901: "Jastrow, גְּנֵיב־"... OK (גניב)
[16.3%] #4902: "Jastrow, גְּנִיבָא"... OK (גניבא)
[16.3%] #4903: "Jastrow, גְּנֵיבָה"... OK (גניבה)
[16.3%] #4904: "Jastrow, גְּנֵיבוּת"... OK (גניבות)
[16.3%] #4905: "Jastrow, גְּנֵיבוּתָא"... OK (גניבותא)
[16.4%] #4906: "Jastrow, גְּנִיגִי"... OK (גניגי)
[16.4%] #4907: "Jastrow, גְּנִיז"... OK (גניז)
[16.4%] #4908: "Jastrow, גְּנִיזָה"... OK (גניזה)
[16.4%] #4909: "Jastrow, גְּנַיי"... OK (גניי)
[16.4%] #4910: "Jastrow, גניינן"... OK (גניינן)
[16.4%] #4911: "Jastrow, גנין"... OK (גנין)
  [Saved progress: 4911 entries]
[16.4%] #4912: "Jastrow, גְּנִינִים"... OK (גנינים)
[16.4%] #4913: "Jastrow, גְּנִיסָא"... OK (גניסא)
[16.4%] #4914: "Jastrow, גְּנִיסַיָּיא"... OK (גניסייא)
[16.4%] #4915: "Jastrow, גְּנִיסִין"... OK (גניסין)
[16.4%] #4916: "Jastrow, גְּנֵיסַר"... OK (גניסר)
[16.4%] #4917: "Jastrow, גְּנִיסְתָּא"... OK (גניסתא)
[16.4%] #4918: "Jastrow, גָּנַן"... OK (גנן)
[16.4%] #4919: "Jastrow, גְּנַן"... duplicate
[16.4%] #4919: "Jastrow, גַּנָּן"... duplicate
[16.4%] #4919: "Jastrow, גַּנָּנָא"... OK (גננא)
[16.4%] #4920: "Jastrow, גְּנָנָא"... duplicate
[16.4%] #4920: "Jastrow, גְּנִסַּת"... OK (גנסת)
[16.4%] #4921: "Jastrow, גנסרי"... OK (גנסרי)
[16.4%] #4922: "Jastrow, *גַּנְפָא"... OK (גנפא)
[16.4%] #4923: "Jastrow, גִּנְּתָא"... OK (גנתא)
[16.4%] #4924: "Jastrow, גַּס I"... OK (גס)
[16.4%] #4925: "Jastrow, גַּס II"... duplicate
[16.4%] #4925: "Jastrow, גַּס III"... duplicate
[16.4%] #4925: "Jastrow, גַּסָּא"... OK (גסא)
[16.4%] #4926: "Jastrow, גָּסָא"... duplicate
[16.4%] #4926: "Jastrow, גַּסְבַּר"... OK (גסבר)
[16.4%] #4927: "Jastrow, גָּסָה"... OK (גסה)
[16.4%] #4928: "Jastrow, גַּסּוּת"... OK (גסות)
[16.4%] #4929: "Jastrow, גַּסּוּתָא"... OK (גסותא)
[16.4%] #4930: "Jastrow, גִּסְטְרָא"... OK (גסטרא)
[16.4%] #4931: "Jastrow, גַּסְטְרָא"... duplicate
[16.4%] #4931: "Jastrow, גַּסִּטְרוֹן"... OK (גסטרון)
[16.4%] #4932: "Jastrow, גַּסְטְרָיוֹת"... OK (גסטריות)
[16.4%] #4933: "Jastrow, *גַּסְיוֹטָאֵי"... OK (גסיוטאי)
[16.4%] #4934: "Jastrow, גַּסִּיטְרוֹן"... OK (גסיטרון)
[16.4%] #4935: "Jastrow, גסיסין"... OK (גסיסין)
[16.4%] #4936: "Jastrow, גְּסַס"... OK (גסס)
[16.5%] #4937: "Jastrow, גֶּסֶס"... duplicate
[16.5%] #4937: "Jastrow, גִּסְסָא"... OK (גססא)
[16.5%] #4938: "Jastrow, גסתרא"... OK (גסתרא)
[16.5%] #4939: "Jastrow, גְּעָא"... OK (געא)
[16.5%] #4940: "Jastrow, געא"... duplicate
[16.5%] #4940: "Jastrow, גִּעְגּוּעַ"... OK (געגוע)
[16.5%] #4941: "Jastrow, גִּעְגֵּעַ"... OK (געגע)
[16.5%] #4942: "Jastrow, גַּעְגַּע"... duplicate
[16.5%] #4942: "Jastrow, גַּעְגְּעָא"... OK (געגעא)
[16.5%] #4943: "Jastrow, געי"... OK (געי)
[16.5%] #4944: "Jastrow, גְּעִי"... duplicate
[16.5%] #4944: "Jastrow, גְּעִיָּיה"... OK (געייה)
[16.5%] #4945: "Jastrow, גְּעִיָּיתָא"... OK (געייתא)
[16.5%] #4946: "Jastrow, גְּעִילָה"... OK (געילה)
[16.5%] #4947: "Jastrow, גָּעַל"... OK (געל)
[16.5%] #4948: "Jastrow, גְּעַל"... duplicate
[16.5%] #4948: "Jastrow, גְּעַר"... OK (גער)
[16.5%] #4949: "Jastrow, גָּעַשׁ"... OK (געש)
[16.5%] #4950: "Jastrow, גַּעְתּוֹן"... OK (געתון)
[16.5%] #4951: "Jastrow, גַּף I"... OK (גף)
[16.5%] #4952: "Jastrow, גַּף II"... duplicate
[16.5%] #4952: "Jastrow, גַּפָּא I"... OK (גפא)
[16.5%] #4953: "Jastrow, גַּפָּא II"... duplicate
[16.5%] #4953: "Jastrow, גַּפָּה"... OK (גפה)
[16.5%] #4954: "Jastrow, גָּפָה"... duplicate
[16.5%] #4954: "Jastrow, גִּפּוּף"... OK (גפוף)
[16.5%] #4955: "Jastrow, גפי"... OK (גפי)
[16.5%] #4956: "Jastrow, גפל"... OK (גפל)
[16.5%] #4957: "Jastrow, גֶּפֶן"... OK (גפן)
[16.5%] #4958: "Jastrow, גָּפְנָא"... OK (גפנא)
[16.5%] #4959: "Jastrow, גָּפַס"... OK (גפס)
[16.5%] #4960: "Jastrow, גִּפְסִים"... OK (גפסים)
[16.5%] #4961: "Jastrow, גִּפְסוֹס"... OK (גפסוס)
[16.5%] #4962: "Jastrow, גִּפְסִיס"... OK (גפסיס)
[16.5%] #4963: "Jastrow, גִּפְסִית"... OK (גפסית)
[16.5%] #4964: "Jastrow, גָּפַף"... OK (גפף)
[16.5%] #4965: "Jastrow, גְּפַף"... duplicate
[16.5%] #4965: "Jastrow, גָּפַר"... OK (גפר)
[16.6%] #4966: "Jastrow, גְּפַר"... duplicate
[16.6%] #4966: "Jastrow, גָּפְרִית"... OK (גפרית)
[16.6%] #4967: "Jastrow, גָּפַת"... OK (גפת)
[16.6%] #4968: "Jastrow, גֶּפֶת"... duplicate
[16.6%] #4968: "Jastrow, גפתא"... OK (גפתא)
[16.6%] #4969: "Jastrow, גִּפְתִּי"... OK (גפתי)
[16.6%] #4970: "Jastrow, גֵּץ"... OK (גץ)
[16.6%] #4971: "Jastrow, *גֵּצָא"... OK (גצא)
[16.6%] #4972: "Jastrow, גִּצְטְרָא"... OK (גצטרא)
[16.6%] #4973: "Jastrow, גקרמונין"... OK (גקרמונין)
[16.6%] #4974: "Jastrow, ג"ר"... OK (גר)
[16.6%] #4975: "Jastrow, גֵּר"... duplicate
[16.6%] #4975: "Jastrow, גְּרָא"... OK (גרא)
[16.6%] #4976: "Jastrow, גֵּרָא"... duplicate
[16.6%] #4976: "Jastrow, גַּרְאִין"... OK (גראין)
[16.6%] #4977: "Jastrow, גְּרָאפָא"... OK (גראפא)
[16.6%] #4978: "Jastrow, גָּרֵב"... OK (גרב)
[16.6%] #4979: "Jastrow, גְּרַב"... duplicate
[16.6%] #4979: "Jastrow, גָּרָב I"... duplicate
[16.6%] #4979: "Jastrow, גְּרַב ²"... duplicate
[16.6%] #4979: "Jastrow, גָּרָב II"... duplicate
[16.6%] #4979: "Jastrow, גָּרָב"... duplicate
[16.6%] #4979: "Jastrow, גָּרְבָא"... OK (גרבא)
[16.6%] #4980: "Jastrow, גַּרְבִּיתָא"... OK (גרביתא)
[16.6%] #4981: "Jastrow, גַּרְבֵּל"... OK (גרבל)
[16.6%] #4982: "Jastrow, גַּרְבָּן"... OK (גרבן)
[16.6%] #4983: "Jastrow, גְּרַבְתָּא"... OK (גרבתא)
[16.6%] #4984: "Jastrow, גְּרַבְתָּן"... OK (גרבתן)
[16.6%] #4985: "Jastrow, גְּרַג"... OK (גרג)
[16.6%] #4986: "Jastrow, גַּרְגּוּשְׁתָּא"... OK (גרגושתא)
  [Saved progress: 4986 entries]
[16.6%] #4987: "Jastrow, גַּרגּוּתָא"... OK (גרגותא)
[16.6%] #4988: "Jastrow, גַּרְגּוּתְנִי"... OK (גרגותני)
[16.6%] #4989: "Jastrow, גַּרְגִּילָא"... OK (גרגילא)
[16.6%] #4990: "Jastrow, גְּרָגִים"... OK (גרגים)
[16.6%] #4991: "Jastrow, *גַּרְגִּינָא"... OK (גרגינא)
[16.6%] #4992: "Jastrow, גַּרְגִּיר"... OK (גרגיר)
[16.6%] #4993: "Jastrow, גַּרְגִּירָא"... OK (גרגירא)
[16.6%] #4994: "Jastrow, גַּרְגִּישְׁתָּא"... OK (גרגישתא)
[16.6%] #4995: "Jastrow, גַּרְגִּיתָא"... OK (גרגיתא)
[16.7%] #4996: "Jastrow, גַּרְגְּלִידָא"... OK (גרגלידא)
[16.7%] #4997: "Jastrow, גַּרְגֵּף"... OK (גרגף)
[16.7%] #4998: "Jastrow, גִּרְגֵּר"... OK (גרגר)
[16.7%] #4999: "Jastrow, גַּרְגֵּר"... duplicate
[16.7%] #4999: "Jastrow, גַּרְגַּר"... duplicate
[16.7%] #4999: "Jastrow, גַּרְגְּרָא"... OK (גרגרא)
[16.7%] #5000: "Jastrow, גַּרְגַּרְיָין"... OK (גרגריין)
[16.7%] #5001: "Jastrow, גַּרְגְּרִיתָא"... OK (גרגריתא)
[16.7%] #5002: "Jastrow, גַּרְגְּרָן"... OK (גרגרן)
[16.7%] #5003: "Jastrow, גַּרְגְּרָן ²"... duplicate
[16.7%] #5003: "Jastrow, גַּרְגְּרָנוּת"... OK (גרגרנות)
[16.7%] #5004: "Jastrow, גַּרְגְּרָנִית"... OK (גרגרנית)
[16.7%] #5005: "Jastrow, גַּרְגֶּרֶת"... OK (גרגרת)
[16.7%] #5006: "Jastrow, גַּרְגִּשְׁתָּא"... OK (גרגשתא)
[16.7%] #5007: "Jastrow, גַּרְגַּתְנִי"... OK (גרגתני)
[16.7%] #5008: "Jastrow, גָּרַד"... OK (גרד)
[16.7%] #5009: "Jastrow, גְּרַד"... duplicate
[16.7%] #5009: "Jastrow, גֶּרֶד"... duplicate
[16.7%] #5009: "Jastrow, גַּרְדָּא"... OK (גרדא)
[16.7%] #5010: "Jastrow, גַּרְדַּאי"... OK (גרדאי)
[16.7%] #5011: "Jastrow, גַּרְדּוּם"... OK (גרדום)
[16.7%] #5012: "Jastrow, גַּרְדֹּום"... duplicate
[16.7%] #5012: "Jastrow, גַּרְדּוּמָא"... OK (גרדומא)
[16.7%] #5013: "Jastrow, גַּרְדּוֹן"... OK (גרדון)
[16.7%] #5014: "Jastrow, גַּרְדִּי"... OK (גרדי)
[16.7%] #5015: "Jastrow, גַּרְדַּי"... duplicate
[16.7%] #5015: "Jastrow, גרדיון"... OK (גרדיון)
[16.7%] #5016: "Jastrow, גרדיקי"... OK (גרדיקי)
[16.7%] #5017: "Jastrow, גַּרְדִּיתָא"... OK (גרדיתא)
[16.7%] #5018: "Jastrow, גַּרְדֵּם"... OK (גרדם)
[16.7%] #5019: "Jastrow, גרדמני"... OK (גרדמני)
[16.7%] #5020: "Jastrow, *גַּרְדָּנָא"... OK (גרדנא)
[16.7%] #5021: "Jastrow, גרדקי"... OK (גרדקי)
[16.7%] #5022: "Jastrow, גָּרָה"... OK (גרה)
[16.7%] #5023: "Jastrow, גֵּרָה I"... duplicate
[16.7%] #5023: "Jastrow, גֵּרָה II"... duplicate
[16.7%] #5023: "Jastrow, גֵּרָה III"... duplicate
[16.7%] #5023: "Jastrow, גֵּרָה IV"... duplicate
[16.7%] #5023: "Jastrow, גְּרוֹגְרוֹת"... OK (גרוגרות)
[16.7%] #5024: "Jastrow, גְּרוֹגֶרֶת"... OK (גרוגרת)
[16.7%] #5025: "Jastrow, גָּרוּד"... OK (גרוד)
[16.8%] #5026: "Jastrow, *גְּרוּדָא"... OK (גרודא)
[16.8%] #5027: "Jastrow, גרוזמי"... OK (גרוזמי)
[16.8%] #5028: "Jastrow, גְּרוּטִי"... OK (גרוטי)
[16.8%] #5029: "Jastrow, גרויא"... OK (גרויא)
[16.8%] #5030: "Jastrow, גָּרוּם"... OK (גרום)
[16.8%] #5031: "Jastrow, גְּרוּמֵי"... OK (גרומי)
[16.8%] #5032: "Jastrow, גֵּרוּמִין"... OK (גרומין)
[16.8%] #5033: "Jastrow, גְּרוֹמִיתָא"... OK (גרומיתא)
[16.8%] #5034: "Jastrow, גָּרוֹן"... OK (גרון)
[16.8%] #5035: "Jastrow, גָּרוֹנָא"... OK (גרונא)
[16.8%] #5036: "Jastrow, גְּרוּנְדָּא"... OK (גרונדא)
[16.8%] #5037: "Jastrow, גָּרוֹסָה"... OK (גרוסה)
[16.8%] #5038: "Jastrow, גְּרוּסְיָא"... OK (גרוסיא)
[16.8%] #5039: "Jastrow, גרוסת"... OK (גרוסת)
[16.8%] #5040: "Jastrow, גֵּרוּעַ"... OK (גרוע)
[16.8%] #5041: "Jastrow, גָּרוֹעַ"... duplicate
[16.8%] #5041: "Jastrow, גְּרוֹף"... OK (גרוף)
[16.8%] #5042: "Jastrow, גרופו"... OK (גרופו)
[16.8%] #5043: "Jastrow, גְּרוּפִּינָא"... OK (גרופינא)
[16.8%] #5044: "Jastrow, גְּרוֹפִית"... OK (גרופית)
[16.8%] #5045: "Jastrow, גָּרוּר"... OK (גרור)
[16.8%] #5046: "Jastrow, גָּרוּשׁ"... OK (גרוש)
[16.8%] #5047: "Jastrow, גֵּרוּשִׁין"... OK (גרושין)
[16.8%] #5048: "Jastrow, גֵּרוּת"... OK (גרות)
[16.8%] #5049: "Jastrow, גַּרְזִימִי"... OK (גרזימי)
[16.8%] #5050: "Jastrow, גרזקי"... OK (גרזקי)
[16.8%] #5051: "Jastrow, גרי"... OK (גרי)
[16.8%] #5052: "Jastrow, גְּרִי"... duplicate
[16.8%] #5052: "Jastrow, גְּרִיבָא"... OK (גריבא)
[16.8%] #5053: "Jastrow, *גְּרִיבָה"... OK (גריבה)
[16.8%] #5054: "Jastrow, גָּרֵיד"... OK (גריד)
[16.8%] #5055: "Jastrow, גְּרִיד"... duplicate
[16.8%] #5055: "Jastrow, גְּרִידָא"... OK (גרידא)
[16.9%] #5056: "Jastrow, גְּרֵידָא"... duplicate
[16.9%] #5056: "Jastrow, גְּרִידָה"... OK (גרידה)
[16.9%] #5057: "Jastrow, גְּרִידוּתָא"... OK (גרידותא)
[16.9%] #5058: "Jastrow, גְּרֵידְתָא"... OK (גרידתא)
[16.9%] #5059: "Jastrow, גְּרִיוָא"... OK (גריוא)
[16.9%] #5060: "Jastrow, גריזמי"... OK (גריזמי)
[16.9%] #5061: "Jastrow, גְּרִיטוֹת"... OK (גריטות)
[16.9%] #5062: "Jastrow, גרימני"... OK (גרימני)
[16.9%] #5063: "Jastrow, גְּרִיס"... OK (גריס)
[16.9%] #5064: "Jastrow, גָּרִיס"... duplicate
[16.9%] #5064: "Jastrow, גְּרִיסָא"... OK (גריסא)
[16.9%] #5065: "Jastrow, גְּרִיעַ"... OK (גריע)
[16.9%] #5066: "Jastrow, גְּרִיעוּתָא"... OK (גריעותא)
[16.9%] #5067: "Jastrow, גְּרִיפָה"... OK (גריפה)
[16.9%] #5068: "Jastrow, גריפוס"... OK (גריפוס)
[16.9%] #5069: "Jastrow, גָּרִיץ"... OK (גריץ)
[16.9%] #5070: "Jastrow, גְּרִיץ"... duplicate
  [Saved progress: 5069 entries]
[16.9%] #5070: "Jastrow, גְּרִיצָה"... OK (גריצה)
[16.9%] #5071: "Jastrow, גְּרִיצְתָּא"... OK (גריצתא)
[16.9%] #5072: "Jastrow, גְּרִירָה"... OK (גרירה)
[16.9%] #5073: "Jastrow, גָּרִישׂ"... OK (גריש)
[16.9%] #5074: "Jastrow, גָּרַל"... OK (גרל)
[16.9%] #5075: "Jastrow, גָּרַם"... OK (גרם)
[16.9%] #5076: "Jastrow, גְּרַם I"... duplicate
[16.9%] #5076: "Jastrow, גְּרַם II"... duplicate
[16.9%] #5076: "Jastrow, גָּרָם"... duplicate
[16.9%] #5076: "Jastrow, גֶּרֶם"... duplicate
[16.9%] #5076: "Jastrow, גַּרְמָא"... OK (גרמא)
[16.9%] #5077: "Jastrow, גְּרָמָא"... duplicate
[16.9%] #5077: "Jastrow, גרמומיא"... OK (גרמומיא)
[16.9%] #5078: "Jastrow, *גְּרַמַּטְיוֹן"... OK (גרמטיון)
[16.9%] #5079: "Jastrow, גְּרָמֵי"... OK (גרמי)
[16.9%] #5080: "Jastrow, גַּרְמִידָא"... OK (גרמידא)
[16.9%] #5081: "Jastrow, גרמיני"... OK (גרמיני)
[16.9%] #5082: "Jastrow, גַּרְמִיתָא"... OK (גרמיתא)
[16.9%] #5083: "Jastrow, גִּרְמַמְיָא"... OK (גרממיא)
[16.9%] #5084: "Jastrow, גרמנא"... OK (גרמנא)
[16.9%] #5085: "Jastrow, גִּרְמָנִי"... OK (גרמני)
[17.0%] #5086: "Jastrow, גרמני"... duplicate
[17.0%] #5086: "Jastrow, גִּרְמַנְיָא"... OK (גרמניא)
[17.0%] #5087: "Jastrow, גִּרְמָנִיקְיָא"... OK (גרמניקיא)
[17.0%] #5088: "Jastrow, גרמסיון"... OK (גרמסיון)
[17.0%] #5089: "Jastrow, *גרמסין"... OK (גרמסין)
[17.0%] #5090: "Jastrow, גֹּרֶן"... OK (גרן)
[17.0%] #5091: "Jastrow, גָּרַן"... duplicate
[17.0%] #5091: "Jastrow, גרנן"... OK (גרנן)
[17.0%] #5092: "Jastrow, גָּרַס"... OK (גרס)
[17.0%] #5093: "Jastrow, גְּרַס I"... duplicate
[17.0%] #5093: "Jastrow, גְּרַס II"... duplicate
[17.0%] #5093: "Jastrow, גִּרְסָא"... OK (גרסא)
[17.0%] #5094: "Jastrow, גִּרְסָא ²"... duplicate
[17.0%] #5094: "Jastrow, גַּרְסִי"... OK (גרסי)
[17.0%] #5095: "Jastrow, גָּרַע I"... OK (גרע)
[17.0%] #5096: "Jastrow, גְּרַע"... duplicate
[17.0%] #5096: "Jastrow, גָּרַע II"... duplicate
[17.0%] #5096: "Jastrow, גָּרָע"... duplicate
[17.0%] #5096: "Jastrow, גֵּרָעוֹן"... OK (גרעון)
[17.0%] #5097: "Jastrow, גַּרְעִין"... OK (גרעין)
[17.0%] #5098: "Jastrow, גַּרְעִינָא"... OK (גרעינא)
[17.0%] #5099: "Jastrow, גַּרְעִינָה"... OK (גרעינה)
[17.0%] #5100: "Jastrow, גַּרְעִינוּתָא"... OK (גרעינותא)
[17.0%] #5101: "Jastrow, גָּרַף"... OK (גרף)
[17.0%] #5102: "Jastrow, גְּרַף"... duplicate
[17.0%] #5102: "Jastrow, גרפות"... OK (גרפות)
[17.0%] #5103: "Jastrow, גרקי"... OK (גרקי)
[17.0%] #5104: "Jastrow, גָּרַר I"... OK (גרר)
[17.0%] #5105: "Jastrow, גְּרַר"... duplicate
[17.0%] #5105: "Jastrow, *גָּרַר II"... duplicate
[17.0%] #5105: "Jastrow, גֶּרֶר"... duplicate
[17.0%] #5105: "Jastrow, גְּרָרָא I"... OK (גררא)
[17.0%] #5106: "Jastrow, גְּרָרָא II"... duplicate
[17.0%] #5106: "Jastrow, *גְּרָרָה"... OK (גררה)
[17.0%] #5107: "Jastrow, גררין"... OK (גררין)
[17.0%] #5108: "Jastrow, גרריקו"... OK (גרריקו)
[17.0%] #5109: "Jastrow, גְּרָרִיקִי"... OK (גרריקי)
[17.0%] #5110: "Jastrow, גררתה"... OK (גררתה)
[17.0%] #5111: "Jastrow, גָּרַשׁ"... OK (גרש)
[17.0%] #5112: "Jastrow, גְּרַשׁ I"... duplicate
[17.0%] #5112: "Jastrow, *גְּרַשׁ II"... duplicate
[17.0%] #5112: "Jastrow, גֶּרֶשׂ"... duplicate
[17.0%] #5112: "Jastrow, גִּרְשָׂא"... OK (גרשא)
[17.0%] #5113: "Jastrow, *גְּרֵתִיקוֹן"... OK (גרתיקון)
[17.0%] #5114: "Jastrow, גַּשׁ"... OK (גש)
[17.0%] #5115: "Jastrow, גִּשְׁגֵּשׁ"... OK (גשגש)
[17.1%] #5116: "Jastrow, גָּשׁוֹרָא"... OK (גשורא)
[17.1%] #5117: "Jastrow, גָּשׁוֹשׁ"... OK (גשוש)
[17.1%] #5118: "Jastrow, גָּשׁוֹשָׁא"... OK (גשושא)
[17.1%] #5119: "Jastrow, גָּשִׁישׁ"... OK (גשיש)
[17.1%] #5120: "Jastrow, גָּשַׁם"... OK (גשם)
[17.1%] #5121: "Jastrow, גֶּשֶׁם I"... duplicate
[17.1%] #5121: "Jastrow, גֶּשֶׁם II"... duplicate
[17.1%] #5121: "Jastrow, גְּשָׁמָה"... OK (גשמה)
[17.1%] #5122: "Jastrow, גשף"... OK (גשף)
[17.1%] #5123: "Jastrow, גִּשְׁקְרָא"... OK (גשקרא)
[17.1%] #5124: "Jastrow, גָּשַׁר"... OK (גשר)
[17.1%] #5125: "Jastrow, גְּשַׁר"... duplicate
[17.1%] #5125: "Jastrow, גֶּשֶׁר"... duplicate
[17.1%] #5125: "Jastrow, גִּשְׁרָא"... OK (גשרא)
[17.1%] #5126: "Jastrow, גָּשַׁשׁ"... OK (גשש)
[17.1%] #5127: "Jastrow, גְּשַׁשׁ"... duplicate
[17.1%] #5127: "Jastrow, גִּשְׁתָּא"... OK (גשתא)
[17.1%] #5128: "Jastrow, גִּשְׁתָּא ²"... duplicate
[17.1%] #5128: "Jastrow, גַּת I"... OK (גת)
[17.1%] #5129: "Jastrow, גַּת II"... duplicate
[17.1%] #5129: "Jastrow, גַּת III"... duplicate
[17.1%] #5129: "Jastrow, *גִּתִּית"... OK (גתית)
[17.1%] #5130: "Jastrow, ד"... OK (ד)
[17.1%] #5131: "Jastrow, ד׳"... duplicate
[17.1%] #5131: "Jastrow, דְּ־"... duplicate
[17.1%] #5131: "Jastrow, דָּא I"... OK (דא)
[17.1%] #5132: "Jastrow, דָּא II"... duplicate
[17.1%] #5132: "Jastrow, דָּאַב"... OK (דאב)
[17.1%] #5133: "Jastrow, דְּאִב"... duplicate
[17.1%] #5133: "Jastrow, דָּאבוֹנָא"... OK (דאבונא)
[17.1%] #5134: "Jastrow, *דַּאֲבַן"... OK (דאבן)
[17.1%] #5135: "Jastrow, דֹּאֵג"... OK (דאג)
[17.1%] #5136: "Jastrow, דָּאַג"... duplicate
  [Saved progress: 5135 entries]
[17.1%] #5136: "Jastrow, דָּאָה I"... OK (דאה)
[17.1%] #5137: "Jastrow, דָּאָה II"... duplicate
[17.1%] #5137: "Jastrow, דָּאוֵי"... OK (דאוי)
[17.1%] #5138: "Jastrow, דאומטיקוס"... OK (דאומטיקוס)
[17.1%] #5139: "Jastrow, דאוסיניסי"... OK (דאוסיניסי)
[17.1%] #5140: "Jastrow, דַּאי"... OK (דאי)
[17.1%] #5141: "Jastrow, דְּאֵיב"... OK (דאיב)
[17.1%] #5142: "Jastrow, דָּאִיב"... duplicate
[17.1%] #5142: "Jastrow, דָּאֵיג"... OK (דאיג)
[17.1%] #5143: "Jastrow, דְּאִיסְקַרְתָּא"... OK (דאיסקרתא)
[17.1%] #5144: "Jastrow, דאיסרטוס"... OK (דאיסרטוס)
[17.1%] #5145: "Jastrow, דָּאִיץ"... OK (דאיץ)
[17.2%] #5146: "Jastrow, דאית"... OK (דאית)
[17.2%] #5147: "Jastrow, דְּאִיתְאָה"... OK (דאיתאה)
[17.2%] #5148: "Jastrow, דָּאלוּ"... OK (דאלו)
[17.2%] #5149: "Jastrow, דאפלא"... OK (דאפלא)
[17.2%] #5150: "Jastrow, דָּאצִיפֵי"... OK (דאציפי)
[17.2%] #5151: "Jastrow, *דְּאַר"... OK (דאר)
[17.2%] #5152: "Jastrow, *דַּארָא"... OK (דארא)
[17.2%] #5153: "Jastrow, דָּארוּ"... OK (דארו)
[17.2%] #5154: "Jastrow, דארזי"... OK (דארזי)
[17.2%] #5155: "Jastrow, *דְּאַת"... OK (דאת)
[17.2%] #5156: "Jastrow, דֹּב"... OK (דב)
[17.2%] #5157: "Jastrow, דֵּב"... duplicate
[17.2%] #5157: "Jastrow, דְּבָא"... OK (דבא)
[17.2%] #5158: "Jastrow, דִּבָּא"... duplicate
[17.2%] #5158: "Jastrow, דָּבָא"... duplicate
[17.2%] #5158: "Jastrow, דָּבַב I"... OK (דבב)
[17.2%] #5159: "Jastrow, דָּבַב II"... duplicate
[17.2%] #5159: "Jastrow, דְּבַב I"... duplicate
[17.2%] #5159: "Jastrow, דְּבָב"... duplicate
[17.2%] #5159: "Jastrow, דְּבַב II"... duplicate
[17.2%] #5159: "Jastrow, דְּבָבָה"... OK (דבבה)
[17.2%] #5160: "Jastrow, דְּבָבוּ"... OK (דבבו)
[17.2%] #5161: "Jastrow, דַּבְדְּבָנִיּוֹת"... OK (דבדבניות)
[17.2%] #5162: "Jastrow, דִּבָּה"... OK (דבה)
[17.2%] #5163: "Jastrow, דְּבוּ"... OK (דבו)
[17.2%] #5164: "Jastrow, דָּבוֹנָא"... OK (דבונא)
[17.2%] #5165: "Jastrow, דִּבּוּק"... OK (דבוק)
[17.2%] #5166: "Jastrow, דְּבוֹר"... OK (דבור)
[17.2%] #5167: "Jastrow, דְּבוֹרָה"... OK (דבורה)
[17.2%] #5168: "Jastrow, דְּבוֹרְיָא"... OK (דבוריא)
[17.2%] #5169: "Jastrow, דְּבוֹרְיָתָא"... OK (דבוריתא)
[17.2%] #5170: "Jastrow, דְּבַח I"... OK (דבח)
[17.2%] #5171: "Jastrow, דְּבַח II"... duplicate
[17.2%] #5171: "Jastrow, *דְּבִי"... OK (דבי)
[17.2%] #5172: "Jastrow, דביבה"... OK (דביבה)
[17.2%] #5173: "Jastrow, דִּבְיוֹנִים"... OK (דביונים)
[17.2%] #5174: "Jastrow, דְּבֵילָה"... OK (דבילה)
[17.2%] #5175: "Jastrow, דְּבֵילְתָּא"... OK (דבילתא)
[17.3%] #5176: "Jastrow, דְּבֵילְתָּה"... OK (דבילתה)
[17.3%] #5177: "Jastrow, דְּבֵיק"... OK (דביק)
[17.3%] #5178: "Jastrow, דְּבִיקָה"... OK (דביקה)
[17.3%] #5179: "Jastrow, דְּבִיר"... OK (דביר)
[17.3%] #5180: "Jastrow, דִּבֵּירָא"... OK (דבירא)
[17.3%] #5181: "Jastrow, דְּבֵיתָא"... OK (דביתא)
[17.3%] #5182: "Jastrow, דבלא"... OK (דבלא)
[17.3%] #5183: "Jastrow, דְּבֵלָה"... OK (דבלה)
[17.3%] #5184: "Jastrow, דַּבְלוּל"... OK (דבלול)
[17.3%] #5185: "Jastrow, דִּבְלֵל"... OK (דבלל)
[17.3%] #5186: "Jastrow, דְּבֶלְתָּא"... OK (דבלתא)
[17.3%] #5187: "Jastrow, דָּבֵק"... OK (דבק)
[17.3%] #5188: "Jastrow, דְּבֵק"... duplicate
[17.3%] #5188: "Jastrow, דֶּבֶק"... duplicate
[17.3%] #5188: "Jastrow, דָּבַר"... OK (דבר)
[17.3%] #5189: "Jastrow, דְּבַר"... duplicate
[17.3%] #5189: "Jastrow, דָּבָר"... duplicate
[17.3%] #5189: "Jastrow, דֶּבֶר"... duplicate
[17.3%] #5189: "Jastrow, דַּבָּר"... duplicate
[17.3%] #5189: "Jastrow, דַּבָּרָא I"... OK (דברא)
[17.3%] #5190: "Jastrow, דַּבָּרָא II"... duplicate
[17.3%] #5190: "Jastrow, דַּבְרָא"... duplicate
[17.3%] #5190: "Jastrow, דִּבְּרָה"... OK (דברה)
[17.3%] #5191: "Jastrow, דַּבְרוֹנָא"... OK (דברונא)
[17.3%] #5192: "Jastrow, דברותא"... OK (דברותא)
[17.3%] #5193: "Jastrow, דַּבָּרִית"... OK (דברית)
[17.3%] #5194: "Jastrow, דַּבְּרָן"... OK (דברן)
[17.3%] #5195: "Jastrow, דַּבְּרַן"... duplicate
[17.3%] #5195: "Jastrow, דַּבְּרָנִית"... OK (דברנית)
[17.3%] #5196: "Jastrow, דְּבַרְתָּא I"... OK (דברתא)
[17.3%] #5197: "Jastrow, דְּבַרְתָּא II"... duplicate
[17.3%] #5197: "Jastrow, דַּבַּרְתָּא"... duplicate
[17.3%] #5197: "Jastrow, דָּבַשׁ"... OK (דבש)
[17.3%] #5198: "Jastrow, דְּבַשׁ"... duplicate
[17.3%] #5198: "Jastrow, דֻּבְשָׁא"... OK (דבשא)
[17.3%] #5199: "Jastrow, דְּבֶשְׁתָּא"... OK (דבשתא)
[17.3%] #5200: "Jastrow, דָּג"... OK (דג)
[17.3%] #5201: "Jastrow, דָּגָה"... OK (דגה)
[17.3%] #5202: "Jastrow, דְּגוּגָא"... OK (דגוגא)
[17.3%] #5203: "Jastrow, דְּגוּגִית"... OK (דגוגית)
[17.3%] #5204: "Jastrow, דִּגּוּל"... OK (דגול)
[17.3%] #5205: "Jastrow, דָּגוּל"... duplicate
[17.3%] #5205: "Jastrow, דָּגוֹן"... OK (דגון)
[17.3%] #5206: "Jastrow, דְּגוֹרָא"... OK (דגורא)
[17.4%] #5207: "Jastrow, דְּגִירָה"... OK (דגירה)
[17.4%] #5208: "Jastrow, דָּגַל I"... OK (דגל)
[17.4%] #5209: "Jastrow, דְּגַל"... duplicate
[17.4%] #5209: "Jastrow, דָּגַל II"... duplicate
[17.4%] #5209: "Jastrow, דֶּגֶל"... duplicate
[17.4%] #5209: "Jastrow, *דִּגְלָא"... OK (דגלא)
  [Saved progress: 5209 entries]
[17.4%] #5210: "Jastrow, דַּגָּלָא"... duplicate
[17.4%] #5210: "Jastrow, דגלום"... OK (דגלום)
[17.4%] #5211: "Jastrow, דַּגָּלוּתָא"... OK (דגלותא)
[17.4%] #5212: "Jastrow, דִּגְלָת"... OK (דגלת)
[17.4%] #5213: "Jastrow, דֶּגֶם"... OK (דגם)
[17.4%] #5214: "Jastrow, דגמטורין"... OK (דגמטורין)
[17.4%] #5215: "Jastrow, דָּגָן"... OK (דגן)
[17.4%] #5216: "Jastrow, דְּגַן"... duplicate
[17.4%] #5216: "Jastrow, דְּגָנָא"... OK (דגנא)
[17.4%] #5217: "Jastrow, דְּגַר I"... OK (דגר)
[17.4%] #5218: "Jastrow, *דְּגַר II"... duplicate
[17.4%] #5218: "Jastrow, דֹּד"... OK (דד)
[17.4%] #5219: "Jastrow, דַּד"... duplicate
[17.4%] #5219: "Jastrow, דַּד ²"... duplicate
[17.4%] #5219: "Jastrow, דִּדְבָא"... OK (דדבא)
[17.4%] #5220: "Jastrow, דֹּדָה"... OK (דדה)
[17.4%] #5221: "Jastrow, דָדָה"... duplicate
[17.4%] #5221: "Jastrow, דדהובא"... OK (דדהובא)
[17.4%] #5222: "Jastrow, דִּדְהֵין"... OK (דדהין)
[17.4%] #5223: "Jastrow, דַּדְוָותָא"... OK (דדוותא)
[17.4%] #5224: "Jastrow, דדי"... OK (דדי)
[17.4%] #5225: "Jastrow, דדי ²"... duplicate
[17.4%] #5225: "Jastrow, דדינון"... OK (דדינון)
[17.4%] #5226: "Jastrow, דדכאות"... OK (דדכאות)
[17.4%] #5227: "Jastrow, דדנייא"... OK (דדנייא)
[17.4%] #5228: "Jastrow, דְּדָנִים"... OK (דדנים)
[17.4%] #5229: "Jastrow, דדנין"... OK (דדנין)
[17.4%] #5230: "Jastrow, דדרא"... OK (דדרא)
[17.4%] #5231: "Jastrow, דַּדְקֶרֶת"... OK (דדקרת)
[17.4%] #5232: "Jastrow, דָּה"... OK (דה)
[17.4%] #5233: "Jastrow, דָּהַב"... OK (דהב)
[17.4%] #5234: "Jastrow, דְּהַב"... duplicate
[17.4%] #5234: "Jastrow, דַּהֲבַאי"... OK (דהבאי)
[17.4%] #5235: "Jastrow, דַּהֲבוֹנָא"... OK (דהבונא)
[17.4%] #5236: "Jastrow, דְּהָבִי"... OK (דהבי)
[17.5%] #5237: "Jastrow, דַּהֲבָן"... OK (דהבן)
[17.5%] #5238: "Jastrow, דַּהֲבַת"... OK (דהבת)
[17.5%] #5239: "Jastrow, דָּהָה"... OK (דהה)
[17.5%] #5240: "Jastrow, דָּהוֹן"... OK (דהון)
[17.5%] #5241: "Jastrow, דְּהֵיךְ"... OK (דהיך)
[17.5%] #5242: "Jastrow, דְּהֵין"... OK (דהין)
[17.5%] #5243: "Jastrow, דְּהִין"... duplicate
[17.5%] #5243: "Jastrow, דְּהִינוּנִיתָא"... OK (דהינוניתא)
[17.5%] #5244: "Jastrow, דְּהַךְ"... OK (דהך)
[17.5%] #5245: "Jastrow, דַּהֲכָא"... OK (דהכא)
[17.5%] #5246: "Jastrow, דְּהַן I"... OK (דהן)
[17.5%] #5247: "Jastrow, דְּהַן II"... duplicate
[17.5%] #5247: "Jastrow, *דַּהֲנַאן"... OK (דהנאן)
[17.5%] #5248: "Jastrow, דַּהַנְיְתָא"... OK (דהניתא)
[17.5%] #5249: "Jastrow, דַּהֲנוּנִיתָא"... OK (דהנוניתא)
[17.5%] #5250: "Jastrow, דהק"... OK (דהק)
[17.5%] #5251: "Jastrow, דּוּ I"... OK (דו)
[17.5%] #5252: "Jastrow, דּוּ II"... duplicate
[17.5%] #5252: "Jastrow, דּוּ III"... duplicate
[17.5%] #5252: "Jastrow, דְּיָא"... OK (דיא)
[17.5%] #5253: "Jastrow, דּוֹאֵג"... OK (דואג)
[17.5%] #5254: "Jastrow, דַּוַּאר"... OK (דואר)
[17.5%] #5255: "Jastrow, דַּוָּאר I"... duplicate
[17.5%] #5255: "Jastrow, *דַּוָּאר II"... duplicate
[17.5%] #5255: "Jastrow, דּוּב"... OK (דוב)
[17.5%] #5256: "Jastrow, דּוֹב"... duplicate
[17.5%] #5256: "Jastrow, דּוֹב ²"... duplicate
[17.5%] #5256: "Jastrow, דּוֹבָא"... OK (דובא)
[17.5%] #5257: "Jastrow, דּוּבִּיאֵל"... OK (דוביאל)
[17.5%] #5258: "Jastrow, דּוּבְלָא"... OK (דובלא)
[17.5%] #5259: "Jastrow, דּוֹבָנָא"... OK (דובנא)
[17.5%] #5260: "Jastrow, דּוּבְקָא"... OK (דובקא)
[17.5%] #5261: "Jastrow, דּוּבַר"... OK (דובר)
[17.5%] #5262: "Jastrow, *דּוֹבֶשׁ"... OK (דובש)
[17.5%] #5263: "Jastrow, דּוּבְשָׁא"... OK (דובשא)
[17.5%] #5264: "Jastrow, דּוּבְשָׁן"... OK (דובשן)
[17.5%] #5265: "Jastrow, דּוּבְשָׁנִיתָא"... OK (דובשניתא)
[17.5%] #5266: "Jastrow, דובשקא"... OK (דובשקא)
[17.6%] #5267: "Jastrow, דּוּג"... OK (דוג)
[17.6%] #5268: "Jastrow, דוגזר"... OK (דוגזר)
[17.6%] #5269: "Jastrow, דּוּגֵי"... OK (דוגי)
[17.6%] #5270: "Jastrow, דוגיאות"... OK (דוגיאות)
[17.6%] #5271: "Jastrow, דוגין"... OK (דוגין)
[17.6%] #5272: "Jastrow, דּוּגִית"... OK (דוגית)
[17.6%] #5273: "Jastrow, דּוּגְמָא"... OK (דוגמא)
[17.6%] #5274: "Jastrow, דּוּגְמַטְרִין"... OK (דוגמטרין)
[17.6%] #5275: "Jastrow, דוגמניות"... OK (דוגמניות)
[17.6%] #5276: "Jastrow, דָּוִד"... OK (דוד)
[17.6%] #5277: "Jastrow, דּוֹד"... duplicate
[17.6%] #5277: "Jastrow, דּוֹדָא"... OK (דודא)
[17.6%] #5278: "Jastrow, דּוּדָא"... duplicate
[17.6%] #5278: "Jastrow, דודאי"... OK (דודאי)
[17.6%] #5279: "Jastrow, דּוּדְבָא"... OK (דודבא)
[17.6%] #5280: "Jastrow, דּוֹדָה"... OK (דודה)
[17.6%] #5281: "Jastrow, דּוּדְוָותָא"... OK (דודוותא)
[17.6%] #5282: "Jastrow, דודורין"... OK (דודורין)
[17.6%] #5283: "Jastrow, דּוֹדַנְיָא"... OK (דודניא)
[17.6%] #5284: "Jastrow, דּוֹדָנִים"... OK (דודנים)
[17.6%] #5285: "Jastrow, דָּוָה"... OK (דוה)
[17.6%] #5286: "Jastrow, *דּוּהִי"... OK (דוהי)
[17.6%] #5287: "Jastrow, דּוּהֲנָא"... OK (דוהנא)
[17.6%] #5288: "Jastrow, דּוּהֲנִיתָא"... OK (דוהניתא)
[17.6%] #5289: "Jastrow, דּווָֹא"... OK (דווא)
[17.6%] #5290: "Jastrow, דַּוָּואר"... OK (דוואר)
[17.6%] #5291: "Jastrow, דֵּוָודָא"... OK (דוודא)
  [Saved progress: 5291 entries]
[17.6%] #5292: "Jastrow, דָּוֶוה"... OK (דווה)
[17.6%] #5293: "Jastrow, דְּוַוי"... OK (דווי)
[17.6%] #5294: "Jastrow, דְּוַול"... OK (דוול)
[17.6%] #5295: "Jastrow, דַּוְולָלָא"... OK (דווללא)
[17.6%] #5296: "Jastrow, דָּווֹן"... OK (דוון)
[17.7%] #5297: "Jastrow, דְּוָון"... duplicate
[17.7%] #5297: "Jastrow, דַּיְוקָא"... OK (דיוקא)
[17.7%] #5298: "Jastrow, דַּוַּור"... OK (דוור)
[17.7%] #5299: "Jastrow, דַּוָור"... duplicate
[17.7%] #5299: "Jastrow, דַּוְושָׁא"... OK (דוושא)
[17.7%] #5300: "Jastrow, *דָּווּתָא"... OK (דוותא)
[17.7%] #5301: "Jastrow, דָּוְותָא"... duplicate
[17.7%] #5301: "Jastrow, דוזגר"... OK (דוזגר)
[17.7%] #5302: "Jastrow, דּוּחַ"... OK (דוח)
[17.7%] #5303: "Jastrow, דּוּחַ ²"... duplicate
[17.7%] #5303: "Jastrow, דּוּחָה"... OK (דוחה)
[17.7%] #5304: "Jastrow, דּוֹחִינָא"... OK (דוחינא)
[17.7%] #5305: "Jastrow, דּוֹחֲכָא"... OK (דוחכא)
[17.7%] #5306: "Jastrow, דּוֹחַן"... OK (דוחן)
[17.7%] #5307: "Jastrow, דֹּוחַק"... OK (דוחק)
[17.7%] #5308: "Jastrow, דּוּחֲקָא"... OK (דוחקא)
[17.7%] #5309: "Jastrow, דוי"... OK (דוי)
[17.7%] #5310: "Jastrow, דוי ²"... duplicate
[17.7%] #5310: "Jastrow, דוי ³"... duplicate
[17.7%] #5310: "Jastrow, דָּוֵי"... duplicate
[17.7%] #5310: "Jastrow, דְּוַי"... duplicate
[17.7%] #5310: "Jastrow, דַּוְיָא"... OK (דויא)
[17.7%] #5311: "Jastrow, דְּוָיָא"... duplicate
[17.7%] #5311: "Jastrow, דִּוְיוֹן"... OK (דויון)
[17.7%] #5312: "Jastrow, דְּוִיל"... OK (דויל)
[17.7%] #5313: "Jastrow, דּוּךְ I"... OK (דוך)
[17.7%] #5314: "Jastrow, דּוּךְ"... duplicate
[17.7%] #5314: "Jastrow, דּוּךְ II"... duplicate
[17.7%] #5314: "Jastrow, דּוּךְ III"... duplicate
[17.7%] #5314: "Jastrow, דּוּכָא"... OK (דוכא)
[17.7%] #5315: "Jastrow, דּוּכּוֹס"... OK (דוכוס)
[17.7%] #5316: "Jastrow, דוכוסיא"... OK (דוכוסיא)
[17.7%] #5317: "Jastrow, דּוּכִיתָא"... OK (דוכיתא)
[17.7%] #5318: "Jastrow, דּוּכָן"... OK (דוכן)
[17.7%] #5319: "Jastrow, דּוּכָן ²"... duplicate
[17.7%] #5319: "Jastrow, דּוֹכְנָה"... OK (דוכנה)
[17.7%] #5320: "Jastrow, דּוּכָּס"... OK (דוכס)
[17.7%] #5321: "Jastrow, דוכסוסטון"... OK (דוכסוסטון)
[17.7%] #5322: "Jastrow, דּוּכְסוּסְטוֹס"... OK (דוכסוסטוס)
[17.7%] #5323: "Jastrow, דּוּכְסוּסְיָא"... OK (דוכסוסיא)
[17.7%] #5324: "Jastrow, דּוּכְסוּתָא"... OK (דוכסותא)
[17.7%] #5325: "Jastrow, דוכסן"... OK (דוכסן)
[17.8%] #5326: "Jastrow, דוכסס"... OK (דוכסס)
[17.8%] #5327: "Jastrow, דוכססיא"... OK (דוכססיא)
[17.8%] #5328: "Jastrow, דּוּכְרָא"... OK (דוכרא)
[17.8%] #5329: "Jastrow, דּוּכְרָן"... OK (דוכרן)
[17.8%] #5330: "Jastrow, דּוּכְרָנִית"... OK (דוכרנית)
[17.8%] #5331: "Jastrow, דּוּכְתָּא"... OK (דוכתא)
[17.8%] #5332: "Jastrow, דּוּל"... OK (דול)
[17.8%] #5333: "Jastrow, דְּוַל"... duplicate
[17.8%] #5333: "Jastrow, דּוּלְבָּא"... OK (דולבא)
[17.8%] #5334: "Jastrow, דּוּלְבְּקִי"... OK (דולבקי)
[17.8%] #5335: "Jastrow, דַּוְלָלָא"... OK (דוללא)
[17.8%] #5336: "Jastrow, דּוּלְפִינִין"... OK (דולפינין)
[17.8%] #5337: "Jastrow, דּוֹלְפָנָא"... OK (דולפנא)
[17.8%] #5338: "Jastrow, דּוּלְפְקִי"... OK (דולפקי)
[17.8%] #5339: "Jastrow, דולפקוס"... OK (דולפקוס)
[17.8%] #5340: "Jastrow, דולריא"... OK (דולריא)
[17.8%] #5341: "Jastrow, דּוֹם"... OK (דום)
[17.8%] #5342: "Jastrow, דּוּם"... duplicate
[17.8%] #5342: "Jastrow, דּוּמָא"... OK (דומא)
[17.8%] #5343: "Jastrow, דּוּמָה I"... OK (דומה)
[17.8%] #5344: "Jastrow, דּוּמָה II"... duplicate
[17.8%] #5344: "Jastrow, דּוֹמוֹס"... OK (דומוס)
[17.8%] #5345: "Jastrow, דומסייא"... OK (דומסייא)
[17.8%] #5346: "Jastrow, דּוּמִי"... OK (דומי)
[17.8%] #5347: "Jastrow, דּוּמְיָא"... OK (דומיא)
[17.8%] #5348: "Jastrow, דּוֹמִיטְיָנוֹס"... OK (דומיטינוס)
[17.8%] #5349: "Jastrow, דומין"... OK (דומין)
[17.8%] #5350: "Jastrow, דומינו"... OK (דומינו)
[17.8%] #5351: "Jastrow, דּוֹמִינְקֵי"... OK (דומינקי)
[17.8%] #5352: "Jastrow, דּוּמְכָא"... OK (דומכא)
[17.8%] #5353: "Jastrow, דּוּמָם"... OK (דומם)
[17.8%] #5354: "Jastrow, דּוֹמְנִיקֵי"... OK (דומניקי)
[17.8%] #5355: "Jastrow, דומסיא"... OK (דומסיא)
[17.8%] #5356: "Jastrow, דומקיא"... OK (דומקיא)
[17.9%] #5357: "Jastrow, דּוּן"... OK (דון)
[17.9%] #5358: "Jastrow, *דּוֹן"... duplicate
[17.9%] #5358: "Jastrow, דְּוָן"... duplicate
[17.9%] #5358: "Jastrow, דּוֹנָאטִיבָא"... OK (דונאטיבא)
[17.9%] #5359: "Jastrow, דּוּנְבָא"... OK (דונבא)
[17.9%] #5360: "Jastrow, דּוּנָג"... OK (דונג)
[17.9%] #5361: "Jastrow, דּוֹנַג"... duplicate
[17.9%] #5361: "Jastrow, דונגר"... OK (דונגר)
[17.9%] #5362: "Jastrow, דונה"... OK (דונה)
[17.9%] #5363: "Jastrow, דּוּס"... OK (דוס)
[17.9%] #5364: "Jastrow, דּוֹסָא"... OK (דוסא)
[17.9%] #5365: "Jastrow, דוסאי"... OK (דוסאי)
[17.9%] #5366: "Jastrow, דוסיקאות"... OK (דוסיקאות)
[17.9%] #5367: "Jastrow, דוסמקא"... OK (דוסמקא)
[17.9%] #5368: "Jastrow, דּוֹסְתַּאי"... OK (דוסתאי)
[17.9%] #5369: "Jastrow, דופורון"... OK (דופורון)
[17.9%] #5370: "Jastrow, דּוֹפִי"... OK (דופי)
[17.9%] #5371: "Jastrow, דּוֹפְיָא"... OK (דופיא)
[17.9%] #5372: "Jastrow, דופלומטר"... OK (דופלומטר)
  [Saved progress: 5372 entries]
[17.9%] #5373: "Jastrow, דופלין"... OK (דופלין)
[17.9%] #5374: "Jastrow, *דּוֹפֶן"... OK (דופן)
[17.9%] #5375: "Jastrow, דּוֹפָן"... duplicate
[17.9%] #5375: "Jastrow, דּוֹפְנָא"... OK (דופנא)
[17.9%] #5376: "Jastrow, דּוֹפְנִי"... OK (דופני)
[17.9%] #5377: "Jastrow, דּוֹפֵק"... OK (דופק)
[17.9%] #5378: "Jastrow, דּוֹפְקָא"... OK (דופקא)
[17.9%] #5379: "Jastrow, דּוֹפְקָנִין"... OK (דופקנין)
[17.9%] #5380: "Jastrow, דופרה"... OK (דופרה)
[17.9%] #5381: "Jastrow, דּוּפְשְׂקָא"... OK (דופשקא)
[17.9%] #5382: "Jastrow, דּוּץ I"... OK (דוץ)
[17.9%] #5383: "Jastrow, דּוּץ"... duplicate
[17.9%] #5383: "Jastrow, דּוּץ II"... duplicate
[17.9%] #5383: "Jastrow, דּוֹק"... OK (דוק)
[17.9%] #5384: "Jastrow, דּוּק"... duplicate
[17.9%] #5384: "Jastrow, דַּוְקָא"... OK (דוקא)
[17.9%] #5385: "Jastrow, דּוּקָא I"... duplicate
[17.9%] #5385: "Jastrow, דּוּקָא II"... duplicate
[17.9%] #5385: "Jastrow, דּוּקְיָא"... OK (דוקיא)
[17.9%] #5386: "Jastrow, דּוֹקְיָיא"... OK (דוקייא)
[18.0%] #5387: "Jastrow, דוקלינוס"... OK (דוקלינוס)
[18.0%] #5388: "Jastrow, דּוּקִים"... OK (דוקים)
[18.0%] #5389: "Jastrow, דּוּקִינָר"... OK (דוקינר)
[18.0%] #5390: "Jastrow, דּוּקְלִיטְיָאנוֹס"... OK (דוקליטיאנוס)
[18.0%] #5391: "Jastrow, דַּוְקָנָא"... OK (דוקנא)
[18.0%] #5392: "Jastrow, דּוּקְנִי"... OK (דוקני)
[18.0%] #5393: "Jastrow, דּוּקְנִיתָא"... OK (דוקניתא)
[18.0%] #5394: "Jastrow, דּוּקְרָא"... OK (דוקרא)
[18.0%] #5395: "Jastrow, דּוֹקְרָן"... OK (דוקרן)
[18.0%] #5396: "Jastrow, דּוֹקְרָנָא"... OK (דוקרנא)
[18.0%] #5397: "Jastrow, דּוּר I"... OK (דור)
[18.0%] #5398: "Jastrow, דּוּר"... duplicate
[18.0%] #5398: "Jastrow, דּוּר II"... duplicate
[18.0%] #5398: "Jastrow, *דּוּר III"... duplicate
[18.0%] #5398: "Jastrow, דּוֹר"... duplicate
[18.0%] #5398: "Jastrow, דּוֹר ²"... duplicate
[18.0%] #5398: "Jastrow, דּוּרָא I"... OK (דורא)
[18.0%] #5399: "Jastrow, דּוּרָא II"... duplicate
[18.0%] #5399: "Jastrow, דּוּרָא III"... duplicate
[18.0%] #5399: "Jastrow, דּוּרָא IV"... duplicate
[18.0%] #5399: "Jastrow, *דּוּרָא IV"... duplicate
[18.0%] #5399: "Jastrow, *דּוֹרָאטָא"... OK (דוראטא)
[18.0%] #5400: "Jastrow, *דּוּרַאי"... OK (דוראי)
[18.0%] #5401: "Jastrow, דּוֹרְבָן"... OK (דורבן)
[18.0%] #5402: "Jastrow, דּוּרְבָּנָא"... OK (דורבנא)
[18.0%] #5403: "Jastrow, דּוּרְגּוֹן"... OK (דורגון)
[18.0%] #5404: "Jastrow, דּוּרְדָּא"... OK (דורדא)
[18.0%] #5405: "Jastrow, דּוֹרְדַּנְיָא"... OK (דורדניא)
[18.0%] #5406: "Jastrow, דּוּרְדֵּס"... OK (דורדס)
[18.0%] #5407: "Jastrow, דּוּרְדָּיָא"... OK (דורדיא)
[18.0%] #5408: "Jastrow, דּוּרָה"... OK (דורה)
[18.0%] #5409: "Jastrow, דּוֹרוֹן I"... OK (דורון)
[18.0%] #5410: "Jastrow, דּוֹרוֹן II"... duplicate
[18.0%] #5410: "Jastrow, דּוֹרְיָא"... OK (דוריא)
[18.0%] #5411: "Jastrow, דּוֹרִיָּה"... OK (דוריה)
[18.0%] #5412: "Jastrow, דּוֹרָיוֹת"... OK (דוריות)
[18.0%] #5413: "Jastrow, דּוֹרִיָּיה"... OK (דורייה)
[18.0%] #5414: "Jastrow, דּוֹרְכָא"... OK (דורכא)
[18.0%] #5415: "Jastrow, דּוֹרְכָאוֹת"... OK (דורכאות)
[18.1%] #5416: "Jastrow, דוֹרְכָאוֹת"... duplicate
[18.1%] #5416: "Jastrow, דוּרְמוֹס"... OK (דורמוס)
[18.1%] #5417: "Jastrow, דורמוסקית"... OK (דורמוסקית)
[18.1%] #5418: "Jastrow, דורמילוס"... OK (דורמילוס)
[18.1%] #5419: "Jastrow, דורמסיאות"... OK (דורמסיאות)
[18.1%] #5420: "Jastrow, דורמסקין"... OK (דורמסקין)
[18.1%] #5421: "Jastrow, דּוּרְמַסְקִית"... OK (דורמסקית)
[18.1%] #5422: "Jastrow, דורמסקנא"... OK (דורמסקנא)
[18.1%] #5423: "Jastrow, דורניא"... OK (דורניא)
[18.1%] #5424: "Jastrow, דורניאות"... OK (דורניאות)
[18.1%] #5425: "Jastrow, דורסות"... OK (דורסות)
[18.1%] #5426: "Jastrow, דורסים"... OK (דורסים)
[18.1%] #5427: "Jastrow, דּוֹרְסָן"... OK (דורסן)
[18.1%] #5428: "Jastrow, דּוּרְצִינִי"... OK (דורציני)
[18.1%] #5429: "Jastrow, דּוֹרְקְטִי"... OK (דורקטי)
[18.1%] #5430: "Jastrow, דורקין"... OK (דורקין)
[18.1%] #5431: "Jastrow, דּוֹרֵשׁ"... OK (דורש)
[18.1%] #5432: "Jastrow, דּוּרְשִׁינֵּי"... OK (דורשיני)
[18.1%] #5433: "Jastrow, דּוּרְתָּא"... OK (דורתא)
[18.1%] #5434: "Jastrow, דּוּשׁ"... OK (דוש)
[18.1%] #5435: "Jastrow, דּוּשׁ ²"... duplicate
[18.1%] #5435: "Jastrow, דַּוְשָׁא"... OK (דושא)
[18.1%] #5436: "Jastrow, דּוֹשֶׁן"... OK (דושן)
[18.1%] #5437: "Jastrow, דּוּת"... OK (דות)
[18.1%] #5438: "Jastrow, דָּוְתָא"... OK (דותא)
[18.1%] #5439: "Jastrow, דָּחָא"... OK (דחא)
[18.1%] #5440: "Jastrow, *דְּחַד"... OK (דחד)
[18.1%] #5441: "Jastrow, דָּחָה"... OK (דחה)
[18.1%] #5442: "Jastrow, דְּחַהּ"... duplicate
[18.1%] #5442: "Jastrow, *דַּחֲוָא"... OK (דחוא)
[18.1%] #5443: "Jastrow, *דַּחֲוָונוֹת"... OK (דחוונות)
[18.1%] #5444: "Jastrow, דָּחוֹחָא"... OK (דחוחא)
[18.1%] #5445: "Jastrow, דָּחוּי"... OK (דחוי)
[18.1%] #5446: "Jastrow, דִּחוּי"... duplicate
[18.1%] #5446: "Jastrow, דְּחוּכָא"... OK (דחוכא)
[18.2%] #5447: "Jastrow, דְּחוֹק"... OK (דחוק)
[18.2%] #5448: "Jastrow, דחי"... OK (דחי)
[18.2%] #5449: "Jastrow, דְּחִי"... duplicate
[18.2%] #5449: "Jastrow, דְּחִיָּה"... OK (דחיה)
[18.2%] #5450: "Jastrow, דַּחְיָיא"... OK (דחייא)
[18.2%] #5451: "Jastrow, דְּחֵיךְ"... OK (דחיך)
  [Saved progress: 5451 entries]
[18.2%] #5452: "Jastrow, דּחֵיל"... OK (דחיל)
[18.2%] #5453: "Jastrow, דּחִיל"... duplicate
[18.2%] #5453: "Jastrow, דְּחִילָא"... OK (דחילא)
[18.2%] #5454: "Jastrow, דְּחִילוּ"... OK (דחילו)
[18.2%] #5455: "Jastrow, דחינוניתא"... OK (דחינוניתא)
[18.2%] #5456: "Jastrow, דְּחִיס"... OK (דחיס)
[18.2%] #5457: "Jastrow, דְּחִיף"... OK (דחיף)
[18.2%] #5458: "Jastrow, דְּחִיפָה"... OK (דחיפה)
[18.2%] #5459: "Jastrow, דְּחֵיק"... OK (דחיק)
[18.2%] #5460: "Jastrow, דָּחִיק"... duplicate
[18.2%] #5460: "Jastrow, דְּחַל"... OK (דחל)
[18.2%] #5461: "Jastrow, דַּחֲלָא I"... OK (דחלא)
[18.2%] #5462: "Jastrow, דַּחֲלָא II"... duplicate
[18.2%] #5462: "Jastrow, דחלא"... duplicate
[18.2%] #5462: "Jastrow, דַּחֲלוּלָא"... OK (דחלולא)
[18.2%] #5463: "Jastrow, דַּחֲלוֹנָא"... OK (דחלונא)
[18.2%] #5464: "Jastrow, דַּחְלְתָא"... OK (דחלתא)
[18.2%] #5465: "Jastrow, דחם"... OK (דחם)
[18.2%] #5466: "Jastrow, דָּחַס"... OK (דחס)
[18.2%] #5467: "Jastrow, דְּחַס"... duplicate
[18.2%] #5467: "Jastrow, דְּחָסָה"... OK (דחסה)
[18.2%] #5468: "Jastrow, דָּחַף"... OK (דחף)
[18.2%] #5469: "Jastrow, דְּחַף"... duplicate
[18.2%] #5469: "Jastrow, דָּחַק"... OK (דחק)
[18.2%] #5470: "Jastrow, דְּחַק I"... duplicate
[18.2%] #5470: "Jastrow, דְּחָק"... duplicate
[18.2%] #5470: "Jastrow, דְּחַק II"... duplicate
[18.2%] #5470: "Jastrow, דַּחֲקָא"... OK (דחקא)
[18.2%] #5471: "Jastrow, דַּחֲקוּתָא"... OK (דחקותא)
[18.2%] #5472: "Jastrow, דחש"... OK (דחש)
[18.2%] #5473: "Jastrow, *דטסים"... OK (דטסים)
[18.2%] #5474: "Jastrow, דִּי"... OK (די)
[18.2%] #5475: "Jastrow, דִּי II"... duplicate
[18.2%] #5475: "Jastrow, דַּי"... duplicate
[18.2%] #5475: "Jastrow, דִּי־"... duplicate
[18.2%] #5475: "Jastrow, *דִּיאֵו"... OK (דיאו)
[18.3%] #5476: "Jastrow, *דיאו"... duplicate
[18.3%] #5476: "Jastrow, *דִּיאוֹנִיסִין"... OK (דיאוניסין)
[18.3%] #5477: "Jastrow, דִּיאֵטָא"... OK (דיאטא)
[18.3%] #5478: "Jastrow, דִּיאֲטַגְמָא"... OK (דיאטגמא)
[18.3%] #5479: "Jastrow, דִּיאֵטָה"... OK (דיאטה)
[18.3%] #5480: "Jastrow, דיאטיגמתין"... OK (דיאטיגמתין)
[18.3%] #5481: "Jastrow, דִּיאַטְרִיטָא"... OK (דיאטריטא)
[18.3%] #5482: "Jastrow, *דִּיאִיקִיטָא"... OK (דיאיקיטא)
[18.3%] #5483: "Jastrow, דַּיָּאלָא"... OK (דיאלא)
[18.3%] #5484: "Jastrow, דיאלקטו"... OK (דיאלקטו)
[18.3%] #5485: "Jastrow, דיאנא"... OK (דיאנא)
[18.3%] #5486: "Jastrow, *דיאתימון"... OK (דיאתימון)
[18.3%] #5487: "Jastrow, דִּיאֲתִיקִי"... OK (דיאתיקי)
[18.3%] #5488: "Jastrow, דִּיב"... OK (דיב)
[18.3%] #5489: "Jastrow, דֵּיבָא"... OK (דיבא)
[18.3%] #5490: "Jastrow, דִּיבָא"... duplicate
[18.3%] #5490: "Jastrow, דִּיבָּא"... duplicate
[18.3%] #5490: "Jastrow, דִּיבָבָא"... OK (דיבבא)
[18.3%] #5491: "Jastrow, דִּיבָּה"... OK (דיבה)
[18.3%] #5492: "Jastrow, דיבון"... OK (דיבון)
[18.3%] #5493: "Jastrow, דיבונא"... OK (דיבונא)
[18.3%] #5494: "Jastrow, דִּיבּוּק"... OK (דיבוק)
[18.3%] #5495: "Jastrow, דִּיבּוּק ²"... duplicate
[18.3%] #5495: "Jastrow, דִּיבּוּר"... OK (דיבור)
[18.3%] #5496: "Jastrow, דִּיבּוּרָא"... OK (דיבורא)
[18.3%] #5497: "Jastrow, דִּיבְחָא"... OK (דיבחא)
[18.3%] #5498: "Jastrow, דִּיבֵי"... OK (דיבי)
[18.3%] #5499: "Jastrow, דִּיבֵירָא"... OK (דיבירא)
[18.3%] #5500: "Jastrow, דִּיבֵּירָא"... duplicate
[18.3%] #5500: "Jastrow, דִּיבְלָא"... OK (דיבלא)
[18.3%] #5501: "Jastrow, דִּיבְקָא"... OK (דיבקא)
[18.3%] #5502: "Jastrow, דִּיבֵּר"... OK (דיבר)
[18.3%] #5503: "Jastrow, דִּיבְרָא"... OK (דיברא)
[18.3%] #5504: "Jastrow, דִּיבְשָׁא"... OK (דיבשא)
[18.3%] #5505: "Jastrow, דִּיגָּאלָא"... OK (דיגאלא)
[18.4%] #5506: "Jastrow, דִּיגּוּל"... OK (דיגול)
[18.4%] #5507: "Jastrow, דִּיגּוּן"... OK (דיגון)
[18.4%] #5508: "Jastrow, דִּיגוֹן"... duplicate
[18.4%] #5508: "Jastrow, דיגטסיס"... OK (דיגטסיס)
[18.4%] #5509: "Jastrow, דִּיגְלָא"... OK (דיגלא)
[18.4%] #5510: "Jastrow, דִּיגְלַת"... OK (דיגלת)
[18.4%] #5511: "Jastrow, דִּיגְמָא"... OK (דיגמא)
[18.4%] #5512: "Jastrow, דִּיגְנוֹסִיס"... OK (דיגנוסיס)
[18.4%] #5513: "Jastrow, דִּיד־"... OK (דיד)
[18.4%] #5514: "Jastrow, דִּידְבָא"... OK (דידבא)
[18.4%] #5515: "Jastrow, *דִּידְיוֹנִי"... OK (דידיוני)
[18.4%] #5516: "Jastrow, דִּידְכֵי"... OK (דידכי)
[18.4%] #5517: "Jastrow, דַּיָּה"... OK (דיה)
[18.4%] #5518: "Jastrow, דִּיהַּ"... duplicate
[18.4%] #5518: "Jastrow, דֵּיהֶא"... OK (דיהא)
[18.4%] #5519: "Jastrow, דֵּיהִי"... OK (דיהי)
[18.4%] #5520: "Jastrow, דִּיהֲנָא"... OK (דיהנא)
[18.4%] #5521: "Jastrow, דַּיּוּ"... OK (דיו)
[18.4%] #5522: "Jastrow, דְּיוֹ I"... duplicate
[18.4%] #5522: "Jastrow, דִּיוֹ II"... duplicate
[18.4%] #5522: "Jastrow, דיו־"... duplicate
[18.4%] #5522: "Jastrow, *דֵּין"... OK (דין)
[18.4%] #5523: "Jastrow, דֵּיוָא"... OK (דיוא)
[18.4%] #5524: "Jastrow, דְּיוֹבִיט"... OK (דיוביט)
[18.4%] #5525: "Jastrow, *דִּיוָודָא"... OK (דיוודא)
[18.4%] #5526: "Jastrow, דִּיוּוּי"... OK (דיווי)
[18.4%] #5527: "Jastrow, דיוזגו"... OK (דיוזגו)
[18.4%] #5528: "Jastrow, דְּיוֹזוּגֵי"... OK (דיוזוגי)
[18.4%] #5529: "Jastrow, דְּיוֹטָא"... OK (דיוטא)
  [Saved progress: 5529 entries]
[18.4%] #5530: "Jastrow, דְּיוֹטַגְמָא"... OK (דיוטגמא)
[18.4%] #5531: "Jastrow, דיוטס"... OK (דיוטס)
[18.4%] #5532: "Jastrow, דְּיוֹטְרִיטוֹן"... OK (דיוטריטון)
[18.4%] #5533: "Jastrow, דיוטרין"... OK (דיוטרין)
[18.4%] #5534: "Jastrow, דְּיוֹמַד"... OK (דיומד)
[18.4%] #5535: "Jastrow, דיומסית"... OK (דיומסית)
[18.4%] #5536: "Jastrow, דִּיּוּנָא"... OK (דיונא)
[18.5%] #5537: "Jastrow, דְּיוֹסוֹס"... OK (דיוסוס)
[18.5%] #5538: "Jastrow, דיוסטוס"... OK (דיוסטוס)
[18.5%] #5539: "Jastrow, דְּיוֹסְטַר"... OK (דיוסטר)
[18.5%] #5540: "Jastrow, דְּיוֹסְפְּרָא"... OK (דיוספרא)
[18.5%] #5541: "Jastrow, דיוסק"... OK (דיוסק)
[18.5%] #5542: "Jastrow, דיוסקום"... OK (דיוסקום)
[18.5%] #5543: "Jastrow, דיופוטא"... OK (דיופוטא)
[18.5%] #5544: "Jastrow, דְּיוֹפְטִין"... OK (דיופטין)
[18.5%] #5545: "Jastrow, דְּיוֹפִי"... OK (דיופי)
[18.5%] #5546: "Jastrow, דְּיוֹפִיטִין"... OK (דיופיטין)
[18.5%] #5547: "Jastrow, דְּיוּפְּלָא"... OK (דיופלא)
[18.5%] #5548: "Jastrow, דיופלוסטון"... OK (דיופלוסטון)
[18.5%] #5549: "Jastrow, דיופלין"... OK (דיופלין)
[18.5%] #5550: "Jastrow, דְּיוֹפְרָא"... OK (דיופרא)
[18.5%] #5551: "Jastrow, דְּיוֹפְרוֹסוֹף"... OK (דיופרוסוף)
[18.5%] #5552: "Jastrow, דְּיוּקָא"... duplicate
[18.5%] #5552: "Jastrow, דיוקולגין"... OK (דיוקולגין)
[18.5%] #5553: "Jastrow, דיוקמניאות"... OK (דיוקמניאות)
[18.5%] #5554: "Jastrow, דְּיוֹקָן"... OK (דיוקן)
[18.5%] #5555: "Jastrow, דְּיוֹקְנָא"... OK (דיוקנא)
[18.5%] #5556: "Jastrow, דְּיוֹקְנָה"... OK (דיוקנה)
[18.5%] #5557: "Jastrow, דְּיוֹקְנִי"... OK (דיוקני)
[18.5%] #5558: "Jastrow, *דְּיוּקְתָּא"... OK (דיוקתא)
[18.5%] #5559: "Jastrow, דְּיוֹר"... OK (דיור)
[18.5%] #5560: "Jastrow, דַּיּוֹר"... duplicate
[18.5%] #5560: "Jastrow, דַּיּוֹר ²"... duplicate
[18.5%] #5560: "Jastrow, דְּיוֹרָא"... OK (דיורא)
[18.5%] #5561: "Jastrow, דְּיוּתָא"... OK (דיותא)
[18.5%] #5562: "Jastrow, דיותקא"... OK (דיותקא)
[18.5%] #5563: "Jastrow, דִּיחוּי"... OK (דיחוי)
[18.5%] #5564: "Jastrow, דִּיחוּק"... OK (דיחוק)
[18.5%] #5565: "Jastrow, דיחתו"... OK (דיחתו)
[18.6%] #5566: "Jastrow, דִּיטַגְמָא"... OK (דיטגמא)
[18.6%] #5567: "Jastrow, דיטי"... OK (דיטי)
[18.6%] #5568: "Jastrow, דַּיי"... OK (דיי)
[18.6%] #5569: "Jastrow, דִּיְיאוֹן"... OK (דייאון)
[18.6%] #5570: "Jastrow, דָּיֵיג"... OK (דייג)
[18.6%] #5571: "Jastrow, דְּיֵיה"... OK (דייה)
[18.6%] #5572: "Jastrow, דְּיֵיטָא"... OK (דייטא)
[18.6%] #5573: "Jastrow, דְּיָיטוֹנָא"... OK (דייטונא)
[18.6%] #5574: "Jastrow, דַּיָּילָא"... OK (דיילא)
[18.6%] #5575: "Jastrow, *דְּיָילָא"... duplicate
[18.6%] #5575: "Jastrow, דַּיָּין"... OK (דיין)
[18.6%] #5576: "Jastrow, דַּיָּין ²"... duplicate
[18.6%] #5576: "Jastrow, דַּיְּיסָא"... OK (דייסא)
[18.6%] #5577: "Jastrow, דייספק"... OK (דייספק)
[18.6%] #5578: "Jastrow, דייסיקיא"... OK (דייסיקיא)
[18.6%] #5579: "Jastrow, דייסקי"... OK (דייסקי)
[18.6%] #5580: "Jastrow, דַּיְיצִיפֵי"... OK (דייציפי)
[18.6%] #5581: "Jastrow, דַּיְיקָא"... OK (דייקא)
[18.6%] #5582: "Jastrow, דייקולגין"... OK (דייקולגין)
[18.6%] #5583: "Jastrow, דייקוסין"... OK (דייקוסין)
[18.6%] #5584: "Jastrow, דייקי"... OK (דייקי)
[18.6%] #5585: "Jastrow, דייקינטין"... OK (דייקינטין)
[18.6%] #5586: "Jastrow, דייקלירא"... OK (דייקלירא)
[18.6%] #5587: "Jastrow, דייקניתא"... OK (דייקניתא)
[18.6%] #5588: "Jastrow, דַּיָּיר"... OK (דייר)
[18.6%] #5589: "Jastrow, דְּיָיר"... duplicate
[18.6%] #5589: "Jastrow, דִּיֵּיר"... duplicate
[18.6%] #5589: "Jastrow, דיירוטין"... OK (דיירוטין)
[18.6%] #5590: "Jastrow, דַּיִּישׁ"... OK (דייש)
[18.6%] #5591: "Jastrow, דַּיֵּית"... OK (דיית)
[18.6%] #5592: "Jastrow, דַּיְּיתָא"... OK (דייתא)
[18.6%] #5593: "Jastrow, דְּיָיּתִּיכוֹס"... OK (דייתיכוס)
[18.6%] #5594: "Jastrow, דְּייתִיקִי"... OK (דייתיקי)
[18.6%] #5595: "Jastrow, דִּיכָה"... OK (דיכה)
[18.6%] #5596: "Jastrow, דִּיכְוָון"... OK (דיכוון)
[18.7%] #5597: "Jastrow, דִּיכְוָות־"... OK (דיכוות)
[18.7%] #5598: "Jastrow, דִּיכּוּן"... OK (דיכון)
[18.7%] #5599: "Jastrow, דִּיכּוּנָא"... OK (דיכונא)
[18.7%] #5600: "Jastrow, דִּיכְוָת־"... OK (דיכות)
[18.7%] #5601: "Jastrow, דֵּיכִּי"... OK (דיכי)
[18.7%] #5602: "Jastrow, *דָּיְכֵי"... duplicate
[18.7%] #5602: "Jastrow, דִּיכְמָא"... OK (דיכמא)
[18.7%] #5603: "Jastrow, דיכסאים"... OK (דיכסאים)
[18.7%] #5604: "Jastrow, דיכפת"... OK (דיכפת)
[18.7%] #5605: "Jastrow, דִּיכְרָא"... OK (דיכרא)
[18.7%] #5606: "Jastrow, דִּיל־"... OK (דיל)
[18.7%] #5607: "Jastrow, דִּילָ־"... duplicate
[18.7%] #5607: "Jastrow, דִּילְבָּא"... OK (דילבא)
[18.7%] #5608: "Jastrow, דִּילְדּוּל"... OK (דילדול)
[18.7%] #5609: "Jastrow, דִּילְדֵּל"... OK (דילדל)
[18.7%] #5610: "Jastrow, דִּילּוּג"... OK (דילוג)
[18.7%] #5611: "Jastrow, דִּילּוּעִין"... OK (דילועין)
[18.7%] #5612: "Jastrow, דִּילָטוֹר"... OK (דילטור)
[18.7%] #5613: "Jastrow, דִּילָטוֹרָא"... OK (דילטורא)
[18.7%] #5614: "Jastrow, דִּילָטוּרָא"... duplicate
[18.7%] #5614: "Jastrow, דִּילָטוֹרְיָא"... OK (דילטוריא)
[18.7%] #5615: "Jastrow, דִּילָכֵן"... OK (דילכן)
[18.7%] #5616: "Jastrow, דִּילְמָא"... OK (דילמא)
[18.7%] #5617: "Jastrow, דִּילְמָא ²"... duplicate
[18.7%] #5617: "Jastrow, דילמא"... duplicate
[18.7%] #5617: "Jastrow, דילניה"... OK (דילניה)
  [Saved progress: 5617 entries]
[18.7%] #5618: "Jastrow, דִּילְפָא"... OK (דילפא)
[18.7%] #5619: "Jastrow, דִּילְפִינִין"... OK (דילפינין)
[18.7%] #5620: "Jastrow, דִּים"... OK (דים)
[18.7%] #5621: "Jastrow, דִּימְדּוּם"... OK (דימדום)
[18.7%] #5622: "Jastrow, דּימָה"... OK (דימה)
[18.7%] #5623: "Jastrow, דימונ־ק־"... OK (דימונק)
[18.7%] #5624: "Jastrow, דִּימוֹס I"... OK (דימוס)
[18.7%] #5625: "Jastrow, דִּימוֹס II"... duplicate
[18.7%] #5625: "Jastrow, דִּימוֹסָא"... OK (דימוסא)
[18.8%] #5626: "Jastrow, דִּימוֹסְיָא"... OK (דימוסיא)
[18.8%] #5627: "Jastrow, דִּימוֹסְיִין"... OK (דימוסיין)
[18.8%] #5628: "Jastrow, דִּימוֹסִין"... OK (דימוסין)
[18.8%] #5629: "Jastrow, דימוסיס"... OK (דימוסיס)
[18.8%] #5630: "Jastrow, דִּימוֹסִית"... OK (דימוסית)
[18.8%] #5631: "Jastrow, דִּימוֹסִיּוֹת"... OK (דימוסיות)
[18.8%] #5632: "Jastrow, *דִּימוֹסְנָאֵי"... OK (דימוסנאי)
[18.8%] #5633: "Jastrow, דִּימּוּעַ"... OK (דימוע)
[18.8%] #5634: "Jastrow, דִּימוֹרוֹן"... OK (דימורון)
[18.8%] #5635: "Jastrow, דִּימְחַמְרָא"... OK (דימחמרא)
[18.8%] #5636: "Jastrow, דִּימְסִית"... OK (דימסית)
[18.8%] #5637: "Jastrow, דִּימְעֲתָא"... OK (דימעתא)
[18.8%] #5638: "Jastrow, דֵּין"... duplicate
[18.8%] #5638: "Jastrow, דִּין I"... duplicate
[18.8%] #5638: "Jastrow, דִּין"... duplicate
[18.8%] #5638: "Jastrow, דִּין II"... duplicate
[18.8%] #5638: "Jastrow, דִּין ²"... duplicate
[18.8%] #5638: "Jastrow, דַּיָּן"... duplicate
[18.8%] #5638: "Jastrow, דִּינָאטוֹס"... OK (דינאטוס)
[18.8%] #5639: "Jastrow, דִּינָג"... OK (דינג)
[18.8%] #5640: "Jastrow, דִּינָה"... OK (דינה)
[18.8%] #5641: "Jastrow, דֵּינוּ"... OK (דינו)
[18.8%] #5642: "Jastrow, דִּינוּן"... OK (דינון)
[18.8%] #5643: "Jastrow, דֵּינוּן"... duplicate
[18.8%] #5643: "Jastrow, דִּינוּר"... OK (דינור)
[18.8%] #5644: "Jastrow, דיניס"... OK (דיניס)
[18.8%] #5645: "Jastrow, דִּינָמִיס"... OK (דינמיס)
[18.8%] #5646: "Jastrow, דינסטיס"... OK (דינסטיס)
[18.8%] #5647: "Jastrow, דינקאי"... OK (דינקאי)
[18.8%] #5648: "Jastrow, דִּינָר"... OK (דינר)
[18.8%] #5649: "Jastrow, דִּינָר ²"... duplicate
[18.8%] #5649: "Jastrow, דַּיְסָא"... OK (דיסא)
[18.8%] #5650: "Jastrow, דיסגנים"... OK (דיסגנים)
[18.8%] #5651: "Jastrow, דִּיסְטוֹרִין"... OK (דיסטורין)
[18.8%] #5652: "Jastrow, דִּיסִיקְיָא"... OK (דיסיקיא)
[18.8%] #5653: "Jastrow, *דִּיסְפַּק"... OK (דיספק)
[18.8%] #5654: "Jastrow, דִּיסְקָא"... OK (דיסקא)
[18.8%] #5655: "Jastrow, דִּיסְקוֹס I"... OK (דיסקוס)
[18.9%] #5656: "Jastrow, דִּיסְקוֹס II"... duplicate
[18.9%] #5656: "Jastrow, דִּיסַקְיָא"... OK (דיסקיא)
[18.9%] #5657: "Jastrow, דִּיסְקִיפְלִינָא"... OK (דיסקיפלינא)
[18.9%] #5658: "Jastrow, דִּיסְקַנְסְ"... OK (דיסקנס)
[18.9%] #5659: "Jastrow, דיסקרא"... OK (דיסקרא)
[18.9%] #5660: "Jastrow, דִּיסְקְרִין"... OK (דיסקרין)
[18.9%] #5661: "Jastrow, דִּיסְקַרְתָּא"... OK (דיסקרתא)
[18.9%] #5662: "Jastrow, דִּיסְתּוּדַר"... OK (דיסתודר)
[18.9%] #5663: "Jastrow, דִּיסְתּוֹרָא"... OK (דיסתורא)
[18.9%] #5664: "Jastrow, דִּיסְתָּנָא"... OK (דיסתנא)
[18.9%] #5665: "Jastrow, דִּיסְתָּנָא ²"... duplicate
[18.9%] #5665: "Jastrow, דִּיסְתְּקָא"... OK (דיסתקא)
[18.9%] #5666: "Jastrow, *דִּיסְתָּקָא"... duplicate
[18.9%] #5666: "Jastrow, דִּיעֲבַך"... OK (דיעבך)
[18.9%] #5667: "Jastrow, דֵּיעָה"... OK (דיעה)
[18.9%] #5668: "Jastrow, דִּיעֲתָא"... OK (דיעתא)
[18.9%] #5669: "Jastrow, דיף"... OK (דיף)
[18.9%] #5670: "Jastrow, דיפל"... OK (דיפל)
[18.9%] #5671: "Jastrow, דִּיפְּלָא"... OK (דיפלא)
[18.9%] #5672: "Jastrow, דיפלומטר"... OK (דיפלומטר)
[18.9%] #5673: "Jastrow, *דיפלון"... OK (דיפלון)
[18.9%] #5674: "Jastrow, דִּיפְּלֵי"... OK (דיפלי)
[18.9%] #5675: "Jastrow, דִּיפְּלִיסְטְוָן"... OK (דיפליסטון)
[18.9%] #5676: "Jastrow, דִּיפְרָא"... OK (דיפרא)
[18.9%] #5677: "Jastrow, דִּיפְּרוֹסוֹף"... OK (דיפרוסוף)
[18.9%] #5678: "Jastrow, *דִּיפְרִיאוֹת"... OK (דיפריאות)
[18.9%] #5679: "Jastrow, דִּיפַּרְצוֹף"... OK (דיפרצוף)
[18.9%] #5680: "Jastrow, דִּיפְתִּי"... OK (דיפתי)
[18.9%] #5681: "Jastrow, דִּיפְתְּרָא"... OK (דיפתרא)
[18.9%] #5682: "Jastrow, דִּיץ I"... OK (דיץ)
[18.9%] #5683: "Jastrow, דִּיץ II"... duplicate
[18.9%] #5683: "Jastrow, דִּיצָא II"... OK (דיצא)
[18.9%] #5684: "Jastrow, דֵּיצָא"... duplicate
[18.9%] #5684: "Jastrow, דִּיצָה"... OK (דיצה)
[18.9%] #5685: "Jastrow, דִּיצוּתָא"... OK (דיצותא)
[18.9%] #5686: "Jastrow, דיציבון"... OK (דיציבון)
[19.0%] #5687: "Jastrow, דִּיצְתָּא"... OK (דיצתא)
[19.0%] #5688: "Jastrow, דִּיק"... OK (דיק)
[19.0%] #5689: "Jastrow, דֵּיקָא"... OK (דיקא)
[19.0%] #5690: "Jastrow, *דִּיקָא"... duplicate
[19.0%] #5690: "Jastrow, דִּיקְדּוּק"... OK (דיקדוק)
[19.0%] #5691: "Jastrow, דיקו"... OK (דיקו)
[19.0%] #5692: "Jastrow, דִּיקוּלָא"... OK (דיקולא)
[19.0%] #5693: "Jastrow, דִּיקּוּלָא"... duplicate
[19.0%] #5693: "Jastrow, דִּיקוּלָאָה"... OK (דיקולאה)
[19.0%] #5694: "Jastrow, דִּיקוֹלוֹגוֹס"... OK (דיקולוגוס)
[19.0%] #5695: "Jastrow, דיקולר"... OK (דיקולר)
[19.0%] #5696: "Jastrow, דיקומיוני"... OK (דיקומיוני)
[19.0%] #5697: "Jastrow, דִּיקוּמָנִי"... OK (דיקומני)
[19.0%] #5698: "Jastrow, דיקונתיה"... OK (דיקונתיה)
[19.0%] #5699: "Jastrow, דִּיקוּקָא"... OK (דיקוקא)
[19.0%] #5700: "Jastrow, דִּיקוּרְיוֹן"... OK (דיקוריון)
[19.0%] #5701: "Jastrow, דִּיקֵי"... OK (דיקי)
  [Saved progress: 5701 entries]
[19.0%] #5702: "Jastrow, דִּיקְיוֹן"... OK (דיקיון)
[19.0%] #5703: "Jastrow, דיקיוס"... OK (דיקיוס)
[19.0%] #5704: "Jastrow, דיקייא"... OK (דיקייא)
[19.0%] #5705: "Jastrow, דְּיָקִינְתִּין"... OK (דיקינתין)
[19.0%] #5706: "Jastrow, דְּיָקִינְתִּינוֹן"... OK (דיקינתינון)
[19.0%] #5707: "Jastrow, דִּיקְלָא"... OK (דיקלא)
[19.0%] #5708: "Jastrow, דיקלאי"... OK (דיקלאי)
[19.0%] #5709: "Jastrow, דִּיקְלוּט"... OK (דיקלוט)
[19.0%] #5710: "Jastrow, דיקלון"... OK (דיקלון)
[19.0%] #5711: "Jastrow, דִּיקְלִטְיָאנוֹס"... OK (דיקלטיאנוס)
[19.0%] #5712: "Jastrow, דִּיקְנָא"... OK (דיקנא)
[19.0%] #5713: "Jastrow, דִּיקְנִי"... OK (דיקני)
[19.0%] #5714: "Jastrow, דִּיקְנָנָא"... OK (דיקננא)
[19.0%] #5715: "Jastrow, דיקריון"... OK (דיקריון)
[19.1%] #5716: "Jastrow, דֵּיר I"... OK (דיר)
[19.1%] #5717: "Jastrow, דֵּיר II"... duplicate
[19.1%] #5717: "Jastrow, דִּיר"... duplicate
[19.1%] #5717: "Jastrow, דִּיר ²"... duplicate
[19.1%] #5717: "Jastrow, דִּירָא"... OK (דירא)
[19.1%] #5718: "Jastrow, דְּיָרָא"... duplicate
[19.1%] #5718: "Jastrow, דִּירָה I"... OK (דירה)
[19.1%] #5719: "Jastrow, דִּירָה II"... duplicate
[19.1%] #5719: "Jastrow, דִּירָה III"... duplicate
[19.1%] #5719: "Jastrow, דִּירְכָא"... OK (דירכא)
[19.1%] #5720: "Jastrow, דִּירְכָאוֹת"... OK (דירכאות)
[19.1%] #5721: "Jastrow, דִּירְתָּא"... OK (דירתא)
[19.1%] #5722: "Jastrow, דַּיִשׁ"... OK (דיש)
[19.1%] #5723: "Jastrow, דַּיִשׁ ²"... duplicate
[19.1%] #5723: "Jastrow, דַּיְשָׁאָה"... OK (דישאה)
[19.1%] #5724: "Jastrow, דִּישָׁה"... OK (דישה)
[19.1%] #5725: "Jastrow, דִּישּׁוּן"... OK (דישון)
[19.1%] #5726: "Jastrow, דִּישָׁן"... OK (דישן)
[19.1%] #5727: "Jastrow, דִּישְׁנָא"... OK (דישנא)
[19.1%] #5728: "Jastrow, דִּישְׁרָא"... OK (דישרא)
[19.1%] #5729: "Jastrow, דִּישְׁתָּאָה"... OK (דישתאה)
[19.1%] #5730: "Jastrow, דִּישְׁתָּנָא"... OK (דישתנא)
[19.1%] #5731: "Jastrow, דית"... OK (דית)
[19.1%] #5732: "Jastrow, דַּיְּתָא"... OK (דיתא)
[19.1%] #5733: "Jastrow, דִּיתָא"... duplicate
[19.1%] #5733: "Jastrow, דִּיתְאָה"... OK (דיתאה)
[19.1%] #5734: "Jastrow, דְּיָתִיכוֹס"... OK (דיתיכוס)
[19.1%] #5735: "Jastrow, דיתכאות"... OK (דיתכאות)
[19.1%] #5736: "Jastrow, דִּיתָן"... OK (דיתן)
[19.1%] #5737: "Jastrow, דֵּךְ"... OK (דך)
[19.1%] #5738: "Jastrow, דַּךְ"... duplicate
[19.1%] #5738: "Jastrow, דָּכָא"... OK (דכא)
[19.1%] #5739: "Jastrow, דְּכָא"... duplicate
[19.1%] #5739: "Jastrow, דכדבניות"... OK (דכדבניות)
[19.1%] #5740: "Jastrow, דִּכְדּוּךְ"... OK (דכדוך)
[19.1%] #5741: "Jastrow, דִּכְדֵּךְ"... OK (דכדך)
[19.1%] #5742: "Jastrow, דַּכְדֵּךְ"... duplicate
[19.1%] #5742: "Jastrow, דְּכוּ"... OK (דכו)
[19.1%] #5743: "Jastrow, דִּכְוָון"... OK (דכוון)
[19.1%] #5744: "Jastrow, דִּכְוָות־"... OK (דכוות)
[19.1%] #5745: "Jastrow, דָּכוֹן"... OK (דכון)
[19.1%] #5746: "Jastrow, דִּכּוּן"... duplicate
[19.1%] #5746: "Jastrow, דְּכוּרָא"... OK (דכורא)
[19.2%] #5747: "Jastrow, דְּכוּרוּ"... OK (דכורו)
[19.2%] #5748: "Jastrow, דִּכְוָת־"... OK (דכות)
[19.2%] #5749: "Jastrow, דְּכוּתָא"... OK (דכותא)
[19.2%] #5750: "Jastrow, דכי"... OK (דכי)
[19.2%] #5751: "Jastrow, דְּכִי"... duplicate
[19.2%] #5751: "Jastrow, דְּכֵי"... duplicate
[19.2%] #5751: "Jastrow, דכיח"... OK (דכיח)
[19.2%] #5752: "Jastrow, דְּכִיךְ"... OK (דכיך)
[19.2%] #5753: "Jastrow, דָּכֵין"... OK (דכין)
[19.2%] #5754: "Jastrow, דְּכִיר"... OK (דכיר)
[19.2%] #5755: "Jastrow, דְּכִירָא"... OK (דכירא)
[19.2%] #5756: "Jastrow, דָּכַךְ"... OK (דכך)
[19.2%] #5757: "Jastrow, דְּכַךְ"... duplicate
[19.2%] #5757: "Jastrow, דִּכְמָא"... OK (דכמא)
[19.2%] #5758: "Jastrow, דָּכָן"... OK (דכן)
[19.2%] #5759: "Jastrow, דָּכַן"... duplicate
[19.2%] #5759: "Jastrow, דְּכַן"... duplicate
[19.2%] #5759: "Jastrow, *דָּכַס"... OK (דכס)
[19.2%] #5760: "Jastrow, דִּכְסוּמִינִי"... OK (דכסומיני)
[19.2%] #5761: "Jastrow, דכסוסיא"... OK (דכסוסיא)
[19.2%] #5762: "Jastrow, דכסיא"... OK (דכסיא)
[19.2%] #5763: "Jastrow, דכסן"... OK (דכסן)
[19.2%] #5764: "Jastrow, דִּכְסָס"... OK (דכסס)
[19.2%] #5765: "Jastrow, דכ"ץ"... OK (דכץ)
[19.2%] #5766: "Jastrow, דְּכַר I"... OK (דכר)
[19.2%] #5767: "Jastrow, דְּכַר II"... duplicate
[19.2%] #5767: "Jastrow, דִּכְרוֹן"... OK (דכרון)
[19.2%] #5768: "Jastrow, דָּכְרָן"... OK (דכרן)
[19.2%] #5769: "Jastrow, דִּכְרָנִי"... OK (דכרני)
[19.2%] #5770: "Jastrow, דִּל"... OK (דל)
[19.2%] #5771: "Jastrow, דַּל I"... duplicate
[19.2%] #5771: "Jastrow, דַּל II"... duplicate
[19.2%] #5771: "Jastrow, דְּלָא"... OK (דלא)
[19.2%] #5772: "Jastrow, דְּלָא ²"... duplicate
[19.2%] #5772: "Jastrow, דְּלָא ³"... duplicate
[19.2%] #5772: "Jastrow, דְּלָאָה"... OK (דלאה)
[19.2%] #5773: "Jastrow, דָּלַג"... OK (דלג)
[19.2%] #5774: "Jastrow, דְּלַג"... duplicate
[19.2%] #5774: "Jastrow, דִּלְדּוּל"... OK (דלדול)
[19.2%] #5775: "Jastrow, דִּלְדֵּל"... OK (דלדל)
[19.3%] #5776: "Jastrow, דַּלְדֵּל"... duplicate
[19.3%] #5776: "Jastrow, דַּלְדַּלּוּת"... OK (דלדלות)
[19.3%] #5777: "Jastrow, דל"ה"... OK (דלה)
  [Saved progress: 5777 entries]
[19.3%] #5778: "Jastrow, דָּלָה"... duplicate
[19.3%] #5778: "Jastrow, דִּלְהֵי"... OK (דלהי)
[19.3%] #5779: "Jastrow, דָּלוּ"... OK (דלו)
[19.3%] #5780: "Jastrow, דְּלוּב"... OK (דלוב)
[19.3%] #5781: "Jastrow, דלובקוס"... OK (דלובקוס)
[19.3%] #5782: "Jastrow, דְּלוּבְקִי"... OK (דלובקי)
[19.3%] #5783: "Jastrow, דַּלְוָותָא"... OK (דלוותא)
[19.3%] #5784: "Jastrow, דְּלוּחָא"... OK (דלוחא)
[19.3%] #5785: "Jastrow, דָּלוּס"... OK (דלוס)
[19.3%] #5786: "Jastrow, דְּלוּסְקְמָא"... OK (דלוסקמא)
[19.3%] #5787: "Jastrow, דְּלוּעין"... OK (דלועין)
[19.3%] #5788: "Jastrow, דְּלוּף"... OK (דלוף)
[19.3%] #5789: "Jastrow, דלופקי"... OK (דלופקי)
[19.3%] #5790: "Jastrow, דַּלּוּת"... OK (דלות)
[19.3%] #5791: "Jastrow, דְּלַח"... OK (דלח)
[19.3%] #5792: "Jastrow, דִּלָט׳"... OK (דלט)
[19.3%] #5793: "Jastrow, דלי"... OK (דלי)
[19.3%] #5794: "Jastrow, דְּלֵי"... duplicate
[19.3%] #5794: "Jastrow, דֳּלִי"... duplicate
[19.3%] #5794: "Jastrow, דליא"... OK (דליא)
[19.3%] #5795: "Jastrow, דְּלִיָּה"... OK (דליה)
[19.3%] #5796: "Jastrow, דָּלִיל"... OK (דליל)
[19.3%] #5797: "Jastrow, דְּלִיל"... duplicate
[19.3%] #5797: "Jastrow, דְּלִיפָה"... OK (דליפה)
[19.3%] #5798: "Jastrow, דָּלֵיק"... OK (דליק)
[19.3%] #5799: "Jastrow, דְּלֵיקָה"... OK (דליקה)
[19.3%] #5800: "Jastrow, דְּלֵיקְתָּא"... OK (דליקתא)
[19.3%] #5801: "Jastrow, דָּלִית"... OK (דלית)
[19.3%] #5802: "Jastrow, דִּלְכוֹן"... OK (דלכון)
[19.3%] #5803: "Jastrow, דִּלָכֵן"... OK (דלכן)
[19.3%] #5804: "Jastrow, דָּלַל"... OK (דלל)
[19.3%] #5805: "Jastrow, דְּלַל"... duplicate
[19.3%] #5805: "Jastrow, דֶּלֶם"... OK (דלם)
[19.4%] #5806: "Jastrow, דִּלְמָא  I, II,"... OK (דלמא)
[19.4%] #5807: "Jastrow, דלמטיקיון"... OK (דלמטיקיון)
[19.4%] #5808: "Jastrow, דַּלְמָטִיקִין"... OK (דלמטיקין)
[19.4%] #5809: "Jastrow, דֶּלֶס"... OK (דלס)
[19.4%] #5810: "Jastrow, דלסתי"... OK (דלסתי)
[19.4%] #5811: "Jastrow, דְּלַעַת"... OK (דלעת)
[19.4%] #5812: "Jastrow, דָּלַף"... OK (דלף)
[19.4%] #5813: "Jastrow, דְּלַף"... duplicate
[19.4%] #5813: "Jastrow, דֶּלֶף"... duplicate
[19.4%] #5813: "Jastrow, דָּלְפָא"... OK (דלפא)
[19.4%] #5814: "Jastrow, דִּלְפָה"... OK (דלפה)
[19.4%] #5815: "Jastrow, דְּלִפְקִי"... OK (דלפקי)
[19.4%] #5816: "Jastrow, דָּלַק"... OK (דלק)
[19.4%] #5817: "Jastrow, דְּלַק"... duplicate
[19.4%] #5817: "Jastrow, דֶּלֶק"... duplicate
[19.4%] #5817: "Jastrow, דלקטירין"... OK (דלקטירין)
[19.4%] #5818: "Jastrow, דַּלֶּקֶת"... OK (דלקת)
[19.4%] #5819: "Jastrow, דְּלֵקְתָּא"... OK (דלקתא)
[19.4%] #5820: "Jastrow, דלריא"... OK (דלריא)
[19.4%] #5821: "Jastrow, דל"ת"... OK (דלת)
[19.4%] #5822: "Jastrow, דֶּלֶת"... duplicate
[19.4%] #5822: "Jastrow, *דַּלְתָא"... OK (דלתא)
[19.4%] #5823: "Jastrow, *דלתותא"... OK (דלתותא)
[19.4%] #5824: "Jastrow, דָּם"... OK (דם)
[19.4%] #5825: "Jastrow, דָּם ²"... duplicate
[19.4%] #5825: "Jastrow, דְּמָא"... OK (דמא)
[19.4%] #5826: "Jastrow, דָּמָא"... duplicate
[19.4%] #5826: "Jastrow, דְּמַאי"... OK (דמאי)
[19.4%] #5827: "Jastrow, דְּמָאִין"... OK (דמאין)
[19.4%] #5828: "Jastrow, דִּמְדּוּם"... OK (דמדום)
[19.4%] #5829: "Jastrow, דִּמְדֵּם"... OK (דמדם)
[19.4%] #5830: "Jastrow, דַּמְדֵּם"... duplicate
[19.4%] #5830: "Jastrow, דַּמְדְּמָנִיּוֹת"... OK (דמדמניות)
[19.4%] #5831: "Jastrow, דָּמָה"... OK (דמה)
[19.4%] #5832: "Jastrow, דָּמָה ²"... duplicate
[19.4%] #5832: "Jastrow, דַּמְהַרְיָא"... OK (דמהריא)
[19.4%] #5833: "Jastrow, דְּמוּ"... OK (דמו)
[19.4%] #5834: "Jastrow, דְּמוּי"... OK (דמוי)
[19.4%] #5835: "Jastrow, דְּמוּךְ"... OK (דמוך)
[19.4%] #5836: "Jastrow, דְּמוּכָא"... OK (דמוכא)
[19.5%] #5837: "Jastrow, דמולא"... OK (דמולא)
[19.5%] #5838: "Jastrow, דמוסא"... OK (דמוסא)
[19.5%] #5839: "Jastrow, דִּמּוּעַ"... OK (דמוע)
[19.5%] #5840: "Jastrow, דָּמוּת"... OK (דמות)
[19.5%] #5841: "Jastrow, דְּמוּת"... duplicate
[19.5%] #5841: "Jastrow, דְּמוּת ²"... duplicate
[19.5%] #5841: "Jastrow, דִּמְחַמְרָא"... OK (דמחמרא)
[19.5%] #5842: "Jastrow, דמי"... OK (דמי)
[19.5%] #5843: "Jastrow, דְּמֵי I"... duplicate
[19.5%] #5843: "Jastrow, דְּמֵי II"... duplicate
[19.5%] #5843: "Jastrow, דְּמַי"... duplicate
[19.5%] #5843: "Jastrow, דְּמִיטְיָנוֹס"... OK (דמיטינוס)
[19.5%] #5844: "Jastrow, דְּמִיכְתָּא"... OK (דמיכתא)
[19.5%] #5845: "Jastrow, דָּמִים"... OK (דמים)
[19.5%] #5846: "Jastrow, דָּמִין"... OK (דמין)
[19.5%] #5847: "Jastrow, דָּמִין ²"... duplicate
[19.5%] #5847: "Jastrow, דְּמַךְ"... OK (דמך)
[19.5%] #5848: "Jastrow, דַּמְכָא"... OK (דמכא)
[19.5%] #5849: "Jastrow, דַּמְכוּתָא"... OK (דמכותא)
[19.5%] #5850: "Jastrow, דָּמַם"... OK (דמם)
[19.5%] #5851: "Jastrow, דַּמַּסְקָאָה"... OK (דמסקאה)
[19.5%] #5852: "Jastrow, דְּמַסְקוֹס"... OK (דמסקוס)
[19.5%] #5853: "Jastrow, דָּמַע"... OK (דמע)
[19.5%] #5854: "Jastrow, דְּמַע"... duplicate
[19.5%] #5854: "Jastrow, דֶּמַע I"... duplicate
[19.5%] #5854: "Jastrow, דֶּמַע II"... duplicate
[19.5%] #5854: "Jastrow, דִּמְעָא"... OK (דמעא)
  [Saved progress: 5854 entries]
[19.5%] #5855: "Jastrow, דִּמְעָה"... OK (דמעה)
[19.5%] #5856: "Jastrow, דִּמְעֲתָא"... OK (דמעתא)
[19.5%] #5857: "Jastrow, *דְּמַר"... OK (דמר)
[19.5%] #5858: "Jastrow, דַּמֶּשֶׂק"... OK (דמשק)
[19.5%] #5859: "Jastrow, דַּמַּשְׂקָאָה"... OK (דמשקאה)
[19.5%] #5860: "Jastrow, דֶּמֶת"... OK (דמת)
[19.5%] #5861: "Jastrow, דָּן"... OK (דן)
[19.5%] #5862: "Jastrow, דֵּן"... duplicate
[19.5%] #5862: "Jastrow, דְּנָא"... OK (דנא)
[19.5%] #5863: "Jastrow, דָּנָא"... duplicate
[19.5%] #5863: "Jastrow, *דָּנָב"... OK (דנב)
[19.5%] #5864: "Jastrow, דַּנְבָא"... OK (דנבא)
[19.5%] #5865: "Jastrow, דִּנְגָּאֵי"... OK (דנגאי)
[19.6%] #5866: "Jastrow, דַּנְדָּנָא"... OK (דנדנא)
[19.6%] #5867: "Jastrow, דְּנָה"... OK (דנה)
[19.6%] #5868: "Jastrow, דְּנַח"... OK (דנח)
[19.6%] #5869: "Jastrow, דני"... OK (דני)
[19.6%] #5870: "Jastrow, דָּנִיאֵל"... OK (דניאל)
[19.6%] #5871: "Jastrow, דָּנִיסְטֵיס"... OK (דניסטיס)
[19.6%] #5872: "Jastrow, דַּנְכוֹ"... OK (דנכו)
[19.6%] #5873: "Jastrow, דְּנַן"... OK (דנן)
[19.6%] #5874: "Jastrow, דָּנִסְטֵיס"... OK (דנסטיס)
[19.6%] #5875: "Jastrow, דְּנַק"... OK (דנק)
[19.6%] #5876: "Jastrow, דַּנְקָא"... OK (דנקא)
[19.6%] #5877: "Jastrow, דנקאי"... OK (דנקאי)
[19.6%] #5878: "Jastrow, דנרסי"... OK (דנרסי)
[19.6%] #5879: "Jastrow, דִּסְ־"... OK (דס)
[19.6%] #5880: "Jastrow, דסיקרין"... OK (דסיקרין)
[19.6%] #5881: "Jastrow, *דַּסְקָא"... OK (דסקא)
[19.6%] #5882: "Jastrow, דעד"... OK (דעד)
[19.6%] #5883: "Jastrow, דַּעְדֵּק"... OK (דעדק)
[19.6%] #5884: "Jastrow, דַּעְדַּק"... duplicate
[19.6%] #5884: "Jastrow, דֵּעָה"... OK (דעה)
[19.6%] #5885: "Jastrow, דַּעֲוָון"... OK (דעוון)
[19.6%] #5886: "Jastrow, דָּעַךְ"... OK (דעך)
[19.6%] #5887: "Jastrow, דְּעַךְ"... duplicate
[19.6%] #5887: "Jastrow, דּעַץ"... OK (דעץ)
[19.6%] #5888: "Jastrow, דַּעַץ"... duplicate
[19.6%] #5888: "Jastrow, דעקין"... OK (דעקין)
[19.6%] #5889: "Jastrow, דַּעַת"... OK (דעת)
[19.6%] #5890: "Jastrow, דַּעְתָּא"... OK (דעתא)
[19.6%] #5891: "Jastrow, דַּף"... OK (דף)
[19.6%] #5892: "Jastrow, דַּפָּא"... OK (דפא)
[19.6%] #5893: "Jastrow, דפאטא"... OK (דפאטא)
[19.6%] #5894: "Jastrow, דָּפוּס"... OK (דפוס)
[19.6%] #5895: "Jastrow, דפוס"... duplicate
[19.6%] #5895: "Jastrow, דפוסיו׳"... OK (דפוסיו)
[19.7%] #5896: "Jastrow, דפוקא"... OK (דפוקא)
[19.7%] #5897: "Jastrow, דפטא"... OK (דפטא)
[19.7%] #5898: "Jastrow, דִּפְטַיָּא"... OK (דפטיא)
[19.7%] #5899: "Jastrow, דֹּפִי"... OK (דפי)
[19.7%] #5900: "Jastrow, דְּפִיחַ"... OK (דפיח)
[19.7%] #5901: "Jastrow, דפליסט׳"... OK (דפליסט)
[19.7%] #5902: "Jastrow, דָּפַן"... OK (דפן)
[19.7%] #5903: "Jastrow, דְּפַן"... duplicate
[19.7%] #5903: "Jastrow, דַּפְּנָא"... OK (דפנא)
[19.7%] #5904: "Jastrow, דָּפְנָא"... duplicate
[19.7%] #5904: "Jastrow, דַּפְנָא"... duplicate
[19.7%] #5904: "Jastrow, דפנא"... duplicate
[19.7%] #5904: "Jastrow, דְּפַנּוֹת"... OK (דפנות)
[19.7%] #5905: "Jastrow, דָּפְנֵי"... OK (דפני)
[19.7%] #5906: "Jastrow, דָּפַק"... OK (דפק)
[19.7%] #5907: "Jastrow, דְּפַק"... duplicate
[19.7%] #5907: "Jastrow, דִּפְרָא"... OK (דפרא)
[19.7%] #5908: "Jastrow, דִפְשְׁקָא"... OK (דפשקא)
[19.7%] #5909: "Jastrow, דִּפְתִּי"... OK (דפתי)
[19.7%] #5910: "Jastrow, דָּץ"... OK (דץ)
[19.7%] #5911: "Jastrow, דצדק"... OK (דצדק)
[19.7%] #5912: "Jastrow, דָּצוֹצָא"... OK (דצוצא)
[19.7%] #5913: "Jastrow, דְּצֵי"... OK (דצי)
[19.7%] #5914: "Jastrow, *דָּצְיָא"... OK (דציא)
[19.7%] #5915: "Jastrow, *דְּצִיצָא"... OK (דציצא)
[19.7%] #5916: "Jastrow, דצ"ך"... OK (דצך)
[19.7%] #5917: "Jastrow, דַּק I"... OK (דק)
[19.7%] #5918: "Jastrow, דַּק"... duplicate
[19.7%] #5918: "Jastrow, דַּק II"... duplicate
[19.7%] #5918: "Jastrow, דִּקְדּוּק"... OK (דקדוק)
[19.7%] #5919: "Jastrow, דִּקְדּוּקָא"... OK (דקדוקא)
[19.7%] #5920: "Jastrow, דִּקְדֵּק"... OK (דקדק)
[19.7%] #5921: "Jastrow, דַּקְדֵּק"... duplicate
[19.7%] #5921: "Jastrow, דַּקְדָּקָא"... OK (דקדקא)
[19.7%] #5922: "Jastrow, דַּקְדְּקִירָא"... OK (דקדקירא)
[19.7%] #5923: "Jastrow, דַּקְדַּקְתָּא"... OK (דקדקתא)
[19.7%] #5924: "Jastrow, דַּקָּה"... OK (דקה)
[19.7%] #5925: "Jastrow, דָּקָה"... duplicate
[19.7%] #5925: "Jastrow, דִּקוּלָא"... OK (דקולא)
[19.8%] #5926: "Jastrow, דקונתיה"... OK (דקונתיה)
[19.8%] #5927: "Jastrow, דּקוּקָא"... OK (דקוקא)
[19.8%] #5928: "Jastrow, דקוקיא"... OK (דקוקיא)
[19.8%] #5929: "Jastrow, דָּקוֹר"... OK (דקור)
[19.8%] #5930: "Jastrow, דְּקוּרָא"... OK (דקורא)
[19.8%] #5931: "Jastrow, דקוריא"... OK (דקוריא)
[19.8%] #5932: "Jastrow, דִּקְיוֹן"... OK (דקיון)
[19.8%] #5933: "Jastrow, דַּקִּיק"... OK (דקיק)
[19.8%] #5934: "Jastrow, דַּקִּירָא"... OK (דקירא)
[19.8%] #5935: "Jastrow, דְּקִירָה"... OK (דקירה)
[19.8%] #5936: "Jastrow, דַּקִּיתָא"... OK (דקיתא)
[19.8%] #5937: "Jastrow, דְּקִיתָא"... duplicate
[19.8%] #5937: "Jastrow, דֶּקֶל"... OK (דקל)
[19.8%] #5938: "Jastrow, דִּקְלָא"... OK (דקלא)
  [Saved progress: 5938 entries]
[19.8%] #5939: "Jastrow, דִּקְלַי"... OK (דקלי)
[19.8%] #5940: "Jastrow, דְּקַן"... OK (דקן)
[19.8%] #5941: "Jastrow, דִּקְנָנָא"... OK (דקננא)
[19.8%] #5942: "Jastrow, דָּקַק"... OK (דקק)
[19.8%] #5943: "Jastrow, דְּקַק"... duplicate
[19.8%] #5943: "Jastrow, דְּקָקָה"... OK (דקקה)
[19.8%] #5944: "Jastrow, דָּקַר"... OK (דקר)
[19.8%] #5945: "Jastrow, דְּקַר"... duplicate
[19.8%] #5945: "Jastrow, דֶּקֶר"... duplicate
[19.8%] #5945: "Jastrow, דַּקְרוֹנָא"... OK (דקרונא)
[19.8%] #5946: "Jastrow, דַּקְרָן"... OK (דקרן)
[19.8%] #5947: "Jastrow, דַּקְתָּא"... OK (דקתא)
[19.8%] #5948: "Jastrow, דֹּר"... OK (דר)
[19.8%] #5949: "Jastrow, דָּר"... duplicate
[19.8%] #5949: "Jastrow, דָּר ²"... duplicate
[19.8%] #5949: "Jastrow, דָּר ³"... duplicate
[19.8%] #5949: "Jastrow, דָּרָא II"... OK (דרא)
[19.8%] #5950: "Jastrow, דְּרָא"... duplicate
[19.8%] #5950: "Jastrow, דרא"... duplicate
[19.8%] #5950: "Jastrow, דרבאני"... OK (דרבאני)
[19.8%] #5951: "Jastrow, דרבון"... OK (דרבון)
[19.8%] #5952: "Jastrow, דָּרְבּוֹנֵי"... OK (דרבוני)
[19.8%] #5953: "Jastrow, דָּֽרְבָן"... OK (דרבן)
[19.8%] #5954: "Jastrow, *דָּרְבְּנָאָה"... OK (דרבנאה)
[19.8%] #5955: "Jastrow, דָּרַג"... OK (דרג)
[19.9%] #5956: "Jastrow, דְּרַג"... duplicate
[19.9%] #5956: "Jastrow, דַּרְגּוֹן"... OK (דרגון)
[19.9%] #5957: "Jastrow, דַּרְגּוּשָׁה"... OK (דרגושה)
[19.9%] #5958: "Jastrow, דרגי"... OK (דרגי)
[19.9%] #5959: "Jastrow, דַּרְגִּישִׁין"... OK (דרגישין)
[19.9%] #5960: "Jastrow, דַּרְגֵּשׁ"... OK (דרגש)
[19.9%] #5961: "Jastrow, דַּרְגְּשָׁא"... OK (דרגשא)
[19.9%] #5962: "Jastrow, דרד"... OK (דרד)
[19.9%] #5963: "Jastrow, דַּרְדּוּגֵי"... OK (דרדוגי)
[19.9%] #5964: "Jastrow, דַּרְדּוּר"... OK (דרדור)
[19.9%] #5965: "Jastrow, דַּרְדֵּיג"... OK (דרדיג)
[19.9%] #5966: "Jastrow, דַּרְדַּנְיָא"... OK (דרדניא)
[19.9%] #5967: "Jastrow, דַּרְדְּסָא"... OK (דרדסא)
[19.9%] #5968: "Jastrow, דַּרְדַּק"... OK (דרדק)
[19.9%] #5969: "Jastrow, דִּרְדֵּר"... OK (דרדר)
[19.9%] #5970: "Jastrow, דַּרְדֵּר"... duplicate
[19.9%] #5970: "Jastrow, דַּרְדָּרָא"... OK (דרדרא)
[19.9%] #5971: "Jastrow, דָּרוֹכוֹת"... OK (דרוכות)
[19.9%] #5972: "Jastrow, דרולמוסיא"... OK (דרולמוסיא)
[19.9%] #5973: "Jastrow, דָּרוֹם"... OK (דרום)
[19.9%] #5974: "Jastrow, דָּרוֹמָא"... OK (דרומא)
[19.9%] #5975: "Jastrow, דְּרוֹמָאָה"... OK (דרומאה)
[19.9%] #5976: "Jastrow, *דְּרוֹמוֹס"... OK (דרומוס)
[19.9%] #5977: "Jastrow, דרומוסקוס"... OK (דרומוסקוס)
[19.9%] #5978: "Jastrow, דְּרוֹמִי"... OK (דרומי)
[19.9%] #5979: "Jastrow, דְּרוֹמָיָא"... OK (דרומיא)
[19.9%] #5980: "Jastrow, דרומילוס"... OK (דרומילוס)
[19.9%] #5981: "Jastrow, דרומיסקוס"... OK (דרומיסקוס)
[19.9%] #5982: "Jastrow, דרומנה"... OK (דרומנה)
[19.9%] #5983: "Jastrow, *דָּרוּמָתָא"... OK (דרומתא)
[19.9%] #5984: "Jastrow, דְּרוֹסָא"... OK (דרוסא)
[19.9%] #5985: "Jastrow, דָּרוֹסָה"... OK (דרוסה)
[20.0%] #5986: "Jastrow, דְּרוּסָה"... duplicate
[20.0%] #5986: "Jastrow, דְּרוּסוֹת"... OK (דרוסות)
[20.0%] #5987: "Jastrow, דְּרוֹעָא"... OK (דרועא)
[20.0%] #5988: "Jastrow, *דָּרוּפִתְקֵי"... OK (דרופתקי)
[20.0%] #5989: "Jastrow, *דְּרוּקָא"... OK (דרוקא)
[20.0%] #5990: "Jastrow, דרוקרא"... OK (דרוקרא)
[20.0%] #5991: "Jastrow, דְּרוּקֶרֶת"... OK (דרוקרת)
[20.0%] #5992: "Jastrow, דְּרוֹר"... OK (דרור)
[20.0%] #5993: "Jastrow, דְּרוֹרִיָּה"... OK (דרוריה)
[20.0%] #5994: "Jastrow, דָּרוֹשָׁא"... OK (דרושא)
[20.0%] #5995: "Jastrow, דְּרֵי I"... OK (דרי)
[20.0%] #5996: "Jastrow, דְּרֵי II"... duplicate
[20.0%] #5996: "Jastrow, דָּרֵי"... duplicate
[20.0%] #5996: "Jastrow, דריא"... OK (דריא)
[20.0%] #5997: "Jastrow, דריאבון"... OK (דריאבון)
[20.0%] #5998: "Jastrow, דריגון"... OK (דריגון)
[20.0%] #5999: "Jastrow, דָּרְיָוֶשׁ"... OK (דריוש)
[20.0%] #6000: "Jastrow, דְּרֵיךְ"... OK (דריך)
[20.0%] #6001: "Jastrow, דְּרִיכָה"... OK (דריכה)
[20.0%] #6002: "Jastrow, דָּרִיכוֹן"... OK (דריכון)
[20.0%] #6003: "Jastrow, דריכות"... OK (דריכות)
[20.0%] #6004: "Jastrow, *דְּרִינוֹן"... OK (דרינון)
[20.0%] #6005: "Jastrow, דְּרִיס"... OK (דריס)
[20.0%] #6006: "Jastrow, דְּרִיסָה"... OK (דריסה)
[20.0%] #6007: "Jastrow, דָּרֵישׁ"... OK (דריש)
[20.0%] #6008: "Jastrow, דְּרִישָׁה"... OK (דרישה)
[20.0%] #6009: "Jastrow, דָּרַךְ"... OK (דרך)
[20.0%] #6010: "Jastrow, דְּרַךְ"... duplicate
[20.0%] #6010: "Jastrow, דֶּרֶךְ"... duplicate
[20.0%] #6010: "Jastrow, דַּרְכָא"... OK (דרכא)
[20.0%] #6011: "Jastrow, דָּרְכָא"... duplicate
[20.0%] #6011: "Jastrow, דרכון"... OK (דרכון)
[20.0%] #6012: "Jastrow, דַּרְכּוֹן"... duplicate
[20.0%] #6012: "Jastrow, דרכל"... OK (דרכל)
[20.0%] #6013: "Jastrow, דַּרְכְּמוֹן"... OK (דרכמון)
[20.0%] #6014: "Jastrow, דרכמונין"... OK (דרכמונין)
[20.0%] #6015: "Jastrow, דָּרַם"... OK (דרם)
[20.1%] #6016: "Jastrow, דְּרַם"... duplicate
[20.1%] #6016: "Jastrow, דַּרְמוּסְקוֹס"... OK (דרמוסקוס)
[20.1%] #6017: "Jastrow, דרמינון"... OK (דרמינון)
[20.1%] #6018: "Jastrow, דַּרְמֵסְקוֹס"... OK (דרמסקוס)
[20.1%] #6019: "Jastrow, דַּרְמַסְקִינָא"... OK (דרמסקינא)
[20.1%] #6020: "Jastrow, דֶּרֶן"... OK (דרן)
  [Saved progress: 6020 entries]
[20.1%] #6021: "Jastrow, דַּרְנָא"... OK (דרנא)
[20.1%] #6022: "Jastrow, דרניקוס"... OK (דרניקוס)
[20.1%] #6023: "Jastrow, דָּרַס"... OK (דרס)
[20.1%] #6024: "Jastrow, דְּרַס"... duplicate
[20.1%] #6024: "Jastrow, דְּרָסָה"... OK (דרסה)
[20.1%] #6025: "Jastrow, דְּרַע I"... OK (דרע)
[20.1%] #6026: "Jastrow, דְּרַע II"... duplicate
[20.1%] #6026: "Jastrow, דְּרַע III"... duplicate
[20.1%] #6026: "Jastrow, דרפתקי"... OK (דרפתקי)
[20.1%] #6027: "Jastrow, דרצונא"... OK (דרצונא)
[20.1%] #6028: "Jastrow, דַּרְצִינִי"... OK (דרציני)
[20.1%] #6029: "Jastrow, דְּרַק"... OK (דרק)
[20.1%] #6030: "Jastrow, דְּרָקוֹן"... OK (דרקון)
[20.1%] #6031: "Jastrow, דְּרָקוֹן ²"... duplicate
[20.1%] #6031: "Jastrow, דרקונוס"... OK (דרקונוס)
[20.1%] #6032: "Jastrow, דְּרָרָא I"... OK (דררא)
[20.1%] #6033: "Jastrow, דְּרָרָא II"... duplicate
[20.1%] #6033: "Jastrow, דְּרַרְיָא"... OK (דרריא)
[20.1%] #6034: "Jastrow, דָּרַשׁ"... OK (דרש)
[20.1%] #6035: "Jastrow, דְּרַשׁ"... duplicate
[20.1%] #6035: "Jastrow, דָּרְשָׁא"... OK (דרשא)
[20.1%] #6036: "Jastrow, דְּרָשָׁא"... duplicate
[20.1%] #6036: "Jastrow, דַּרְשָׁן"... OK (דרשן)
[20.1%] #6037: "Jastrow, דַּרְתָּא"... OK (דרתא)
[20.1%] #6038: "Jastrow, דרתא"... duplicate
[20.1%] #6038: "Jastrow, דרתנא"... OK (דרתנא)
[20.1%] #6039: "Jastrow, דָּשׁ"... OK (דש)
[20.1%] #6040: "Jastrow, דֶּשֶׁא"... OK (דשא)
[20.1%] #6041: "Jastrow, דַּשָּׁא"... duplicate
[20.1%] #6041: "Jastrow, דַּשְׁדֵּשׁ"... OK (דשדש)
[20.1%] #6042: "Jastrow, דִּשּׁוּן"... OK (דשון)
[20.1%] #6043: "Jastrow, דשונא"... OK (דשונא)
[20.1%] #6044: "Jastrow, דשונה"... OK (דשונה)
[20.1%] #6045: "Jastrow, דָּשֹׁושׁ"... OK (דשוש)
[20.2%] #6046: "Jastrow, דְּשִׁישׁ"... OK (דשיש)
[20.2%] #6047: "Jastrow, דַּשְׁיָתָא"... OK (דשיתא)
[20.2%] #6048: "Jastrow, דָּשֵׁן"... OK (דשן)
[20.2%] #6049: "Jastrow, דֶּשֶׁן"... duplicate
[20.2%] #6049: "Jastrow, דָּשְׁנָא"... OK (דשנא)
[20.2%] #6050: "Jastrow, *דשקתא"... OK (דשקתא)
[20.2%] #6051: "Jastrow, דשרין"... OK (דשרין)
[20.2%] #6052: "Jastrow, דָּשַׁשׁ"... OK (דשש)
[20.2%] #6053: "Jastrow, דְּשַׁשׁ"... duplicate
[20.2%] #6053: "Jastrow, דִּשְׁתָּאָה"... OK (דשתאה)
[20.2%] #6054: "Jastrow, *דִּשְׁתַּיְיהִי"... OK (דשתייהי)
[20.2%] #6055: "Jastrow, דשתן"... OK (דשתן)
[20.2%] #6056: "Jastrow, דִּשְׁתָּנָא"... OK (דשתנא)
[20.2%] #6057: "Jastrow, דִּשְׁתְּקָא"... OK (דשתקא)
[20.2%] #6058: "Jastrow, דַּתְּ"... OK (דת)
[20.2%] #6059: "Jastrow, דָּת"... duplicate
[20.2%] #6059: "Jastrow, דָּת ²"... duplicate
[20.2%] #6059: "Jastrow, דִּתְאָה"... OK (דתאה)
[20.2%] #6060: "Jastrow, דְּתָבְרַיָּא"... OK (דתבריא)
[20.2%] #6061: "Jastrow, ה"... OK (ה)
[20.2%] #6062: "Jastrow, ה׳"... duplicate
[20.2%] #6062: "Jastrow, הַ־"... duplicate
[20.2%] #6062: "Jastrow, הָ־"... duplicate
[20.2%] #6062: "Jastrow, ה"א"... OK (הא)
[20.2%] #6063: "Jastrow, הָא I"... duplicate
[20.2%] #6063: "Jastrow, הָא II"... duplicate
[20.2%] #6063: "Jastrow, הֵא II"... duplicate
[20.2%] #6063: "Jastrow, הִא III"... duplicate
[20.2%] #6063: "Jastrow, הַאֲזָנָה"... OK (האזנה)
[20.2%] #6064: "Jastrow, הַאי"... OK (האי)
[20.2%] #6065: "Jastrow, הָאִידְּנָא"... OK (האידנא)
[20.2%] #6066: "Jastrow, הַאִיךְ"... OK (האיך)
[20.2%] #6067: "Jastrow, הָאֵיק"... OK (האיק)
[20.2%] #6068: "Jastrow, הַאיְתָא"... OK (האיתא)
[20.2%] #6069: "Jastrow, הָאִיתָא"... duplicate
[20.2%] #6069: "Jastrow, הָאֵל"... OK (האל)
[20.2%] #6070: "Jastrow, הַאֲמָנָה"... OK (האמנה)
[20.2%] #6071: "Jastrow, הָאן"... OK (האן)
[20.2%] #6072: "Jastrow, הָאנָא"... OK (האנא)
[20.2%] #6073: "Jastrow, *הָאַסְטוּ"... OK (האסטו)
[20.2%] #6074: "Jastrow, הָאֵק"... OK (האק)
[20.2%] #6075: "Jastrow, הֲאָרָה"... OK (הארה)
[20.3%] #6076: "Jastrow, הַב"... OK (הב)
[20.3%] #6077: "Jastrow, הֲבָאָה"... OK (הבאה)
[20.3%] #6078: "Jastrow, הֲבַאי"... OK (הבאי)
[20.3%] #6079: "Jastrow, הַבְאָשָׁה"... OK (הבאשה)
[20.3%] #6080: "Jastrow, הָבַב"... OK (הבב)
[20.3%] #6081: "Jastrow, הַבְדָּלָה"... OK (הבדלה)
[20.3%] #6082: "Jastrow, הִבְהֵב I"... OK (הבהב)
[20.3%] #6083: "Jastrow, הַבְהֵב"... duplicate
[20.3%] #6083: "Jastrow, הַבְהֲבָא"... OK (הבהבא)
[20.3%] #6084: "Jastrow, הָבוּ"... OK (הבו)
[20.3%] #6085: "Jastrow, הַבָּטָה"... OK (הבטה)
[20.3%] #6086: "Jastrow, הבטח"... OK (הבטח)
[20.3%] #6087: "Jastrow, הַבְטָחָה"... OK (הבטחה)
[20.3%] #6088: "Jastrow, הֲבִיל"... OK (הביל)
[20.3%] #6089: "Jastrow, הֲבִיר"... OK (הביר)
[20.3%] #6090: "Jastrow, הֲבִירָא"... OK (הבירא)
[20.3%] #6091: "Jastrow, הַבְכֵין"... OK (הבכין)
[20.3%] #6092: "Jastrow, הָבַל"... OK (הבל)
[20.3%] #6093: "Jastrow, הֲבַל"... duplicate
[20.3%] #6093: "Jastrow, הֶבֶל"... duplicate
[20.3%] #6093: "Jastrow, הַבְלָא"... OK (הבלא)
[20.3%] #6094: "Jastrow, הֲבָלוּ"... OK (הבלו)
[20.3%] #6095: "Jastrow, הַבְלִילָא"... OK (הבלילא)
[20.3%] #6096: "Jastrow, הַבְלָעָה"... OK (הבלעה)
  [Saved progress: 6096 entries]
[20.3%] #6097: "Jastrow, הֶבְעֵר"... OK (הבער)
[20.3%] #6098: "Jastrow, הַבְעָרָה"... OK (הבערה)
[20.3%] #6099: "Jastrow, הֶבְקֵר"... OK (הבקר)
[20.3%] #6100: "Jastrow, הַבְרָא"... OK (הברא)
[20.3%] #6101: "Jastrow, הַבְרָאָה"... OK (הבראה)
[20.3%] #6102: "Jastrow, הַבְרָה"... OK (הברה)
[20.3%] #6103: "Jastrow, הֲבָרָה"... duplicate
[20.3%] #6103: "Jastrow, הֲגָא"... OK (הגא)
[20.3%] #6104: "Jastrow, הֶגֶא"... duplicate
[20.3%] #6104: "Jastrow, הַגְבָּהָה"... OK (הגבהה)
[20.3%] #6105: "Jastrow, הַגְבָּלָה"... OK (הגבלה)
[20.3%] #6106: "Jastrow, הַגָּדָה"... OK (הגדה)
[20.4%] #6107: "Jastrow, הגדום"... OK (הגדום)
[20.4%] #6108: "Jastrow, הֶגְדֵּר"... OK (הגדר)
[20.4%] #6109: "Jastrow, הָגָה"... OK (הגה)
[20.4%] #6110: "Jastrow, הֶגֶה"... duplicate
[20.4%] #6110: "Jastrow, הֵגֶה"... duplicate
[20.4%] #6110: "Jastrow, הִגְזִין"... OK (הגזין)
[20.4%] #6111: "Jastrow, הֶגְזֵר"... OK (הגזר)
[20.4%] #6112: "Jastrow, הגי"... OK (הגי)
[20.4%] #6113: "Jastrow, הגי ²"... duplicate
[20.4%] #6113: "Jastrow, הֲגִי"... duplicate
[20.4%] #6113: "Jastrow, הִגָּיוֹן"... OK (הגיון)
[20.4%] #6114: "Jastrow, הֶגְיוֹנָא"... OK (הגיונא)
[20.4%] #6115: "Jastrow, הֲגָיָיה"... OK (הגייה)
[20.4%] #6116: "Jastrow, הֵגִים"... OK (הגים)
[20.4%] #6117: "Jastrow, הַגְלָשָׁה"... OK (הגלשה)
[20.4%] #6118: "Jastrow, הֶגְמוֹן"... OK (הגמון)
[20.4%] #6119: "Jastrow, הֶגְמוֹנְיָא"... OK (הגמוניא)
[20.4%] #6120: "Jastrow, הָגַן"... OK (הגן)
[20.4%] #6121: "Jastrow, הֲגַן"... duplicate
[20.4%] #6121: "Jastrow, הַגַּס"... OK (הגס)
[20.4%] #6122: "Jastrow, הַגָּעָה"... OK (הגעה)
[20.4%] #6123: "Jastrow, הַגְעָלָה"... OK (הגעלה)
[20.4%] #6124: "Jastrow, הֲגָפָה"... OK (הגפה)
[20.4%] #6125: "Jastrow, הָגַר"... OK (הגר)
[20.4%] #6126: "Jastrow, הָגָר"... duplicate
[20.4%] #6126: "Jastrow, הַגְרָאָה"... OK (הגראה)
[20.4%] #6127: "Jastrow, הַגְרָה"... OK (הגרה)
[20.4%] #6128: "Jastrow, הגרול"... OK (הגרול)
[20.4%] #6129: "Jastrow, הגרום"... OK (הגרום)
[20.4%] #6130: "Jastrow, הַגְרוֹנְיָא"... OK (הגרוניא)
[20.4%] #6131: "Jastrow, הֶגְרֵיל"... OK (הגריל)
[20.4%] #6132: "Jastrow, הַגְרָלָה"... OK (הגרלה)
[20.4%] #6133: "Jastrow, הֶגְרֵם"... OK (הגרם)
[20.4%] #6134: "Jastrow, הַגְרָמָה"... OK (הגרמה)
[20.4%] #6135: "Jastrow, הַגָּשָׁה"... OK (הגשה)
[20.4%] #6136: "Jastrow, הֵגְתָא"... OK (הגתא)
[20.5%] #6137: "Jastrow, הַד־"... OK (הד)
[20.5%] #6138: "Jastrow, הָדָא"... OK (הדא)
[20.5%] #6139: "Jastrow, הֲדָדֵי"... OK (הדדי)
[20.5%] #6140: "Jastrow, הָדָה I"... OK (הדה)
[20.5%] #6141: "Jastrow, הָדָה II"... duplicate
[20.5%] #6141: "Jastrow, הדויין"... OK (הדויין)
[20.5%] #6142: "Jastrow, הֲדוֹם"... OK (הדום)
[20.5%] #6143: "Jastrow, *הדוסטא"... OK (הדוסטא)
[20.5%] #6144: "Jastrow, הִדּוּק"... OK (הדוק)
[20.5%] #6145: "Jastrow, הָדוּר"... OK (הדור)
[20.5%] #6146: "Jastrow, הֲדוֹר"... duplicate
[20.5%] #6146: "Jastrow, הִדּוּר"... duplicate
[20.5%] #6146: "Jastrow, הִדוֹר"... duplicate
[20.5%] #6146: "Jastrow, הֲדוּרָא"... OK (הדורא)
[20.5%] #6147: "Jastrow, הֲדוֹרָה"... OK (הדורה)
[20.5%] #6148: "Jastrow, הדות"... OK (הדות)
[20.5%] #6149: "Jastrow, הֲדָחָה"... OK (הדחה)
[20.5%] #6150: "Jastrow, הֲדֵי"... OK (הדי)
[20.5%] #6151: "Jastrow, הֶדְיָא"... OK (הדיא)
[20.5%] #6152: "Jastrow, הֲדָיָא II"... duplicate
[20.5%] #6152: "Jastrow, הַדְיֵב"... OK (הדיב)
[20.5%] #6153: "Jastrow, הֲדָיָה"... OK (הדיה)
[20.5%] #6154: "Jastrow, הֶדְיוֹט"... OK (הדיוט)
[20.5%] #6155: "Jastrow, הדיוכין"... OK (הדיוכין)
[20.5%] #6156: "Jastrow, הַדְיֵיב"... OK (הדייב)
[20.5%] #6157: "Jastrow, הַדְיֵיבָא"... OK (הדייבא)
[20.5%] #6158: "Jastrow, הֲדָיָיה"... OK (הדייה)
[20.5%] #6159: "Jastrow, הדיין"... OK (הדיין)
[20.5%] #6160: "Jastrow, הַדְיֵיף"... OK (הדייף)
[20.5%] #6161: "Jastrow, הַדִּימָא"... OK (הדימא)
[20.5%] #6162: "Jastrow, הדימה"... OK (הדימה)
[20.5%] #6163: "Jastrow, הָדֵין"... OK (הדין)
[20.5%] #6164: "Jastrow, הַדְיֵף"... OK (הדיף)
[20.5%] #6165: "Jastrow, הָדֵךְ"... OK (הדך)
[20.5%] #6166: "Jastrow, הַדְלֵיקָא"... OK (הדליקא)
[20.6%] #6167: "Jastrow, הַדְלָקָה"... OK (הדלקה)
[20.6%] #6168: "Jastrow, הֲדַם"... OK (הדם)
[20.6%] #6169: "Jastrow, הַדָּם"... duplicate
[20.6%] #6169: "Jastrow, הָדֵן"... OK (הדן)
[20.6%] #6170: "Jastrow, הַדְנָא"... OK (הדנא)
[20.6%] #6171: "Jastrow, הָדַס"... OK (הדס)
[20.6%] #6172: "Jastrow, *הַדֵּס"... duplicate
[20.6%] #6172: "Jastrow, הַדָס"... duplicate
[20.6%] #6172: "Jastrow, הָדָס"... duplicate
[20.6%] #6172: "Jastrow, הֲדָס"... duplicate
[20.6%] #6172: "Jastrow, הֲדַסָּה"... OK (הדסה)
[20.6%] #6173: "Jastrow, הדסט"ב"... OK (הדסטב)
[20.6%] #6174: "Jastrow, הָדַף"... OK (הדף)
[20.6%] #6175: "Jastrow, הֲדַף"... duplicate
[20.6%] #6175: "Jastrow, הֵדַק"... OK (הדק)
[20.6%] #6176: "Jastrow, הָדַק"... duplicate
[20.6%] #6176: "Jastrow, הֲדַק"... duplicate
  [Saved progress: 6175 entries]
[20.6%] #6176: "Jastrow, הָדַר"... OK (הדר)
[20.6%] #6177: "Jastrow, הֲדַר"... duplicate
[20.6%] #6177: "Jastrow, הָדָר"... duplicate
[20.6%] #6177: "Jastrow, הֲדָרָא"... OK (הדרא)
[20.6%] #6178: "Jastrow, הַדְרָאָה"... OK (הדראה)
[20.6%] #6179: "Jastrow, הִדְרַאוְלִיס"... OK (הדראוליס)
[20.6%] #6180: "Jastrow, הֲדָרָה"... OK (הדרה)
[20.6%] #6181: "Jastrow, הַדָּרָה"... duplicate
[20.6%] #6181: "Jastrow, הדרונא"... OK (הדרונא)
[20.6%] #6182: "Jastrow, הִדְרוֹקָן"... OK (הדרוקן)
[20.6%] #6183: "Jastrow, הדרוס"... OK (הדרוס)
[20.6%] #6184: "Jastrow, הַדְרְיָינָא"... OK (הדריינא)
[20.6%] #6185: "Jastrow, הַדְרְיָינוֹס"... OK (הדריינוס)
[20.6%] #6186: "Jastrow, הַדְרְיָינִי"... OK (הדרייני)
[20.6%] #6187: "Jastrow, הדרינתא"... OK (הדרינתא)
[20.6%] #6188: "Jastrow, הַדְּרֵיס"... OK (הדריס)
[20.6%] #6189: "Jastrow, הַדְרָנָא"... OK (הדרנא)
[20.6%] #6190: "Jastrow, הֲדַרְנִיאֵל"... OK (הדרניאל)
[20.6%] #6191: "Jastrow, *הִדְרָנִיקוֹס"... OK (הדרניקוס)
[20.6%] #6192: "Jastrow, הַדְרָנִיתָא"... OK (הדרניתא)
[20.6%] #6193: "Jastrow, הַדְּרֵס"... OK (הדרס)
[20.6%] #6194: "Jastrow, הַדְרְסִיּוֹת"... OK (הדרסיות)
[20.6%] #6195: "Jastrow, הִדְרָקוֹן"... OK (הדרקון)
[20.6%] #6196: "Jastrow, הֲדַרְתָּא"... OK (הדרתא)
[20.7%] #6197: "Jastrow, הָדְתַנְיָא"... OK (הדתניא)
[20.7%] #6198: "Jastrow, הָהּ"... OK (הה)
[20.7%] #6199: "Jastrow, הֵה"... duplicate
[20.7%] #6199: "Jastrow, הַהוּא"... OK (ההוא)
[20.7%] #6200: "Jastrow, הַהֵין"... OK (ההין)
[20.7%] #6201: "Jastrow, הָהֵנוּ"... OK (ההנו)
[20.7%] #6202: "Jastrow, הוּ"... OK (הו)
[20.7%] #6203: "Jastrow, הוּא"... OK (הוא)
[20.7%] #6204: "Jastrow, הוּא ²"... duplicate
[20.7%] #6204: "Jastrow, הֲוָא"... duplicate
[20.7%] #6204: "Jastrow, הֲוַאי"... OK (הואי)
[20.7%] #6205: "Jastrow, הוֹאִיל"... OK (הואיל)
[20.7%] #6206: "Jastrow, הוֹבַאי"... OK (הובאי)
[20.7%] #6207: "Jastrow, הוֹבָרָא"... OK (הוברא)
[20.7%] #6208: "Jastrow, הוֹבְדָנָא"... OK (הובדנא)
[20.7%] #6209: "Jastrow, הוֹבִיר"... OK (הוביר)
[20.7%] #6210: "Jastrow, הוֹבְלִילָא"... OK (הובלילא)
[20.7%] #6211: "Jastrow, הוּבעָיוֹת"... OK (הובעיות)
[20.7%] #6212: "Jastrow, הוֹבְרָיָא"... OK (הובריא)
[20.7%] #6213: "Jastrow, הוֹבְרִים"... OK (הוברים)
[20.7%] #6214: "Jastrow, *הוּגְדֵּס"... OK (הוגדס)
[20.7%] #6215: "Jastrow, הוֹגֵין"... OK (הוגין)
[20.7%] #6216: "Jastrow, הוֹגָן"... OK (הוגן)
[20.7%] #6217: "Jastrow, הוֹגֶן"... duplicate
[20.7%] #6217: "Jastrow, הוּגָּן"... duplicate
[20.7%] #6217: "Jastrow, הוֹגָנָא"... OK (הוגנא)
[20.7%] #6218: "Jastrow, הוגנוס׳"... OK (הוגנוס)
[20.7%] #6219: "Jastrow, הוֹגְנִים"... OK (הוגנים)
[20.7%] #6220: "Jastrow, הוגניסיס"... OK (הוגניסיס)
[20.7%] #6221: "Jastrow, הוּגְנֵס"... OK (הוגנס)
[20.7%] #6222: "Jastrow, הוגרם"... OK (הוגרם)
[20.7%] #6223: "Jastrow, הוֹד"... OK (הוד)
[20.7%] #6224: "Jastrow, הוֹדָאָה"... OK (הודאה)
[20.7%] #6225: "Jastrow, הוֹדָאָה ²"... duplicate
[20.7%] #6225: "Jastrow, הודאה"... duplicate
[20.7%] #6225: "Jastrow, הוֹדוּ I"... OK (הודו)
[20.8%] #6226: "Jastrow, הוֹדוּ II"... duplicate
[20.8%] #6226: "Jastrow, הוֹדָיָא"... OK (הודיא)
[20.8%] #6227: "Jastrow, הודָיָה"... OK (הודיה)
[20.8%] #6228: "Jastrow, הוֹדַע"... OK (הודע)
[20.8%] #6229: "Jastrow, הוּדְרָא"... OK (הודרא)
[20.8%] #6230: "Jastrow, הוּדְרָנָא"... OK (הודרנא)
[20.8%] #6231: "Jastrow, הַוָּה"... OK (הוה)
[20.8%] #6232: "Jastrow, *הֵוָה"... duplicate
[20.8%] #6232: "Jastrow, הָוָה"... duplicate
[20.8%] #6232: "Jastrow, הֲוָהּ"... duplicate
[20.8%] #6232: "Jastrow, הוֹהֲרָא"... OK (הוהרא)
[20.8%] #6233: "Jastrow, הֲווֹ"... OK (הוו)
[20.8%] #6234: "Jastrow, הֲוָויָה"... OK (הוויה)
[20.8%] #6235: "Jastrow, הַוְויָנָא"... OK (הווינא)
[20.8%] #6236: "Jastrow, הֲוִוינָא"... duplicate
[20.8%] #6236: "Jastrow, הווכריא"... OK (הווכריא)
[20.8%] #6237: "Jastrow, הֲוָונָא"... OK (הוונא)
[20.8%] #6238: "Jastrow, הוועדה"... OK (הוועדה)
[20.8%] #6239: "Jastrow, הוותיאוס"... OK (הוותיאוס)
[20.8%] #6240: "Jastrow, הוּזְמָא"... OK (הוזמא)
[20.8%] #6241: "Jastrow, הוֹטְבָא"... OK (הוטבא)
[20.8%] #6242: "Jastrow, הוּטְלֵס"... OK (הוטלס)
[20.8%] #6243: "Jastrow, הוֹי"... OK (הוי)
[20.8%] #6244: "Jastrow, הוי"... duplicate
[20.8%] #6244: "Jastrow, הֲוֵי"... duplicate
[20.8%] #6244: "Jastrow, הֲוָיָה"... OK (הויה)
[20.8%] #6245: "Jastrow, הַוְיָנָא"... OK (הוינא)
[20.8%] #6246: "Jastrow, הוֹכֵיח"... OK (הוכיח)
[20.8%] #6247: "Jastrow, הוּל"... OK (הול)
[20.8%] #6248: "Jastrow, הוּלְיָא"... OK (הוליא)
[20.8%] #6249: "Jastrow, הוֹלָכָה"... OK (הולכה)
[20.8%] #6250: "Jastrow, הוֹלֵלָה"... OK (הוללה)
[20.8%] #6251: "Jastrow, הוּמְהוֹם"... OK (הומהום)
[20.8%] #6252: "Jastrow, הוֹמוֹנְיָא"... OK (הומוניא)
[20.8%] #6253: "Jastrow, הוּמָם"... OK (הומם)
[20.8%] #6254: "Jastrow, הוּמַנְיָא"... OK (הומניא)
[20.8%] #6255: "Jastrow, הומניות"... OK (הומניות)
[20.8%] #6256: "Jastrow, הוֹמֶר"... OK (הומר)
[20.9%] #6257: "Jastrow, הוֹן I"... OK (הון)
[20.9%] #6258: "Jastrow, הוֹן II"... duplicate
  [Saved progress: 6257 entries]
[20.9%] #6258: "Jastrow, הַוָּן"... duplicate
[20.9%] #6258: "Jastrow, הוּנָא"... OK (הונא)
[20.9%] #6259: "Jastrow, הוֹנָאָה"... OK (הונאה)
[20.9%] #6260: "Jastrow, הונגטוס"... OK (הונגטוס)
[20.9%] #6261: "Jastrow, הוּנְגְּרָאָה"... OK (הונגראה)
[20.9%] #6262: "Jastrow, הונדקס"... OK (הונדקס)
[20.9%] #6263: "Jastrow, הוֹנָיָיה"... OK (הונייה)
[20.9%] #6264: "Jastrow, הוּנְיָיקִי"... OK (הונייקי)
[20.9%] #6265: "Jastrow, הונים"... OK (הונים)
[20.9%] #6266: "Jastrow, הוּפְיָא"... OK (הופיא)
[20.9%] #6267: "Jastrow, הוּפְכָא"... OK (הופכא)
[20.9%] #6268: "Jastrow, הוֹפָעָה"... OK (הופעה)
[20.9%] #6269: "Jastrow, הוֹפָעוּתָא"... OK (הופעותא)
[20.9%] #6270: "Jastrow, הופעיות"... OK (הופעיות)
[20.9%] #6271: "Jastrow, הופקנה"... OK (הופקנה)
[20.9%] #6272: "Jastrow, הוּץ I"... OK (הוץ)
[20.9%] #6273: "Jastrow, הוּץ II"... duplicate
[20.9%] #6273: "Jastrow, הוּצָא I"... OK (הוצא)
[20.9%] #6274: "Jastrow, הוּצָא II"... duplicate
[20.9%] #6274: "Jastrow, הוֹצָאָה"... OK (הוצאה)
[20.9%] #6275: "Jastrow, הוּצָל"... OK (הוצל)
[20.9%] #6276: "Jastrow, הוֹצֶן"... OK (הוצן)
[20.9%] #6277: "Jastrow, הוֹקָעָה"... OK (הוקעה)
[20.9%] #6278: "Jastrow, הוֹר"... OK (הור)
[20.9%] #6279: "Jastrow, הוֹרָאָה"... OK (הוראה)
[20.9%] #6280: "Jastrow, הוּרְדָּא"... OK (הורדא)
[20.9%] #6281: "Jastrow, הוֹרָדָה"... OK (הורדה)
[20.9%] #6282: "Jastrow, הוֹרְדוֹס"... OK (הורדוס)
[20.9%] #6283: "Jastrow, הוֹרָה I"... OK (הורה)
[20.9%] #6284: "Jastrow, הוֹרָה II"... duplicate
[20.9%] #6284: "Jastrow, הוֹרָיָה"... OK (הוריה)
[20.9%] #6285: "Jastrow, הורכיינוס"... OK (הורכיינוס)
[20.9%] #6286: "Jastrow, הוֹרְכִּינוֹס"... OK (הורכינוס)
[21.0%] #6287: "Jastrow, הוֹרְמִיז"... OK (הורמיז)
[21.0%] #6288: "Jastrow, הוֹרְמִין"... OK (הורמין)
[21.0%] #6289: "Jastrow, הוּרְמִינִי"... OK (הורמיני)
[21.0%] #6290: "Jastrow, הוֹרְקְנוֹס"... OK (הורקנוס)
[21.0%] #6291: "Jastrow, הוֹרָת"... OK (הורת)
[21.0%] #6292: "Jastrow, הוֹשָׁטָה"... OK (הושטה)
[21.0%] #6293: "Jastrow, הוֹשֶׁן"... OK (הושן)
[21.0%] #6294: "Jastrow, הוֹשָׁעָה"... OK (הושעה)
[21.0%] #6295: "Jastrow, הוֹשַׁעְיָא"... OK (הושעיא)
[21.0%] #6296: "Jastrow, הוֹשַׁעְנָא"... OK (הושענא)
[21.0%] #6297: "Jastrow, הותא"... OK (הותא)
[21.0%] #6298: "Jastrow, הַזָּאָה"... OK (הזאה)
[21.0%] #6299: "Jastrow, הֲזָדָה"... OK (הזדה)
[21.0%] #6300: "Jastrow, הזוטו"... OK (הזוטו)
[21.0%] #6301: "Jastrow, הַזָּיָה"... OK (הזיה)
[21.0%] #6302: "Jastrow, הז"יו"... OK (הזיו)
[21.0%] #6303: "Jastrow, הַזָּיָיה"... OK (הזייה)
[21.0%] #6304: "Jastrow, הֶזֵּיק"... OK (הזיק)
[21.0%] #6305: "Jastrow, הַזְכָּרָה"... OK (הזכרה)
[21.0%] #6306: "Jastrow, הִזְמָא"... OK (הזמא)
[21.0%] #6307: "Jastrow, הֲזָמָה"... OK (הזמה)
[21.0%] #6308: "Jastrow, הַזְמָנָא"... OK (הזמנא)
[21.0%] #6309: "Jastrow, הַזְמָנָה"... OK (הזמנה)
[21.0%] #6310: "Jastrow, הַזְמָנוּתָא"... OK (הזמנותא)
[21.0%] #6311: "Jastrow, *הזמת"... OK (הזמת)
[21.0%] #6312: "Jastrow, הֶזֵּק"... OK (הזק)
[21.0%] #6313: "Jastrow, *הֲזָר"... OK (הזר)
[21.0%] #6314: "Jastrow, הֶחְלֵט"... OK (החלט)
[21.0%] #6315: "Jastrow, הַחֲלָטָה"... OK (החלטה)
[21.1%] #6316: "Jastrow, החרפותא"... OK (החרפותא)
[21.1%] #6317: "Jastrow, הֲטָבָה"... OK (הטבה)
[21.1%] #6318: "Jastrow, הַטְבָּלַה"... OK (הטבלה)
[21.1%] #6319: "Jastrow, הִטּוּי"... OK (הטוי)
[21.1%] #6320: "Jastrow, הֲטוּלִים"... OK (הטולים)
[21.1%] #6321: "Jastrow, הֶטֵּחַ"... OK (הטח)
[21.1%] #6322: "Jastrow, הֲטָחָה"... OK (הטחה)
[21.1%] #6323: "Jastrow, הטיומא"... OK (הטיומא)
[21.1%] #6324: "Jastrow, הַטָּיָיה"... OK (הטייה)
[21.1%] #6325: "Jastrow, הטלים"... OK (הטלים)
[21.1%] #6326: "Jastrow, הַטְלֵיס"... OK (הטליס)
[21.1%] #6327: "Jastrow, *הֶטְלֵיס"... duplicate
[21.1%] #6327: "Jastrow, הַטְמָנָה"... OK (הטמנה)
[21.1%] #6328: "Jastrow, הַטָּפָה"... OK (הטפה)
[21.1%] #6329: "Jastrow, הֶטְרֵחַ"... OK (הטרח)
[21.1%] #6330: "Jastrow, הִטְּרִית"... OK (הטרית)
[21.1%] #6331: "Jastrow, הֶטְרֵשָׁא"... OK (הטרשא)
[21.1%] #6332: "Jastrow, ה"י"... OK (הי)
[21.1%] #6333: "Jastrow, הֵי I"... duplicate
[21.1%] #6333: "Jastrow, הֵי II"... duplicate
[21.1%] #6333: "Jastrow, הִי I"... duplicate
[21.1%] #6333: "Jastrow, הִי II"... duplicate
[21.1%] #6333: "Jastrow, הִיא"... OK (היא)
[21.1%] #6334: "Jastrow, הֵיא"... duplicate
[21.1%] #6334: "Jastrow, הֵיאַךְ"... OK (היאך)
[21.1%] #6335: "Jastrow, הֵיגֶא"... OK (היגא)
[21.1%] #6336: "Jastrow, הֵיגָא"... duplicate
[21.1%] #6336: "Jastrow, הֵיגֶה"... OK (היגה)
[21.1%] #6337: "Jastrow, היגים"... OK (היגים)
[21.1%] #6338: "Jastrow, הֵיגֵיתָא"... OK (היגיתא)
[21.1%] #6339: "Jastrow, הֶיגְמוֹן"... OK (היגמון)
[21.1%] #6340: "Jastrow, הֵיגְתָא"... OK (היגתא)
[21.1%] #6341: "Jastrow, הֵידָא"... OK (הידא)
[21.1%] #6342: "Jastrow, הִידוֹאָה"... OK (הידואה)
[21.1%] #6343: "Jastrow, הִידּוּס"... OK (הידוס)
[21.1%] #6344: "Jastrow, הִידוֹר"... OK (הידור)
[21.1%] #6345: "Jastrow, הִידּוּר"... duplicate
[21.1%] #6345: "Jastrow, הֵידִי"... OK (הידי)
  [Saved progress: 6345 entries]
[21.1%] #6346: "Jastrow, הֵידֵין"... OK (הידין)
[21.2%] #6347: "Jastrow, הַיְדֵּין"... duplicate
[21.2%] #6347: "Jastrow, הֵידֵינוּ"... OK (הידינו)
[21.2%] #6348: "Jastrow, היותאיוס"... OK (היותאיוס)
[21.2%] #6349: "Jastrow, הֶיזֵּיק"... OK (היזיק)
[21.2%] #6350: "Jastrow, הִיזְמָא"... OK (היזמא)
[21.2%] #6351: "Jastrow, הִיזְמְתָא"... OK (היזמתא)
[21.2%] #6352: "Jastrow, הֶיזֵּק"... OK (היזק)
[21.2%] #6353: "Jastrow, הֶיזֵּקָא"... OK (היזקא)
[21.2%] #6354: "Jastrow, הִיזְרָא"... OK (היזרא)
[21.2%] #6355: "Jastrow, הִיטְבָא"... OK (היטבא)
[21.2%] #6356: "Jastrow, הִיטְּנֵי"... OK (היטני)
[21.2%] #6357: "Jastrow, הִיטְּרִית"... OK (היטרית)
[21.2%] #6358: "Jastrow, הַיי"... OK (היי)
[21.2%] #6359: "Jastrow, הֵיָיא"... OK (הייא)
[21.2%] #6360: "Jastrow, הַיָיא"... duplicate
[21.2%] #6360: "Jastrow, הַיְידָּא"... OK (היידא)
[21.2%] #6361: "Jastrow, הַיְידִּי"... OK (היידי)
[21.2%] #6362: "Jastrow, הַיְידֵּין"... OK (היידין)
[21.2%] #6363: "Jastrow, הַיְידֵּינוּ"... OK (היידינו)
[21.2%] #6364: "Jastrow, הַיְידָּלוֹן"... OK (היידלון)
[21.2%] #6365: "Jastrow, הַיְידֵּן"... OK (היידן)
[21.2%] #6366: "Jastrow, הַיְידְּנוּ"... OK (היידנו)
[21.2%] #6367: "Jastrow, הַיְילֵין"... OK (היילין)
[21.2%] #6368: "Jastrow, היימים"... OK (היימים)
[21.2%] #6369: "Jastrow, הַיְינוּ"... OK (היינו)
[21.2%] #6370: "Jastrow, הֵיכ־"... OK (היכ)
[21.2%] #6371: "Jastrow, הֵיךְ"... OK (היך)
[21.2%] #6372: "Jastrow, הֵיכָא"... OK (היכא)
[21.2%] #6373: "Jastrow, הֵיכְדָא"... OK (היכדא)
[21.2%] #6374: "Jastrow, הֵיכְדֵין"... OK (היכדין)
[21.2%] #6375: "Jastrow, הֵיכִי"... OK (היכי)
[21.3%] #6376: "Jastrow, *הֵיכֵיל"... OK (היכיל)
[21.3%] #6377: "Jastrow, הֵיכִין"... OK (היכין)
[21.3%] #6378: "Jastrow, הֶיכֵּירָא"... OK (היכירא)
[21.3%] #6379: "Jastrow, הֵיכָל"... OK (היכל)
[21.3%] #6380: "Jastrow, הֵיכָלָא"... OK (היכלא)
[21.3%] #6381: "Jastrow, הֵיכְמָא"... OK (היכמא)
[21.3%] #6382: "Jastrow, הֵיכָן"... OK (היכן)
[21.3%] #6383: "Jastrow, הֵיכְנָא"... OK (היכנא)
[21.3%] #6384: "Jastrow, הֶיכֵּר"... OK (היכר)
[21.3%] #6385: "Jastrow, הֶיכֵּרָא"... OK (היכרא)
[21.3%] #6386: "Jastrow, הִילָא I"... OK (הילא)
[21.3%] #6387: "Jastrow, הִילָא II"... duplicate
[21.3%] #6387: "Jastrow, הילוז"... OK (הילוז)
[21.3%] #6388: "Jastrow, הִילּוּךְ"... OK (הילוך)
[21.3%] #6389: "Jastrow, הִילּוּכָא"... OK (הילוכא)
[21.3%] #6390: "Jastrow, הִילּוּל"... OK (הילול)
[21.3%] #6391: "Jastrow, הִילּוּלָא"... OK (הילולא)
[21.3%] #6392: "Jastrow, הִילוּף"... OK (הילוף)
[21.3%] #6393: "Jastrow, הִילְיוֹנִי"... OK (היליוני)
[21.3%] #6394: "Jastrow, הִילְיַיסְטוֹן"... OK (הילייסטון)
[21.3%] #6395: "Jastrow, הֵילֵין"... OK (הילין)
[21.3%] #6396: "Jastrow, הֵילָךְ"... OK (הילך)
[21.3%] #6397: "Jastrow, הֵילֵךְ"... duplicate
[21.3%] #6397: "Jastrow, הִילְכָא"... OK (הילכא)
[21.3%] #6398: "Jastrow, הִילְכָךְ"... OK (הילכך)
[21.3%] #6399: "Jastrow, הִילְכָן"... OK (הילכן)
[21.3%] #6400: "Jastrow, הִילֵּל"... OK (הילל)
[21.3%] #6401: "Jastrow, הִילְמִי"... OK (הילמי)
[21.3%] #6402: "Jastrow, הילמי"... duplicate
[21.3%] #6402: "Jastrow, הִילְנִי I"... OK (הילני)
[21.3%] #6403: "Jastrow, הִילְנִי II"... duplicate
[21.3%] #6403: "Jastrow, הֶילְקֵט"... OK (הילקט)
[21.3%] #6404: "Jastrow, הִילְקֵט"... duplicate
[21.3%] #6404: "Jastrow, הִילְקְטִי"... OK (הילקטי)
[21.3%] #6405: "Jastrow, הֵימ־"... OK (הימ)
[21.3%] #6406: "Jastrow, הֵימַג"... OK (הימג)
[21.4%] #6407: "Jastrow, הִימוּ"... OK (הימו)
[21.4%] #6408: "Jastrow, הִימּוּם"... OK (הימום)
[21.4%] #6409: "Jastrow, הימונא"... OK (הימונא)
[21.4%] #6410: "Jastrow, הימוניא"... OK (הימוניא)
[21.4%] #6411: "Jastrow, הימוס"... OK (הימוס)
[21.4%] #6412: "Jastrow, הימוסיון"... OK (הימוסיון)
[21.4%] #6413: "Jastrow, הִימוּצְיָאתָא"... OK (הימוציאתא)
[21.4%] #6414: "Jastrow, הֵימִין"... OK (הימין)
[21.4%] #6415: "Jastrow, *הֵימִיסוּ"... OK (הימיסו)
[21.4%] #6416: "Jastrow, הִימְיָנָא"... OK (הימינא)
[21.4%] #6417: "Jastrow, הימיסיון"... OK (הימיסיון)
[21.4%] #6418: "Jastrow, *הִימְלְטָא"... OK (הימלטא)
[21.4%] #6419: "Jastrow, הִימַלְתָּא"... OK (הימלתא)
[21.4%] #6420: "Jastrow, הֵימַן"... OK (הימן)
[21.4%] #6421: "Jastrow, הֵימָנוּ"... OK (הימנו)
[21.4%] #6422: "Jastrow, הֵימֶנּוּ"... duplicate
[21.4%] #6422: "Jastrow, הִימְנוֹן"... OK (הימנון)
[21.4%] #6423: "Jastrow, הֵימָנוּתָא"... OK (הימנותא)
[21.4%] #6424: "Jastrow, הימני׳"... OK (הימני)
[21.4%] #6425: "Jastrow, הִימַנְיָא"... OK (הימניא)
[21.4%] #6426: "Jastrow, הִימְנֵיק"... OK (הימניק)
[21.4%] #6427: "Jastrow, *הֵימָנִית"... OK (הימנית)
[21.4%] #6428: "Jastrow, הִימְנָק"... OK (הימנק)
[21.4%] #6429: "Jastrow, הימסיון"... OK (הימסיון)
[21.4%] #6430: "Jastrow, הִימְצָא"... OK (הימצא)
[21.4%] #6431: "Jastrow, הימצותא"... OK (הימצותא)
[21.4%] #6432: "Jastrow, הֵין"... OK (הין)
[21.4%] #6433: "Jastrow, *הִין I"... duplicate
[21.4%] #6433: "Jastrow, הִין II"... duplicate
[21.4%] #6433: "Jastrow, הִינָא"... OK (הינא)
[21.4%] #6434: "Jastrow, הֶינָא"... duplicate
[21.4%] #6434: "Jastrow, *הַיָנָא"... duplicate
  [Saved progress: 6433 entries]
[21.4%] #6434: "Jastrow, הֵינַג"... OK (הינג)
[21.4%] #6435: "Jastrow, הִינְגֵּי"... OK (הינגי)
[21.4%] #6436: "Jastrow, הִינְדָּא"... OK (הינדא)
[21.5%] #6437: "Jastrow, הִינְדְּבִי"... OK (הינדבי)
[21.5%] #6438: "Jastrow, הִינְדָּוָא"... OK (הינדוא)
[21.5%] #6439: "Jastrow, הִינְדְּוִוי"... OK (הינדווי)
[21.5%] #6440: "Jastrow, הִינְדְּזָא"... OK (הינדזא)
[21.5%] #6441: "Jastrow, הִינְדְּיָא"... OK (הינדיא)
[21.5%] #6442: "Jastrow, הִינְדִּיקִי"... OK (הינדיקי)
[21.5%] #6443: "Jastrow, הִינוּ"... OK (הינו)
[21.5%] #6444: "Jastrow, הֵינוּ"... duplicate
[21.5%] #6444: "Jastrow, הֵינוּחַ"... OK (הינוח)
[21.5%] #6445: "Jastrow, הֵינוּמָא"... OK (הינומא)
[21.5%] #6446: "Jastrow, הִינוּן"... OK (הינון)
[21.5%] #6447: "Jastrow, הינטין"... OK (הינטין)
[21.5%] #6448: "Jastrow, הִינִי"... OK (היני)
[21.5%] #6449: "Jastrow, הִינְיָיקִי"... OK (הינייקי)
[21.5%] #6450: "Jastrow, הִינָּם I"... OK (הינם)
[21.5%] #6451: "Jastrow, הִינָּם II"... duplicate
[21.5%] #6451: "Jastrow, הִינְצִין"... OK (הינצין)
[21.5%] #6452: "Jastrow, הִינָק"... OK (הינק)
[21.5%] #6453: "Jastrow, הֵיסֵב"... OK (היסב)
[21.5%] #6454: "Jastrow, הֶיסֵּב"... duplicate
[21.5%] #6454: "Jastrow, הֶיסֵּחַ"... OK (היסח)
[21.5%] #6455: "Jastrow, הֶיסֵּט"... OK (היסט)
[21.5%] #6456: "Jastrow, הֶיסֵּטָא"... OK (היסטא)
[21.5%] #6457: "Jastrow, הֶיסֵּיטוֹת"... OK (היסיטות)
[21.5%] #6458: "Jastrow, הֶיסֵּק"... OK (היסק)
[21.5%] #6459: "Jastrow, הֶיסֵּת"... OK (היסת)
[21.5%] #6460: "Jastrow, הִיפָּטִיקוֹס"... OK (היפטיקוס)
[21.5%] #6461: "Jastrow, הֵיפֶךְ"... OK (היפך)
[21.5%] #6462: "Jastrow, הֵיפֵר"... OK (היפר)
[21.5%] #6463: "Jastrow, היפרכון"... OK (היפרכון)
[21.5%] #6464: "Jastrow, הִיפַּרְכְיָא"... OK (היפרכיא)
[21.5%] #6465: "Jastrow, הֵיקִים"... OK (היקים)
[21.6%] #6466: "Jastrow, הֶיקֵּיף"... OK (היקיף)
[21.6%] #6467: "Jastrow, הֵיקֵם"... OK (היקם)
[21.6%] #6468: "Jastrow, הֶיקֵּף"... OK (היקף)
[21.6%] #6469: "Jastrow, הֶיקֵּפָא"... OK (היקפא)
[21.6%] #6470: "Jastrow, הֶיקֵּשׁ"... OK (היקש)
[21.6%] #6471: "Jastrow, הֶיקֵּשָׁא"... OK (היקשא)
[21.6%] #6472: "Jastrow, הִירְדּוּף"... OK (הירדוף)
[21.6%] #6473: "Jastrow, הירדופני"... OK (הירדופני)
[21.6%] #6474: "Jastrow, הִירְהוּן"... OK (הירהון)
[21.6%] #6475: "Jastrow, הִירְהוּר"... OK (הירהור)
[21.6%] #6476: "Jastrow, הֵישָׁבוֹן"... OK (הישבון)
[21.6%] #6477: "Jastrow, הֶיתֵּיר"... OK (היתיר)
[21.6%] #6478: "Jastrow, הִיתְלוּ"... OK (היתלו)
[21.6%] #6479: "Jastrow, הֶיתֵּר"... OK (היתר)
[21.6%] #6480: "Jastrow, הֶיתֵּרָא"... OK (היתרא)
[21.6%] #6481: "Jastrow, הַךְ"... OK (הך)
[21.6%] #6482: "Jastrow, הָךְ"... duplicate
[21.6%] #6482: "Jastrow, הָכָא"... OK (הכא)
[21.6%] #6483: "Jastrow, הַכָּאָה"... OK (הכאה)
[21.6%] #6484: "Jastrow, הכאכא"... OK (הכאכא)
[21.6%] #6485: "Jastrow, הִכְדֵין"... OK (הכדין)
[21.6%] #6486: "Jastrow, הכחכא"... OK (הכחכא)
[21.6%] #6487: "Jastrow, הֶכְחֵישׁ"... OK (הכחיש)
[21.6%] #6488: "Jastrow, הַכְחָשָׁה"... OK (הכחשה)
[21.6%] #6489: "Jastrow, הָכִי"... OK (הכי)
[21.6%] #6490: "Jastrow, הַכָּיָיה"... OK (הכייה)
[21.6%] #6491: "Jastrow, הָכֵין  I, II"... OK (הכין)
[21.6%] #6492: "Jastrow, *הֲכִינָה"... OK (הכינה)
[21.6%] #6493: "Jastrow, הָכֵינִי"... OK (הכיני)
[21.6%] #6494: "Jastrow, הָכֵיצַד"... OK (הכיצד)
[21.6%] #6495: "Jastrow, הֶכֵּירָא"... OK (הכירא)
[21.6%] #6496: "Jastrow, הַכֹּל"... OK (הכל)
[21.7%] #6497: "Jastrow, הַכְמָנָה"... OK (הכמנה)
[21.7%] #6498: "Jastrow, הָכֵן"... OK (הכן)
[21.7%] #6499: "Jastrow, הָכֵן ²"... duplicate
[21.7%] #6499: "Jastrow, הֲכָנָה"... OK (הכנה)
[21.7%] #6500: "Jastrow, הַכְנָסָה"... OK (הכנסה)
[21.7%] #6501: "Jastrow, הַכֶּר"... OK (הכר)
[21.7%] #6502: "Jastrow, הכרא"... OK (הכרא)
[21.7%] #6503: "Jastrow, הַכָּרָה"... OK (הכרה)
[21.7%] #6504: "Jastrow, הַכְרָזָה"... OK (הכרזה)
[21.7%] #6505: "Jastrow, הֶכְרֵיעַ"... OK (הכריע)
[21.7%] #6506: "Jastrow, הֶכְרַע"... OK (הכרע)
[21.7%] #6507: "Jastrow, הַכְרָעָה"... OK (הכרעה)
[21.7%] #6508: "Jastrow, הֶכְשֵׁיר"... OK (הכשיר)
[21.7%] #6509: "Jastrow, הֶכְשֵׁירָא"... OK (הכשירא)
[21.7%] #6510: "Jastrow, הַכְשָׁרָה"... OK (הכשרה)
[21.7%] #6511: "Jastrow, הֶכְשֵׁרוּת"... OK (הכשרות)
[21.7%] #6512: "Jastrow, הַלּ־"... OK (הל)
[21.7%] #6513: "Jastrow, הל"... duplicate
[21.7%] #6513: "Jastrow, הָלָא"... OK (הלא)
[21.7%] #6514: "Jastrow, הֲלָא"... duplicate
[21.7%] #6514: "Jastrow, הֶלְבּוֹן"... OK (הלבון)
[21.7%] #6515: "Jastrow, הלבשוש"... OK (הלבשוש)
[21.7%] #6516: "Jastrow, הָלָה"... OK (הלה)
[21.7%] #6517: "Jastrow, הַלְהוּלְתָּא"... OK (הלהולתא)
[21.7%] #6518: "Jastrow, הַלְוָאָה"... OK (הלואה)
[21.7%] #6519: "Jastrow, הַלְוַאי"... OK (הלואי)
[21.7%] #6520: "Jastrow, הַלְוָיָה"... OK (הלויה)
[21.7%] #6521: "Jastrow, הִלּוּךְ"... OK (הלוך)
[21.7%] #6522: "Jastrow, הָלוּם"... OK (הלום)
[21.7%] #6523: "Jastrow, הֲלוֹם"... duplicate
[21.7%] #6523: "Jastrow, הַלָּז"... OK (הלז)
[21.7%] #6524: "Jastrow, הֲלָזָה"... OK (הלזה)
[21.7%] #6525: "Jastrow, הַלֵּזוּ"... OK (הלזו)
  [Saved progress: 6525 entries]
[21.8%] #6526: "Jastrow, *הַלְטָאָה"... OK (הלטאה)
[21.8%] #6527: "Jastrow, הַלְטָתָא"... OK (הלטתא)
[21.8%] #6528: "Jastrow, הֲלִי"... OK (הלי)
[21.8%] #6529: "Jastrow, הִלְיוֹנִי"... OK (הליוני)
[21.8%] #6530: "Jastrow, הִלְיַיסְטוֹן"... OK (הלייסטון)
[21.8%] #6531: "Jastrow, הֲלִיךְ"... OK (הליך)
[21.8%] #6532: "Jastrow, הֲלִיכָה"... OK (הליכה)
[21.8%] #6533: "Jastrow, הֲלִיכְתָּא"... OK (הליכתא)
[21.8%] #6534: "Jastrow, הַלֵּילָא"... OK (הלילא)
[21.8%] #6535: "Jastrow, הליס"... OK (הליס)
[21.8%] #6536: "Jastrow, הליסטיון"... OK (הליסטיון)
[21.8%] #6537: "Jastrow, הֵלֵךְ"... OK (הלך)
[21.8%] #6538: "Jastrow, הָלֵין"... OK (הלין)
[21.8%] #6539: "Jastrow, הִלֵּין"... duplicate
[21.8%] #6539: "Jastrow, הָלַךְ"... duplicate
[21.8%] #6539: "Jastrow, הֲלַךְ"... duplicate
[21.8%] #6539: "Jastrow, הֲלָךְ"... duplicate
[21.8%] #6539: "Jastrow, הֵלֶךְ"... duplicate
[21.8%] #6539: "Jastrow, הָלְכָא"... OK (הלכא)
[21.8%] #6540: "Jastrow, הֲלָכָה"... OK (הלכה)
[21.8%] #6541: "Jastrow, הִלְכוּת"... OK (הלכות)
[21.8%] #6542: "Jastrow, הִלְכָךְ"... OK (הלכך)
[21.8%] #6543: "Jastrow, *הַלְכְּשִׁישׁ"... OK (הלכשיש)
[21.8%] #6544: "Jastrow, הִלְכְתָא"... OK (הלכתא)
[21.8%] #6545: "Jastrow, הִלֵּל"... OK (הלל)
[21.8%] #6546: "Jastrow, הָלַל"... duplicate
[21.8%] #6546: "Jastrow, הַלֵּל"... duplicate
[21.8%] #6546: "Jastrow, הַלֵּלָא"... OK (הללא)
[21.8%] #6547: "Jastrow, הָלַם"... OK (הלם)
[21.8%] #6548: "Jastrow, הַלְמָה"... OK (הלמה)
[21.8%] #6549: "Jastrow, הַלְמִי"... OK (הלמי)
[21.8%] #6550: "Jastrow, הַלָּן"... OK (הלן)
[21.8%] #6551: "Jastrow, הֲלָנָה"... OK (הלנה)
[21.8%] #6552: "Jastrow, הַלָּנָה"... duplicate
[21.8%] #6552: "Jastrow, הִלְנִי"... OK (הלני)
[21.8%] #6553: "Jastrow, הַלְעָטָה"... OK (הלעטה)
[21.8%] #6554: "Jastrow, הלפשיש"... OK (הלפשיש)
[21.8%] #6555: "Jastrow, הֶלְקֵט"... OK (הלקט)
[21.9%] #6556: "Jastrow, הַלְקֵיט"... OK (הלקיט)
[21.9%] #6557: "Jastrow, הַלְקָשָׁה"... OK (הלקשה)
[21.9%] #6558: "Jastrow, הֵם"... OK (הם)
[21.9%] #6559: "Jastrow, הֲמָא"... OK (המא)
[21.9%] #6560: "Jastrow, הֵמַג"... OK (המג)
[21.9%] #6561: "Jastrow, הַמְגַּנְיָא"... OK (המגניא)
[21.9%] #6562: "Jastrow, הַמְדַּאי"... OK (המדאי)
[21.9%] #6563: "Jastrow, הַמְדּוּדֵי"... OK (המדודי)
[21.9%] #6564: "Jastrow, הַמְדּוּרֵי"... OK (המדורי)
[21.9%] #6565: "Jastrow, המדך"... OK (המדך)
[21.9%] #6566: "Jastrow, הַמְדָּן"... OK (המדן)
[21.9%] #6567: "Jastrow, הָמָה"... OK (המה)
[21.9%] #6568: "Jastrow, הָמוֹן"... OK (המון)
[21.9%] #6569: "Jastrow, הָמוֹן ²"... duplicate
[21.9%] #6569: "Jastrow, הֲמוֹנוּת"... OK (המונות)
[21.9%] #6570: "Jastrow, המונייא"... OK (המונייא)
[21.9%] #6571: "Jastrow, הֵמְטַלְיָא"... OK (המטליא)
[21.9%] #6572: "Jastrow, המי"... OK (המי)
[21.9%] #6573: "Jastrow, המי ²"... duplicate
[21.9%] #6573: "Jastrow, הֶמְיָה"... OK (המיה)
[21.9%] #6574: "Jastrow, הֵמְיוֹנָס"... OK (המיונס)
[21.9%] #6575: "Jastrow, הֶמְיָיה"... OK (המייה)
[21.9%] #6576: "Jastrow, הֶמְיָין"... OK (המיין)
[21.9%] #6577: "Jastrow, הִמְיָינָא"... OK (המיינא)
[21.9%] #6578: "Jastrow, המיינטון"... OK (המיינטון)
[21.9%] #6579: "Jastrow, *הֵמְיִיפּוֹס"... OK (המייפוס)
[21.9%] #6580: "Jastrow, הָמִים"... OK (המים)
[21.9%] #6581: "Jastrow, הִמִין"... OK (המין)
[21.9%] #6582: "Jastrow, הִמְיָנָא"... OK (המינא)
[21.9%] #6583: "Jastrow, הֵמִינָא"... duplicate
[21.9%] #6583: "Jastrow, המיסו"... OK (המיסו)
[21.9%] #6584: "Jastrow, הֲמִיצְתָּא"... OK (המיצתא)
[21.9%] #6585: "Jastrow, המירום"... OK (המירום)
[21.9%] #6586: "Jastrow, הֲמִירָם"... OK (המירם)
[22.0%] #6587: "Jastrow, המירס"... OK (המירס)
[22.0%] #6588: "Jastrow, הַמְלְטָא"... OK (המלטא)
[22.0%] #6589: "Jastrow, הֲמַלְתָּא"... OK (המלתא)
[22.0%] #6590: "Jastrow, הָמַם"... OK (המם)
[22.0%] #6591: "Jastrow, הֲמַם I"... duplicate
[22.0%] #6591: "Jastrow, הֲמַם II"... duplicate
[22.0%] #6591: "Jastrow, הֲמָמָא"... OK (הממא)
[22.0%] #6592: "Jastrow, הֲמָמָה"... OK (הממה)
[22.0%] #6593: "Jastrow, הָמָן"... OK (המן)
[22.0%] #6594: "Jastrow, הִמְנוֹן"... OK (המנון)
[22.0%] #6595: "Jastrow, המנוכא"... OK (המנוכא)
[22.0%] #6596: "Jastrow, הַמְנוּנָא"... OK (המנונא)
[22.0%] #6597: "Jastrow, הַמְנִיכָא"... OK (המניכא)
[22.0%] #6598: "Jastrow, *הַמְנֵיק"... OK (המניק)
[22.0%] #6599: "Jastrow, המסי"... OK (המסי)
[22.0%] #6600: "Jastrow, הֶמְסֵיסָא"... OK (המסיסא)
[22.0%] #6601: "Jastrow, הֲמַסְמָסָה"... OK (המסמסה)
[22.0%] #6602: "Jastrow, הֶמְסֵס"... OK (המסס)
[22.0%] #6603: "Jastrow, הֶמְסֵסָא"... OK (המססא)
[22.0%] #6604: "Jastrow, הַמְעִיסָה"... OK (המעיסה)
[22.0%] #6605: "Jastrow, *הֲמַר"... OK (המר)
[22.0%] #6606: "Jastrow, הַמְרָאָה I"... OK (המראה)
[22.0%] #6607: "Jastrow, הַמְרָאָה II"... duplicate
[22.0%] #6607: "Jastrow, הֲמָרָה"... OK (המרה)
[22.0%] #6608: "Jastrow, הַמְרָיָה"... OK (המריה)
[22.0%] #6609: "Jastrow, הַמְרָכָה"... OK (המרכה)
[22.0%] #6610: "Jastrow, הַמְשָׁכָה"... OK (המשכה)
[22.0%] #6611: "Jastrow, הַמְתָא"... OK (המתא)
  [Saved progress: 6611 entries]
[22.0%] #6612: "Jastrow, המתגרה"... OK (המתגרה)
[22.0%] #6613: "Jastrow, הֵן"... OK (הן)
[22.0%] #6614: "Jastrow, הֵן ²"... duplicate
[22.0%] #6614: "Jastrow, הָן"... duplicate
[22.0%] #6614: "Jastrow, הֲנָא"... OK (הנא)
[22.0%] #6615: "Jastrow, הֲנָאָה I"... OK (הנאה)
[22.1%] #6616: "Jastrow, הֲנָאָה II"... duplicate
[22.1%] #6616: "Jastrow, הֵנַג"... OK (הנג)
[22.1%] #6617: "Jastrow, הִנְדָּאָה"... OK (הנדאה)
[22.1%] #6618: "Jastrow, הִנְדְּבִי"... OK (הנדבי)
[22.1%] #6619: "Jastrow, הִנְדְּוָאָה"... OK (הנדואה)
[22.1%] #6620: "Jastrow, הַנְדֵּז"... OK (הנדז)
[22.1%] #6621: "Jastrow, הַנְדְּזָא"... OK (הנדזא)
[22.1%] #6622: "Jastrow, הנדיוסין"... OK (הנדיוסין)
[22.1%] #6623: "Jastrow, הנדוקא"... OK (הנדוקא)
[22.1%] #6624: "Jastrow, הִנְדִּיקִי"... OK (הנדיקי)
[22.1%] #6625: "Jastrow, הִנְדִּית"... OK (הנדית)
[22.1%] #6626: "Jastrow, הִנְדְּקָא"... OK (הנדקא)
[22.1%] #6627: "Jastrow, הִנְדְּקָאֵי"... OK (הנדקאי)
[22.1%] #6628: "Jastrow, הִנְדְּקוֹקֵי"... OK (הנדקוקי)
[22.1%] #6629: "Jastrow, הַנָּה"... OK (הנה)
[22.1%] #6630: "Jastrow, הִנֵּה"... duplicate
[22.1%] #6630: "Jastrow, הָנָה"... duplicate
[22.1%] #6630: "Jastrow, הַנְהָגָה"... OK (הנהגה)
[22.1%] #6631: "Jastrow, הַנְהוּ"... OK (הנהו)
[22.1%] #6632: "Jastrow, הֲנָחָה"... OK (הנחה)
[22.1%] #6633: "Jastrow, הַנָּחָה"... duplicate
[22.1%] #6633: "Jastrow, הַנֵּי"... OK (הני)
[22.1%] #6634: "Jastrow, הני"... duplicate
[22.1%] #6634: "Jastrow, הֲנִי"... duplicate
[22.1%] #6634: "Jastrow, הֲנָיָיא"... OK (הנייא)
[22.1%] #6635: "Jastrow, הֲנָיָיה"... OK (הנייה)
[22.1%] #6636: "Jastrow, הֲנָיָיה ²"... duplicate
[22.1%] #6636: "Jastrow, הַנְיְיתָא"... OK (הנייתא)
[22.1%] #6637: "Jastrow, הֲנִיפָה"... OK (הניפה)
[22.1%] #6638: "Jastrow, הַנֵּיץ"... OK (הניץ)
[22.1%] #6639: "Jastrow, הַנְיָת"... OK (הנית)
[22.1%] #6640: "Jastrow, הַנָּךְ"... OK (הנך)
[22.1%] #6641: "Jastrow, הַנְכָּיָה"... OK (הנכיה)
[22.1%] #6642: "Jastrow, הִנָּם"... OK (הנם)
[22.1%] #6643: "Jastrow, הַנָּן"... OK (הנן)
[22.1%] #6644: "Jastrow, הָנֵף"... OK (הנף)
[22.1%] #6645: "Jastrow, הֲנָפָה"... OK (הנפה)
[22.1%] #6646: "Jastrow, הֶנְפֵּק"... OK (הנפק)
[22.2%] #6647: "Jastrow, הַנֵּץ"... OK (הנץ)
[22.2%] #6648: "Jastrow, הָנֵץ"... duplicate
[22.2%] #6648: "Jastrow, הֲנָצָה"... OK (הנצה)
[22.2%] #6649: "Jastrow, הַנְתּוּכִין"... OK (הנתוכין)
[22.2%] #6650: "Jastrow, הֶסֵּב"... OK (הסב)
[22.2%] #6651: "Jastrow, הֶסֵּבָּה"... OK (הסבה)
[22.2%] #6652: "Jastrow, הֶסֵּבָּה II"... duplicate
[22.2%] #6652: "Jastrow, הֶסְגֵּר"... OK (הסגר)
[22.2%] #6653: "Jastrow, הַסְגָּרָה"... OK (הסגרה)
[22.2%] #6654: "Jastrow, הָסָה"... OK (הסה)
[22.2%] #6655: "Jastrow, הסוקים"... OK (הסוקים)
[22.2%] #6656: "Jastrow, הַסְחוּס"... OK (הסחוס)
[22.2%] #6657: "Jastrow, הֶסֵּט"... OK (הסט)
[22.2%] #6658: "Jastrow, *הַסְטָא"... OK (הסטא)
[22.2%] #6659: "Jastrow, הֶסֵּיבָּה"... OK (הסיבה)
[22.2%] #6660: "Jastrow, הֶסֵּיחַ"... OK (הסיח)
[22.2%] #6661: "Jastrow, הֶסֵּיעַ"... OK (הסיע)
[22.2%] #6662: "Jastrow, הֲסַם"... OK (הסם)
[22.2%] #6663: "Jastrow, הֶסְפֵּד"... OK (הספד)
[22.2%] #6664: "Jastrow, הֶסְפֵּדָא"... OK (הספדא)
[22.2%] #6665: "Jastrow, הַסָּתָה"... OK (הסתה)
[22.2%] #6666: "Jastrow, הַסְתֵּר"... OK (הסתר)
[22.2%] #6667: "Jastrow, הַעֲבָרָה"... OK (העברה)
[22.2%] #6668: "Jastrow, הַעֲדָאָה"... OK (העדאה)
[22.2%] #6669: "Jastrow, הַעֲדָפָה"... OK (העדפה)
[22.2%] #6670: "Jastrow, הַעֲלָאָה"... OK (העלאה)
[22.2%] #6671: "Jastrow, הֵעָלֵם"... OK (העלם)
[22.2%] #6672: "Jastrow, הַעֲלָמָה"... OK (העלמה)
[22.2%] #6673: "Jastrow, הַעֲמָדָה"... OK (העמדה)
[22.2%] #6674: "Jastrow, הַעֲנֵיק"... OK (העניק)
[22.2%] #6675: "Jastrow, הַעֲרָאָה"... OK (העראה)
[22.3%] #6676: "Jastrow, הַעֲרֵב"... OK (הערב)
[22.3%] #6677: "Jastrow, הַעֲרָבָה"... OK (הערבה)
[22.3%] #6678: "Jastrow, הַעֲרָיָיה"... OK (הערייה)
[22.3%] #6679: "Jastrow, הַעֲרָכָה"... OK (הערכה)
[22.3%] #6680: "Jastrow, הַעֲרָמָה"... OK (הערמה)
[22.3%] #6681: "Jastrow, הֲפוֹךְ"... OK (הפוך)
[22.3%] #6682: "Jastrow, הפות"... OK (הפות)
[22.3%] #6683: "Jastrow, הִפּוֹתִּיקִי"... OK (הפותיקי)
[22.3%] #6684: "Jastrow, הַפְטָרָה"... OK (הפטרה)
[22.3%] #6685: "Jastrow, הָפְיָא"... OK (הפיא)
[22.3%] #6686: "Jastrow, הפיטקי"... OK (הפיטקי)
[22.3%] #6687: "Jastrow, הָפֵיךְ"... OK (הפיך)
[22.3%] #6688: "Jastrow, הֲפִיךְ"... duplicate
[22.3%] #6688: "Jastrow, הָפִיכָא"... OK (הפיכא)
[22.3%] #6689: "Jastrow, הֲפִיכָה"... OK (הפיכה)
[22.3%] #6690: "Jastrow, הֲפִיכוּ"... OK (הפיכו)
[22.3%] #6691: "Jastrow, הֲפֵיכְתָּא"... OK (הפיכתא)
[22.3%] #6692: "Jastrow, הֵפְיָנוֹס"... OK (הפינוס)
[22.3%] #6693: "Jastrow, הָפַךְ"... OK (הפך)
[22.3%] #6694: "Jastrow, הֲפַךְ"... duplicate
[22.3%] #6694: "Jastrow, הֶפֶךְ"... duplicate
[22.3%] #6694: "Jastrow, הֲפֵכָה"... OK (הפכה)
[22.3%] #6695: "Jastrow, הַפְכָנָא"... OK (הפכנא)
[22.3%] #6696: "Jastrow, הֲפַכְפָּךְ"... OK (הפכפך)
[22.3%] #6697: "Jastrow, הֲפַכְפְּכָן"... OK (הפכפכן)
  [Saved progress: 6697 entries]
[22.3%] #6698: "Jastrow, הֲפֵכְתָּא"... OK (הפכתא)
[22.3%] #6699: "Jastrow, הַפְלָאָה"... OK (הפלאה)
[22.3%] #6700: "Jastrow, הֶפְלֵג"... OK (הפלג)
[22.3%] #6701: "Jastrow, הַפְלָגָה"... OK (הפלגה)
[22.3%] #6702: "Jastrow, הֶפְלֵיג"... OK (הפליג)
[22.3%] #6703: "Jastrow, הֶפְסֵד"... OK (הפסד)
[22.3%] #6704: "Jastrow, הֶפְסֵדָא"... OK (הפסדא)
[22.3%] #6705: "Jastrow, הֶפְסֵק"... OK (הפסק)
[22.4%] #6706: "Jastrow, הַפְסָקָה"... OK (הפסקה)
[22.4%] #6707: "Jastrow, הַפְצָא"... OK (הפצא)
[22.4%] #6708: "Jastrow, הֶפְקֵירָא"... OK (הפקירא)
[22.4%] #6709: "Jastrow, הַפְקָעָה"... OK (הפקעה)
[22.4%] #6710: "Jastrow, הֶפְקֵר"... OK (הפקר)
[22.4%] #6711: "Jastrow, הֶפְקֵרָא"... OK (הפקרא)
[22.4%] #6712: "Jastrow, הָפֵר"... OK (הפר)
[22.4%] #6713: "Jastrow, הֲפָרָה"... OK (הפרה)
[22.4%] #6714: "Jastrow, הִפַּרְכָא"... OK (הפרכא)
[22.4%] #6715: "Jastrow, הִפַּרְכוֹס"... OK (הפרכוס)
[22.4%] #6716: "Jastrow, הִפַּרְכְיָא"... OK (הפרכיא)
[22.4%] #6717: "Jastrow, הפרניא"... OK (הפרניא)
[22.4%] #6718: "Jastrow, הֶפְרֵשׁ"... OK (הפרש)
[22.4%] #6719: "Jastrow, הַפְרָשָׁה"... OK (הפרשה)
[22.4%] #6720: "Jastrow, הֶפְשֵׁט"... OK (הפשט)
[22.4%] #6721: "Jastrow, הַפְשָׁטָה"... OK (הפשטה)
[22.4%] #6722: "Jastrow, הֶפְשֵׁיט"... OK (הפשיט)
[22.4%] #6723: "Jastrow, הֶפְשֵׁר"... OK (הפשר)
[22.4%] #6724: "Jastrow, הֶפְתֵּיק"... OK (הפתיק)
[22.4%] #6725: "Jastrow, הפתכו"... OK (הפתכו)
[22.4%] #6726: "Jastrow, הֶפְתֵּק"... OK (הפתק)
[22.4%] #6727: "Jastrow, הַפְתֵּקָא"... OK (הפתקא)
[22.4%] #6728: "Jastrow, הַפְתְּקָא"... duplicate
[22.4%] #6728: "Jastrow, הפתקאות"... OK (הפתקאות)
[22.4%] #6729: "Jastrow, הצאתה"... OK (הצאתה)
[22.4%] #6730: "Jastrow, הַצָּבָה"... OK (הצבה)
[22.4%] #6731: "Jastrow, הַצֶּלְבּוֹנִי"... OK (הצלבוני)
[22.4%] #6732: "Jastrow, הַצָּלָה"... OK (הצלה)
[22.4%] #6733: "Jastrow, הַצְּלֶלְפּוֹנִי"... OK (הצללפוני)
[22.4%] #6734: "Jastrow, הצֶּלְפּוֹנִי"... OK (הצלפוני)
[22.4%] #6735: "Jastrow, הַצְנֵעַ"... OK (הצנע)
[22.4%] #6736: "Jastrow, הַצָּעָה"... OK (הצעה)
[22.5%] #6737: "Jastrow, הַצָּתָה"... OK (הצתה)
[22.5%] #6738: "Jastrow, הַקְבָּלָה"... OK (הקבלה)
[22.5%] #6739: "Jastrow, הֶקְדֵּישׁ"... OK (הקדיש)
[22.5%] #6740: "Jastrow, הַקָּזָה"... OK (הקזה)
[22.5%] #6741: "Jastrow, הֶקְטֵר"... OK (הקטר)
[22.5%] #6742: "Jastrow, הַקְטָרָה"... OK (הקטרה)
[22.5%] #6743: "Jastrow, הֶקֵּיף"... OK (הקיף)
[22.5%] #6744: "Jastrow, הֶקֵּישׁ"... OK (הקיש)
[22.5%] #6745: "Jastrow, הָקֵם"... OK (הקם)
[22.5%] #6746: "Jastrow, הֲקָמָה"... OK (הקמה)
[22.5%] #6747: "Jastrow, הֲקְנָאָה"... OK (הקנאה)
[22.5%] #6748: "Jastrow, הֶקֵּף"... OK (הקף)
[22.5%] #6749: "Jastrow, הַקְפָּדָה"... OK (הקפדה)
[22.5%] #6750: "Jastrow, הַקָּפָה"... OK (הקפה)
[22.5%] #6751: "Jastrow, הֲקָצה I"... OK (הקצה)
[22.5%] #6752: "Jastrow, הֲקָצָה II"... duplicate
[22.5%] #6752: "Jastrow, הָקֵר"... OK (הקר)
[22.5%] #6753: "Jastrow, הַקְרָבָה"... OK (הקרבה)
[22.5%] #6754: "Jastrow, הַקְרָיָה"... OK (הקריה)
[22.5%] #6755: "Jastrow, הֶקֵּשׁ"... OK (הקש)
[22.5%] #6756: "Jastrow, הַקָּשָׁה"... OK (הקשה)
[22.5%] #6757: "Jastrow, הַר"... OK (הר)
[22.5%] #6758: "Jastrow, הֲרָא"... OK (הרא)
[22.5%] #6759: "Jastrow, הַרְבָּה"... OK (הרבה)
[22.5%] #6760: "Jastrow, הַרְבָּעָה"... OK (הרבעה)
[22.5%] #6761: "Jastrow, הָרַג"... OK (הרג)
[22.5%] #6762: "Jastrow, הָרָג"... duplicate
[22.5%] #6762: "Jastrow, הֶרֶג"... duplicate
[22.5%] #6762: "Jastrow, הַרְגֹּוז"... OK (הרגוז)
[22.5%] #6763: "Jastrow, הַרְגִּינִּין"... OK (הרגינין)
[22.5%] #6764: "Jastrow, הֶרְגֵּל"... OK (הרגל)
[22.5%] #6765: "Jastrow, הרגנא"... OK (הרגנא)
[22.6%] #6766: "Jastrow, הַרְגִּנִּין"... OK (הרגנין)
[22.6%] #6767: "Jastrow, הַרְגָּשָׁה"... OK (הרגשה)
[22.6%] #6768: "Jastrow, הַרְגַּת"... OK (הרגת)
[22.6%] #6769: "Jastrow, הִרְדַּאוְלִיס"... OK (הרדאוליס)
[22.6%] #6770: "Jastrow, הַרְדּוּבְלִין"... OK (הרדובלין)
[22.6%] #6771: "Jastrow, הִרְדַּוְלִיס"... OK (הרדוליס)
[22.6%] #6772: "Jastrow, *הִרְדּוּס"... OK (הרדוס)
[22.6%] #6773: "Jastrow, הִרְדּוּף"... OK (הרדוף)
[22.6%] #6774: "Jastrow, הִרְדֹּופָה"... OK (הרדופה)
[22.6%] #6775: "Jastrow, הַרְדֹּופַנֵּי"... OK (הרדופני)
[22.6%] #6776: "Jastrow, הַרְדֹּופַנִּין"... OK (הרדופנין)
[22.6%] #6777: "Jastrow, הַרְדְּסִיאוֹת"... OK (הרדסיאות)
[22.6%] #6778: "Jastrow, *הַרְדָּפָה"... OK (הרדפה)
[22.6%] #6779: "Jastrow, הרדפוני"... OK (הרדפוני)
[22.6%] #6780: "Jastrow, הַרְדַּפְנֵי"... OK (הרדפני)
[22.6%] #6781: "Jastrow, הַרְדְּפַנִּין"... OK (הרדפנין)
[22.6%] #6782: "Jastrow, הָרָה"... OK (הרה)
[22.6%] #6783: "Jastrow, הִרְהוּן I"... OK (הרהון)
[22.6%] #6784: "Jastrow, הרְהוּן II"... duplicate
[22.6%] #6784: "Jastrow, הִרְהוּר"... OK (הרהור)
[22.6%] #6785: "Jastrow, הַרְהוּרָא"... OK (הרהורא)
[22.6%] #6786: "Jastrow, הִרְהֵר"... OK (הרהר)
[22.6%] #6787: "Jastrow, הַרְהֵר"... duplicate
[22.6%] #6787: "Jastrow, הרוגיינ׳"... OK (הרוגיינ)
[22.6%] #6788: "Jastrow, הַרְוֵוחָא"... OK (הרווחא)
[22.6%] #6789: "Jastrow, הַרְוָוחָה"... OK (הרווחה)
[22.6%] #6790: "Jastrow, הרויין"... OK (הרויין)
[22.6%] #6791: "Jastrow, *הֲרוּרִים"... OK (הרורים)
  [Saved progress: 6791 entries]
[22.6%] #6792: "Jastrow, הַרְזְבוֹנִית"... OK (הרזבונית)
[22.6%] #6793: "Jastrow, הַרְזִיפָּא"... OK (הרזיפא)
[22.6%] #6794: "Jastrow, הַרְזיפּוּ"... OK (הרזיפו)
[22.6%] #6795: "Jastrow, הַרְזֵיק"... OK (הרזיק)
[22.7%] #6796: "Jastrow, הַרְזִיקֵי"... OK (הרזיקי)
[22.7%] #6797: "Jastrow, הַרְזֵק"... OK (הרזק)
[22.7%] #6798: "Jastrow, הַרְחָצָה"... OK (הרחצה)
[22.7%] #6799: "Jastrow, הַרְחֵק"... OK (הרחק)
[22.7%] #6800: "Jastrow, הַרְחָקה"... OK (הרחקה)
[22.7%] #6801: "Jastrow, הַרְטָבָה׳"... OK (הרטבה)
[22.7%] #6802: "Jastrow, הֲרֵי I"... OK (הרי)
[22.7%] #6803: "Jastrow, הֲרֵי II"... duplicate
[22.7%] #6803: "Jastrow, הֲרִיגָה"... OK (הריגה)
[22.7%] #6804: "Jastrow, הֲרֵידוֹס"... OK (הרידוס)
[22.7%] #6805: "Jastrow, הֵרָיוֹן"... OK (הריון)
[22.7%] #6806: "Jastrow, הריוסן"... OK (הריוסן)
[22.7%] #6807: "Jastrow, הריית"... OK (הריית)
[22.7%] #6808: "Jastrow, הָרִיס"... OK (הריס)
[22.7%] #6809: "Jastrow, הֲרִיעָה"... OK (הריעה)
[22.7%] #6810: "Jastrow, הֲרִיפָה"... OK (הריפה)
[22.7%] #6811: "Jastrow, הֲרִיפוֹת"... OK (הריפות)
[22.7%] #6812: "Jastrow, הֲרִיקָא"... OK (הריקא)
[22.7%] #6813: "Jastrow, הרך"... OK (הרך)
[22.7%] #6814: "Jastrow, הֶרְכֵּב"... OK (הרכב)
[22.7%] #6815: "Jastrow, הַרְכָּבָה"... OK (הרכבה)
[22.7%] #6816: "Jastrow, הרכיא"... OK (הרכיא)
[22.7%] #6817: "Jastrow, הֶרְכֵּיב"... OK (הרכיב)
[22.7%] #6818: "Jastrow, הַרְכִּינָס"... OK (הרכינס)
[22.7%] #6819: "Jastrow, הַרְכָּנָה"... OK (הרכנה)
[22.7%] #6820: "Jastrow, הֲרָמָה"... OK (הרמה)
[22.7%] #6821: "Jastrow, הַרְמוּצָא"... OK (הרמוצא)
[22.7%] #6822: "Jastrow, הַרְמֵיךְ"... OK (הרמיך)
[22.7%] #6823: "Jastrow, הַרְמִינֵי"... OK (הרמיני)
[22.7%] #6824: "Jastrow, הַרְמֵךְ"... OK (הרמך)
[22.7%] #6825: "Jastrow, הַרְמָנָא"... OK (הרמנא)
[22.8%] #6826: "Jastrow, הַרְמַנְיָא"... OK (הרמניא)
[22.8%] #6827: "Jastrow, הרנגול"... OK (הרנגול)
[22.8%] #6828: "Jastrow, הַרְנוֹגָא"... OK (הרנוגא)
[22.8%] #6829: "Jastrow, הרני"... OK (הרני)
[22.8%] #6830: "Jastrow, הרנירק"... OK (הרנירק)
[22.8%] #6831: "Jastrow, הָרַס"... OK (הרס)
[22.8%] #6832: "Jastrow, הֶרֶס"... duplicate
[22.8%] #6832: "Jastrow, הַרְסָן"... OK (הרסן)
[22.8%] #6833: "Jastrow, הַרְסָנָא"... OK (הרסנא)
[22.8%] #6834: "Jastrow, הֲרָעָה I"... OK (הרעה)
[22.8%] #6835: "Jastrow, הֲרָעָה II"... duplicate
[22.8%] #6835: "Jastrow, הֶרֶף"... OK (הרף)
[22.8%] #6836: "Jastrow, הָרָפָה"... OK (הרפה)
[22.8%] #6837: "Jastrow, הרפותיא"... OK (הרפותיא)
[22.8%] #6838: "Jastrow, הרפיא"... OK (הרפיא)
[22.8%] #6839: "Jastrow, הַרְפַּנְיָא"... OK (הרפניא)
[22.8%] #6840: "Jastrow, הַרְפַּתְקָא"... OK (הרפתקא)
[22.8%] #6841: "Jastrow, הַרְצָאָה"... OK (הרצאה)
[22.8%] #6842: "Jastrow, הַרְקָדָה"... OK (הרקדה)
[22.8%] #6843: "Jastrow, הרקיא"... OK (הרקיא)
[22.8%] #6844: "Jastrow, הֶרְקֵיד"... OK (הרקיד)
[22.8%] #6845: "Jastrow, *הֱרַקְלִיאוֹפּוֹלִיס"... OK (הרקליאופוליס)
[22.8%] #6846: "Jastrow, הֶרֶר"... OK (הרר)
[22.8%] #6847: "Jastrow, הַרְשָׁאָה"... OK (הרשאה)
[22.8%] #6848: "Jastrow, *הֶרֶת"... OK (הרת)
[22.8%] #6849: "Jastrow, הַרְתָּא"... OK (הרתא)
[22.8%] #6850: "Jastrow, הרתת"... OK (הרתת)
[22.8%] #6851: "Jastrow, הָשֵׁב"... OK (השב)
[22.8%] #6852: "Jastrow, הֲשָׁבָה"... OK (השבה)
[22.8%] #6853: "Jastrow, הֵשָׁבוֹן"... OK (השבון)
[22.8%] #6854: "Jastrow, הַשְׁבָּתָה"... OK (השבתה)
[22.8%] #6855: "Jastrow, הֶשֵּׂג"... OK (השג)
[22.9%] #6856: "Jastrow, הַשָּׂגָה"... OK (השגה)
[22.9%] #6857: "Jastrow, הַשְׁגָּרָה"... OK (השגרה)
[22.9%] #6858: "Jastrow, הַשְׁחָרָה"... OK (השחרה)
[22.9%] #6859: "Jastrow, הַשְׁחֵת"... OK (השחת)
[22.9%] #6860: "Jastrow, הַשְׁחָתָה"... OK (השחתה)
[22.9%] #6861: "Jastrow, הֶשֵּׂיאָה"... OK (השיאה)
[22.9%] #6862: "Jastrow, הָשֵׁיב"... OK (השיב)
[22.9%] #6863: "Jastrow, הַשְׂכֵּל"... OK (השכל)
[22.9%] #6864: "Jastrow, הַשְׂכָּלָה"... OK (השכלה)
[22.9%] #6865: "Jastrow, הַשְׁכָּמָה"... OK (השכמה)
[22.9%] #6866: "Jastrow, הַשְׁלָחָה"... OK (השלחה)
[22.9%] #6867: "Jastrow, הַשְׁלָכָה"... OK (השלכה)
[22.9%] #6868: "Jastrow, הַשְׁלָמָה"... OK (השלמה)
[22.9%] #6869: "Jastrow, הַשְׁמֵד"... OK (השמד)
[22.9%] #6870: "Jastrow, הַשְׁמָדָה"... OK (השמדה)
[22.9%] #6871: "Jastrow, הֲשָׂמָה"... OK (השמה)
[22.9%] #6872: "Jastrow, הַשְׁמֵט"... OK (השמט)
[22.9%] #6873: "Jastrow, הַשְׁמָטָה"... OK (השמטה)
[22.9%] #6874: "Jastrow, *הֲשָׁפָה"... OK (השפה)
[22.9%] #6875: "Jastrow, הַשְׁפָּלָה"... OK (השפלה)
[22.9%] #6876: "Jastrow, הַשְׁפִּעַ"... OK (השפע)
[22.9%] #6877: "Jastrow, הַשְׁקָאָה"... OK (השקאה)
[22.9%] #6878: "Jastrow, הַשָּׁקָה"... OK (השקה)
[22.9%] #6879: "Jastrow, הַשְׁקָיָה"... OK (השקיה)
[22.9%] #6880: "Jastrow, הַשְׁקָפָה"... OK (השקפה)
[22.9%] #6881: "Jastrow, הַשְׁרָשָׁה"... OK (השרשה)
[22.9%] #6882: "Jastrow, הַשְׁתָּא"... OK (השתא)
[22.9%] #6883: "Jastrow, הִשְׁתַּחֲוָאָה"... OK (השתחואה)
[22.9%] #6884: "Jastrow, הִשְׁתַּלֵּחַ"... OK (השתלח)
[22.9%] #6885: "Jastrow, הִשְׁתַּלַּחַת"... OK (השתלחת)
[22.9%] #6886: "Jastrow, השתק"... OK (השתק)
[23.0%] #6887: "Jastrow, *הֲתוֹבְתָּא"... OK (התובתא)
[23.0%] #6888: "Jastrow, הַתָּזָה"... OK (התזה)
  [Saved progress: 6888 entries]
[23.0%] #6889: "Jastrow, הַתְחָלָה"... OK (התחלה)
[23.0%] #6890: "Jastrow, הֶתֵּיר"... OK (התיר)
[23.0%] #6891: "Jastrow, התך"... OK (התך)
[23.0%] #6892: "Jastrow, הַתְלִיטִיס"... OK (התליטיס)
[23.0%] #6893: "Jastrow, הַתְלָעָה"... OK (התלעה)
[23.0%] #6894: "Jastrow, הָתָם"... OK (התם)
[23.0%] #6895: "Jastrow, *התם"... duplicate
[23.0%] #6895: "Jastrow, הַתְקָנָה"... OK (התקנה)
[23.0%] #6896: "Jastrow, הֶתֵּר"... OK (התר)
[23.0%] #6897: "Jastrow, הַתְרָאָה"... OK (התראה)
[23.0%] #6898: "Jastrow, הַתָּרָה"... OK (התרה)
[23.0%] #6899: "Jastrow, הַתְרָיָה"... OK (התריה)
[23.0%] #6900: "Jastrow, הַתְרָעָה"... OK (התרעה)
[23.0%] #6901: "Jastrow, ו"... OK (ו)
[23.0%] #6902: "Jastrow, ו׳"... duplicate
[23.0%] #6902: "Jastrow, וְ"... duplicate
[23.0%] #6902: "Jastrow, וָוא"... OK (ווא)
[23.0%] #6903: "Jastrow, וא"ו"... OK (ואו)
[23.0%] #6904: "Jastrow, וַאי"... OK (ואי)
[23.0%] #6905: "Jastrow, וְאֵלֶּה"... OK (ואלה)
[23.0%] #6906: "Jastrow, וָאלִי"... OK (ואלי)
[23.0%] #6907: "Jastrow, וָאנַי"... OK (ואני)
[23.0%] #6908: "Jastrow, וַארְךּוּנְיָא"... OK (וארךוניא)
[23.0%] #6909: "Jastrow, ובא"... OK (ובא)
[23.0%] #6910: "Jastrow, וביבא"... OK (וביבא)
[23.0%] #6911: "Jastrow, וגוהי"... OK (וגוהי)
[23.0%] #6912: "Jastrow, וַדָּאָה"... OK (ודאה)
[23.0%] #6913: "Jastrow, וַדַּאי"... OK (ודאי)
[23.0%] #6914: "Jastrow, וָדָה"... OK (ודה)
[23.0%] #6915: "Jastrow, וַודַּי"... OK (וודי)
[23.1%] #6916: "Jastrow, ודי"... OK (ודי)
[23.1%] #6917: "Jastrow, ודנין"... OK (ודנין)
[23.1%] #6918: "Jastrow, וָדַע"... OK (ודע)
[23.1%] #6919: "Jastrow, וודעא"... OK (וודעא)
[23.1%] #6920: "Jastrow, וָוה"... OK (ווה)
[23.1%] #6921: "Jastrow, וָהּ"... OK (וה)
[23.1%] #6922: "Jastrow, וָו"... OK (וו)
[23.1%] #6923: "Jastrow, וָו ²"... duplicate
[23.1%] #6923: "Jastrow, ווּ־"... duplicate
[23.1%] #6923: "Jastrow, וזרד"... OK (וזרד)
[23.1%] #6924: "Jastrow, וחי"... OK (וחי)
[23.1%] #6925: "Jastrow, וחר"... OK (וחר)
[23.1%] #6926: "Jastrow, *וטוּב"... OK (וטוב)
[23.1%] #6927: "Jastrow, ווּס"... OK (ווס)
[23.1%] #6928: "Jastrow, וַי"... OK (וי)
[23.1%] #6929: "Jastrow, וָיָא"... OK (ויא)
[23.1%] #6930: "Jastrow, וַיְדַבֵּר"... OK (וידבר)
[23.1%] #6931: "Jastrow, וִידּוּי"... OK (וידוי)
[23.1%] #6932: "Jastrow, וַיי"... OK (ויי)
[23.1%] #6933: "Jastrow, וייאדן"... OK (וייאדן)
[23.1%] #6934: "Jastrow, וַיְידָּא"... OK (ויידא)
[23.1%] #6935: "Jastrow, ויירינון"... OK (ויירינון)
[23.1%] #6936: "Jastrow, וַיְיתָנַיָּא"... OK (וייתניא)
[23.1%] #6937: "Jastrow, וִילָאוֹת"... OK (וילאות)
[23.1%] #6938: "Jastrow, וִילוֹן"... OK (וילון)
[23.1%] #6939: "Jastrow, וילסאות"... OK (וילסאות)
[23.1%] #6940: "Jastrow, וַינוּן"... OK (וינון)
[23.1%] #6941: "Jastrow, וַיָּנַיָּא"... OK (ויניא)
[23.1%] #6942: "Jastrow, וִיס"... OK (ויס)
[23.1%] #6943: "Jastrow, ויסיט"... OK (ויסיט)
[23.1%] #6944: "Jastrow, ויסלאות"... OK (ויסלאות)
[23.1%] #6945: "Jastrow, וִיעוּד"... OK (ויעוד)
[23.2%] #6946: "Jastrow, וַיִּקְרָא"... OK (ויקרא)
[23.2%] #6947: "Jastrow, וִיתּוּר"... OK (ויתור)
[23.2%] #6948: "Jastrow, וִיתִּינְיָא"... OK (ויתיניא)
[23.2%] #6949: "Jastrow, ויתיקין"... OK (ויתיקין)
[23.2%] #6950: "Jastrow, וויתירה"... OK (וויתירה)
[23.2%] #6951: "Jastrow, וַויְתָנַיָּא"... OK (וויתניא)
[23.2%] #6952: "Jastrow, וִיתֵּק"... OK (ויתק)
[23.2%] #6953: "Jastrow, וִיתָּרוֹן"... OK (ויתרון)
[23.2%] #6954: "Jastrow, וָכַח"... OK (וכח)
[23.2%] #6955: "Jastrow, וֵול"... OK (וול)
[23.2%] #6956: "Jastrow, וָלָא"... OK (ולא)
[23.2%] #6957: "Jastrow, וָלַד"... OK (ולד)
[23.2%] #6958: "Jastrow, וָלָד"... duplicate
[23.2%] #6958: "Jastrow, וְלַד"... duplicate
[23.2%] #6958: "Jastrow, וַולְדָּנִית"... OK (וולדנית)
[23.2%] #6959: "Jastrow, וָולִיס"... OK (ווליס)
[23.2%] #6960: "Jastrow, ווּס ²"... duplicate
[23.2%] #6960: "Jastrow, וֶסֶת"... OK (וסת)
[23.2%] #6961: "Jastrow, וֶוסְתָּא"... OK (ווסתא)
[23.2%] #6962: "Jastrow, וַוסְתַּנְיָא"... OK (ווסתניא)
[23.2%] #6963: "Jastrow, *וֶוסְתָּנִית"... OK (ווסתנית)
[23.2%] #6964: "Jastrow, וָעַד"... OK (ועד)
[23.2%] #6965: "Jastrow, וַעַד"... duplicate
[23.2%] #6965: "Jastrow, וַועֲדָא"... OK (וועדא)
[23.2%] #6966: "Jastrow, וְעָדָה"... OK (ועדה)
[23.2%] #6967: "Jastrow, ועדוין"... OK (ועדוין)
[23.2%] #6968: "Jastrow, וְעוֹד"... OK (ועוד)
[23.2%] #6969: "Jastrow, וְעוֹדִי"... OK (ועודי)
[23.2%] #6970: "Jastrow, ועי"... OK (ועי)
[23.2%] #6971: "Jastrow, וועידא"... OK (וועידא)
[23.2%] #6972: "Jastrow, וועצא"... OK (וועצא)
[23.2%] #6973: "Jastrow, ווקלטה"... OK (ווקלטה)
[23.2%] #6974: "Jastrow, וקתא"... OK (וקתא)
[23.2%] #6975: "Jastrow, *וֶרֶד I"... OK (ורד)
[23.3%] #6976: "Jastrow, וֶרֶד II"... duplicate
[23.3%] #6976: "Jastrow, וְרַד"... duplicate
[23.3%] #6976: "Jastrow, וַורְדָּאן"... OK (וורדאן)
[23.3%] #6977: "Jastrow, וַרְדּוּנְיָא"... OK (ורדוניא)
  [Saved progress: 6977 entries]
[23.3%] #6978: "Jastrow, וַרְדִּימוֹס"... OK (ורדימוס)
[23.3%] #6979: "Jastrow, וַרְדִּינָא I"... OK (ורדינא)
[23.3%] #6980: "Jastrow, וַרְדִּינָא II"... duplicate
[23.3%] #6980: "Jastrow, וַרְדִּינָאָה"... OK (ורדינאה)
[23.3%] #6981: "Jastrow, וַרְדָּנָא"... OK (ורדנא)
[23.3%] #6982: "Jastrow, וַורְדַּנְיָא"... OK (וורדניא)
[23.3%] #6983: "Jastrow, וָרִיד"... OK (וריד)
[23.3%] #6984: "Jastrow, וָרִיר"... OK (וריר)
[23.3%] #6985: "Jastrow, *וִורְשְׁכָא"... OK (וורשכא)
[23.3%] #6986: "Jastrow, וֶשֶׁט"... OK (ושט)
[23.3%] #6987: "Jastrow, וֶשְׁטָא"... OK (ושטא)
[23.3%] #6988: "Jastrow, וַת"... OK (ות)
[23.3%] #6989: "Jastrow, וַתְּ"... duplicate
[23.3%] #6989: "Jastrow, וָוְתָא"... OK (וותא)
[23.3%] #6990: "Jastrow, וְתוּנְיָא"... OK (ותוניא)
[23.3%] #6991: "Jastrow, ותוקין"... OK (ותוקין)
[23.3%] #6992: "Jastrow, ותיא"... OK (ותיא)
[23.3%] #6993: "Jastrow, וַתְּיָיא"... OK (ותייא)
[23.3%] #6994: "Jastrow, וָותִינָא"... OK (וותינא)
[23.3%] #6995: "Jastrow, וְתִינְיָא"... OK (ותיניא)
[23.3%] #6996: "Jastrow, וְתִינְיָיקִי"... OK (ותינייקי)
[23.3%] #6997: "Jastrow, וָתִיק"... OK (ותיק)
[23.3%] #6998: "Jastrow, וַתִּיקָא"... OK (ותיקא)
[23.3%] #6999: "Jastrow, ותירייקי"... OK (ותירייקי)
[23.3%] #7000: "Jastrow, וַתְּמַר"... OK (ותמר)
[23.3%] #7001: "Jastrow, וָותָנָא"... OK (וותנא)
[23.3%] #7002: "Jastrow, וְתַנְיָה"... OK (ותניה)
[23.3%] #7003: "Jastrow, וְתַק"... OK (ותק)
[23.3%] #7004: "Jastrow, וָתַר"... OK (ותר)
[23.3%] #7005: "Jastrow, וְתַר"... duplicate
[23.3%] #7005: "Jastrow, וַתְּרָן"... OK (ותרן)
[23.4%] #7006: "Jastrow, ז"... OK (ז)
[23.4%] #7007: "Jastrow, זְאֵב"... OK (זאב)
[23.4%] #7008: "Jastrow, זָאזָא"... OK (זאזא)
[23.4%] #7009: "Jastrow, זַאֲטוּט"... OK (זאטוט)
[23.4%] #7010: "Jastrow, זְאֵיב"... OK (זאיב)
[23.4%] #7011: "Jastrow, זְאַר"... OK (זאר)
[23.4%] #7012: "Jastrow, זֹאת"... OK (זאת)
[23.4%] #7013: "Jastrow, ז"ב"... OK (זב)
[23.4%] #7014: "Jastrow, זָב"... duplicate
[23.4%] #7014: "Jastrow, זְבַד"... OK (זבד)
[23.4%] #7015: "Jastrow, זַבְדָּא"... OK (זבדא)
[23.4%] #7016: "Jastrow, זַבְדַּאי"... OK (זבדאי)
[23.4%] #7017: "Jastrow, זַבְדַּי"... OK (זבדי)
[23.4%] #7018: "Jastrow, זְבַדְיָה"... OK (זבדיה)
[23.4%] #7019: "Jastrow, זַבְדִּין"... OK (זבדין)
[23.4%] #7020: "Jastrow, זָבָה"... OK (זבה)
[23.4%] #7021: "Jastrow, זְבוּב"... OK (זבוב)
[23.4%] #7022: "Jastrow, *זְבוּגָא"... OK (זבוגא)
[23.4%] #7023: "Jastrow, זָבוּד"... OK (זבוד)
[23.4%] #7024: "Jastrow, זְבוּדָא"... OK (זבודא)
[23.4%] #7025: "Jastrow, זבוזין"... OK (זבוזין)
[23.4%] #7026: "Jastrow, זְבוּל"... OK (זבול)
[23.4%] #7027: "Jastrow, זְבוּלוּן"... OK (זבולון)
[23.4%] #7028: "Jastrow, זְבוּנָא"... OK (זבונא)
[23.4%] #7029: "Jastrow, זִבּוּנָא"... duplicate
[23.4%] #7029: "Jastrow, זָבוֹנָא"... duplicate
[23.4%] #7029: "Jastrow, זַבּוּנֵי"... OK (זבוני)
[23.4%] #7030: "Jastrow, זִבּוֹרָא"... OK (זבורא)
[23.4%] #7031: "Jastrow, זִבּוּרִית"... OK (זבורית)
[23.4%] #7032: "Jastrow, *זַבְזְגָא"... OK (זבזגא)
[23.4%] #7033: "Jastrow, זָבַח"... OK (זבח)
[23.4%] #7034: "Jastrow, זֶבַח"... duplicate
[23.4%] #7034: "Jastrow, זְבִיד"... OK (זביד)
[23.4%] #7035: "Jastrow, זְבִידָא"... OK (זבידא)
[23.4%] #7036: "Jastrow, זְבִיחָה"... OK (זביחה)
[23.5%] #7037: "Jastrow, זְבַֹיִּךְ"... OK (זביך)
[23.5%] #7038: "Jastrow, זַבִּילָא"... OK (זבילא)
[23.5%] #7039: "Jastrow, זְבִילָא"... duplicate
[23.5%] #7039: "Jastrow, זְבֵין"... OK (זבין)
[23.5%] #7040: "Jastrow, זְבִינָא I"... OK (זבינא)
[23.5%] #7041: "Jastrow, זְבִינָא II"... duplicate
[23.5%] #7041: "Jastrow, זַבִּינָא"... duplicate
[23.5%] #7041: "Jastrow, זְבִינְתָּא"... OK (זבינתא)
[23.5%] #7042: "Jastrow, זבית"... OK (זבית)
[23.5%] #7043: "Jastrow, זָבַל I"... OK (זבל)
[23.5%] #7044: "Jastrow, זָבַל II"... duplicate
[23.5%] #7044: "Jastrow, זְבַל"... duplicate
[23.5%] #7044: "Jastrow, זֶבֶל"... duplicate
[23.5%] #7044: "Jastrow, זַבָּל"... duplicate
[23.5%] #7044: "Jastrow, זַבְלְגָן"... OK (זבלגן)
[23.5%] #7045: "Jastrow, זַבְלִיגָא"... OK (זבליגא)
[23.5%] #7046: "Jastrow, זַבֶּלֶת"... OK (זבלת)
[23.5%] #7047: "Jastrow, זְבַן"... OK (זבן)
[23.5%] #7048: "Jastrow, זִבְרִין"... OK (זברין)
[23.5%] #7049: "Jastrow, זָג"... OK (זג)
[23.5%] #7050: "Jastrow, זַגָּא"... OK (זגא)
[23.5%] #7051: "Jastrow, זְגָא"... duplicate
[23.5%] #7051: "Jastrow, זַגָּג"... OK (זגג)
[23.5%] #7052: "Jastrow, זַגָּגָא"... OK (זגגא)
[23.5%] #7053: "Jastrow, זַגְדּוּם"... OK (זגדום)
[23.5%] #7054: "Jastrow, זַגְדָּיָיא"... OK (זגדייא)
[23.5%] #7055: "Jastrow, זְגוּגִיתָא"... OK (זגוגיתא)
[23.5%] #7056: "Jastrow, זִגְזֵג"... OK (זגזג)
[23.5%] #7057: "Jastrow, זַגְזַגְאֵל"... OK (זגזגאל)
[23.5%] #7058: "Jastrow, זְגֵי"... OK (זגי)
[23.5%] #7059: "Jastrow, זָגֵיד"... OK (זגיד)
[23.5%] #7060: "Jastrow, *זַגִּיתָא"... OK (זגיתא)
[23.5%] #7061: "Jastrow, זַגָּן"... OK (זגן)
[23.5%] #7062: "Jastrow, זגנוגאל"... OK (זגנוגאל)
  [Saved progress: 7062 entries]
[23.5%] #7063: "Jastrow, זַגְתָּא"... OK (זגתא)
[23.5%] #7064: "Jastrow, זֵד"... OK (זד)
[23.5%] #7065: "Jastrow, זֵדוֹן"... OK (זדון)
[23.5%] #7066: "Jastrow, זָדוֹן"... duplicate
[23.5%] #7066: "Jastrow, זָדוֹן ²"... duplicate
[23.5%] #7066: "Jastrow, זְדוֹנָא"... OK (זדונא)
[23.6%] #7067: "Jastrow, זְדוֹנוּתָא"... OK (זדונותא)
[23.6%] #7068: "Jastrow, זְדָנוּ"... OK (זדנו)
[23.6%] #7069: "Jastrow, זדנז"... OK (זדנז)
[23.6%] #7070: "Jastrow, זֶה"... OK (זה)
[23.6%] #7071: "Jastrow, זָהַב"... OK (זהב)
[23.6%] #7072: "Jastrow, זָהָב"... duplicate
[23.6%] #7072: "Jastrow, זָהָבִי"... OK (זהבי)
[23.6%] #7073: "Jastrow, זָהַהּ"... OK (זהה)
[23.6%] #7074: "Jastrow, זְהַהּ"... duplicate
[23.6%] #7074: "Jastrow, זֶהוּ"... OK (זהו)
[23.6%] #7075: "Jastrow, זָהוּב"... OK (זהוב)
[23.6%] #7076: "Jastrow, זָהוֹהַּ"... OK (זהוה)
[23.6%] #7077: "Jastrow, זָהוֹהָא"... OK (זהוהא)
[23.6%] #7078: "Jastrow, זהונייא"... OK (זהונייא)
[23.6%] #7079: "Jastrow, זָהוֹר"... OK (זהור)
[23.6%] #7080: "Jastrow, זְהוֹרָא"... OK (זהורא)
[23.6%] #7081: "Jastrow, זִהוּרָא"... duplicate
[23.6%] #7081: "Jastrow, זְהוֹרִי"... OK (זהורי)
[23.6%] #7082: "Jastrow, זְהוֹרִית"... OK (זהורית)
[23.6%] #7083: "Jastrow, זְהוֹרִיתָא"... OK (זהוריתא)
[23.6%] #7084: "Jastrow, זַהֲיָינָא"... OK (זהיינא)
[23.6%] #7085: "Jastrow, זְהִים"... OK (זהים)
[23.6%] #7086: "Jastrow, זָהִיר"... OK (זהיר)
[23.6%] #7087: "Jastrow, זהִיר"... duplicate
[23.6%] #7087: "Jastrow, זְהִירָא"... OK (זהירא)
[23.6%] #7088: "Jastrow, זְהִירוּת"... OK (זהירות)
[23.6%] #7089: "Jastrow, זָהַל"... OK (זהל)
[23.6%] #7090: "Jastrow, זָהַם"... OK (זהם)
[23.6%] #7091: "Jastrow, זְהַם"... duplicate
[23.6%] #7091: "Jastrow, זָהֵר"... OK (זהר)
[23.6%] #7092: "Jastrow, זְהַר"... duplicate
[23.6%] #7092: "Jastrow, זַהֲרָא I"... OK (זהרא)
[23.6%] #7093: "Jastrow, זַהֲרָא II"... duplicate
[23.6%] #7093: "Jastrow, זַהֲרָה"... OK (זהרה)
[23.6%] #7094: "Jastrow, זִהֲרוֹרָא"... OK (זהרורא)
[23.6%] #7095: "Jastrow, זַהֲרוּרָא"... duplicate
[23.6%] #7095: "Jastrow, זַהֲרוּרִית"... OK (זהרורית)
[23.6%] #7096: "Jastrow, זָהֳרֵיתָא"... OK (זהריתא)
[23.7%] #7097: "Jastrow, זוּ"... OK (זו)
[23.7%] #7098: "Jastrow, זוּב"... OK (זוב)
[23.7%] #7099: "Jastrow, זוֹב"... duplicate
[23.7%] #7099: "Jastrow, זוֹב ²"... duplicate
[23.7%] #7099: "Jastrow, זוּבָּן"... OK (זובן)
[23.7%] #7100: "Jastrow, זָוַג"... OK (זוג)
[23.7%] #7101: "Jastrow, זְוַג"... duplicate
[23.7%] #7101: "Jastrow, זִוֹג"... duplicate
[23.7%] #7101: "Jastrow, זוּג"... duplicate
[23.7%] #7101: "Jastrow, זֶוֶג"... duplicate
[23.7%] #7101: "Jastrow, זוּג ²"... duplicate
[23.7%] #7101: "Jastrow, זוֹגָא"... OK (זוגא)
[23.7%] #7102: "Jastrow, זוּגָא II"... duplicate
[23.7%] #7102: "Jastrow, זוּגָּא"... duplicate
[23.7%] #7102: "Jastrow, זוגדוס"... OK (זוגדוס)
[23.7%] #7103: "Jastrow, זוּגָה I"... OK (זוגה)
[23.7%] #7104: "Jastrow, זוּגָה II"... duplicate
[23.7%] #7104: "Jastrow, זוּד"... OK (זוד)
[23.7%] #7105: "Jastrow, זְוַד"... duplicate
[23.7%] #7105: "Jastrow, זְוָדָא"... OK (זודא)
[23.7%] #7106: "Jastrow, זוּהַּ"... OK (זוה)
[23.7%] #7107: "Jastrow, זוֹהֲמָא"... OK (זוהמא)
[23.7%] #7108: "Jastrow, זוֹהֲמַאי"... OK (זוהמאי)
[23.7%] #7109: "Jastrow, זוֹהֲמָה"... OK (זוהמה)
[23.7%] #7110: "Jastrow, זוֹהֲרָא"... OK (זוהרא)
[23.7%] #7111: "Jastrow, זָוָוא I"... OK (זווא)
[23.7%] #7112: "Jastrow, זָוָוא II"... duplicate
[23.7%] #7112: "Jastrow, זִוּוּג"... OK (זווג)
[23.7%] #7113: "Jastrow, זַוֵּוג"... duplicate
[23.7%] #7113: "Jastrow, זַוְויֵי"... OK (זוויי)
[23.7%] #7114: "Jastrow, *זָוְותָא"... OK (זוותא)
[23.7%] #7115: "Jastrow, זֵוְותָּנָא"... OK (זוותנא)
[23.7%] #7116: "Jastrow, זוּז I"... OK (זוז)
[23.7%] #7117: "Jastrow, זוּז"... duplicate
[23.7%] #7117: "Jastrow, זוּז II"... duplicate
[23.7%] #7117: "Jastrow, זוּזָא I"... OK (זוזא)
[23.7%] #7118: "Jastrow, זוּזָא II"... duplicate
[23.7%] #7118: "Jastrow, זוֹזִין"... OK (זוזין)
[23.7%] #7119: "Jastrow, זוּחַ I"... OK (זוח)
[23.7%] #7120: "Jastrow, זוּחַ"... duplicate
[23.7%] #7120: "Jastrow, זוּחַ II"... duplicate
[23.7%] #7120: "Jastrow, זוּחַ ²"... duplicate
[23.7%] #7120: "Jastrow, זוֹחַל"... OK (זוחל)
[23.7%] #7121: "Jastrow, זֶוֶט"... OK (זוט)
[23.7%] #7122: "Jastrow, זוּטָא"... OK (זוטא)
[23.7%] #7123: "Jastrow, זוֹטוֹס"... OK (זוטוס)
[23.7%] #7124: "Jastrow, זוּטִי"... OK (זוטי)
[23.7%] #7125: "Jastrow, זוֹטָן"... OK (זוטן)
[23.8%] #7126: "Jastrow, זוּטַר I"... OK (זוטר)
[23.8%] #7127: "Jastrow, זוּטַר II"... duplicate
[23.8%] #7127: "Jastrow, זוּטְרָא II"... OK (זוטרא)
[23.8%] #7128: "Jastrow, זוּטַרְתָּא"... OK (זוטרתא)
[23.8%] #7129: "Jastrow, זוּטַרְתִּי II"... OK (זוטרתי)
[23.8%] #7130: "Jastrow, זְוֵי"... OK (זוי)
[23.8%] #7131: "Jastrow, זְוִי"... duplicate
[23.8%] #7131: "Jastrow, זויד"... OK (זויד)
  [Saved progress: 7131 entries]
[23.8%] #7132: "Jastrow, זְוָיָיא"... OK (זוייא)
[23.8%] #7133: "Jastrow, זַוִּיר"... OK (זויר)
[23.8%] #7134: "Jastrow, זָוִית"... OK (זוית)
[23.8%] #7135: "Jastrow, זָוִיתָא"... OK (זויתא)
[23.8%] #7136: "Jastrow, זוּל I"... OK (זול)
[23.8%] #7137: "Jastrow, זוּל"... duplicate
[23.8%] #7137: "Jastrow, זוּל II"... duplicate
[23.8%] #7137: "Jastrow, זוֹל"... duplicate
[23.8%] #7137: "Jastrow, זוֹלָא"... OK (זולא)
[23.8%] #7138: "Jastrow, זולטא"... OK (זולטא)
[23.8%] #7139: "Jastrow, זוֹלֵל"... OK (זולל)
[23.8%] #7140: "Jastrow, זוֹלָלָא"... OK (זוללא)
[23.8%] #7141: "Jastrow, זוּלְשָׁפָט"... OK (זולשפט)
[23.8%] #7142: "Jastrow, *זוּם"... OK (זום)
[23.8%] #7143: "Jastrow, זוֹם"... duplicate
[23.8%] #7143: "Jastrow, זוֹמָא I"... OK (זומא)
[23.8%] #7144: "Jastrow, זוֹמָא II"... duplicate
[23.8%] #7144: "Jastrow, זוֹמָאלִיסְטְרוֹן"... OK (זומאליסטרון)
[23.8%] #7145: "Jastrow, זומות"... OK (זומות)
[23.8%] #7146: "Jastrow, זומי"... OK (זומי)
[23.8%] #7147: "Jastrow, זוֹמִית"... OK (זומית)
[23.8%] #7148: "Jastrow, זוֹמָלִיסְטְרוֹן"... OK (זומליסטרון)
[23.8%] #7149: "Jastrow, זוּן"... OK (זון)
[23.8%] #7150: "Jastrow, זוּן I"... duplicate
[23.8%] #7150: "Jastrow, זוּן II"... duplicate
[23.8%] #7150: "Jastrow, זֶוֶן"... duplicate
[23.8%] #7150: "Jastrow, זוֹנָארָא"... OK (זונארא)
[23.8%] #7151: "Jastrow, זוּנְבָּא"... OK (זונבא)
[23.8%] #7152: "Jastrow, זוֹנֶה"... OK (זונה)
[23.8%] #7153: "Jastrow, זוֹנָה"... duplicate
[23.8%] #7153: "Jastrow, זוֹנִי"... OK (זוני)
[23.8%] #7154: "Jastrow, זוּנִיחָה"... OK (זוניחה)
[23.8%] #7155: "Jastrow, זוֹנַיָּיא"... OK (זונייא)
[23.8%] #7156: "Jastrow, זוֹנִין I"... OK (זונין)
[23.9%] #7157: "Jastrow, זוֹנִין II"... duplicate
[23.9%] #7157: "Jastrow, זוֹנִין III"... duplicate
[23.9%] #7157: "Jastrow, זוניראות"... OK (זוניראות)
[23.9%] #7158: "Jastrow, זוֹנִית"... OK (זונית)
[23.9%] #7159: "Jastrow, זוֹנִיתָא I"... OK (זוניתא)
[23.9%] #7160: "Jastrow, זוֹנִיתָא II"... duplicate
[23.9%] #7160: "Jastrow, זוֹנָן"... OK (זונן)
[23.9%] #7161: "Jastrow, זוֹנַס"... OK (זונס)
[23.9%] #7162: "Jastrow, זונסתיה"... OK (זונסתיה)
[23.9%] #7163: "Jastrow, זוֹנָרָא"... OK (זונרא)
[23.9%] #7164: "Jastrow, זוסטא"... OK (זוסטא)
[23.9%] #7165: "Jastrow, זוֹסִימִי"... OK (זוסימי)
[23.9%] #7166: "Jastrow, זוֹסְמָא"... OK (זוסמא)
[23.9%] #7167: "Jastrow, זוסתיה"... OK (זוסתיה)
[23.9%] #7168: "Jastrow, זוּעַ"... OK (זוע)
[23.9%] #7169: "Jastrow, זוּעַ ²"... duplicate
[23.9%] #7169: "Jastrow, זוֹעָא"... OK (זועא)
[23.9%] #7170: "Jastrow, זְוָעָה"... OK (זועה)
[23.9%] #7171: "Jastrow, זוֹעֲפָא"... OK (זועפא)
[23.9%] #7172: "Jastrow, זוֹעַר"... OK (זוער)
[23.9%] #7173: "Jastrow, זוּף I"... OK (זוף)
[23.9%] #7174: "Jastrow, זוּף"... duplicate
[23.9%] #7174: "Jastrow, זוּף II"... duplicate
[23.9%] #7174: "Jastrow, זוּפְרִין"... OK (זופרין)
[23.9%] #7175: "Jastrow, זוק"... OK (זוק)
[23.9%] #7176: "Jastrow, זַוְקָאנָא"... OK (זוקאנא)
[23.9%] #7177: "Jastrow, זַוְקִינָא"... OK (זוקינא)
[23.9%] #7178: "Jastrow, זוּקְפָא"... OK (זוקפא)
[23.9%] #7179: "Jastrow, זוּקְתָא"... OK (זוקתא)
[23.9%] #7180: "Jastrow, זוּר I"... OK (זור)
[23.9%] #7181: "Jastrow, זוּר"... duplicate
[23.9%] #7181: "Jastrow, זוּר II"... duplicate
[23.9%] #7181: "Jastrow, זוראן"... OK (זוראן)
[23.9%] #7182: "Jastrow, זורד"... OK (זורד)
[23.9%] #7183: "Jastrow, זוּרְזַיָּיא"... OK (זורזייא)
[23.9%] #7184: "Jastrow, זוּרַיָּא"... OK (זוריא)
[23.9%] #7185: "Jastrow, זוּרְיוֹן"... OK (זוריון)
[23.9%] #7186: "Jastrow, זִוְתָן"... OK (זותן)
[24.0%] #7187: "Jastrow, זָזֵי"... OK (זזי)
[24.0%] #7188: "Jastrow, זָח"... OK (זח)
[24.0%] #7189: "Jastrow, זָחוֹחַ"... OK (זחוח)
[24.0%] #7190: "Jastrow, זָחַח"... OK (זחח)
[24.0%] #7191: "Jastrow, זָחֵיל"... OK (זחיל)
[24.0%] #7192: "Jastrow, זָחַל"... OK (זחל)
[24.0%] #7193: "Jastrow, זְחַל I"... duplicate
[24.0%] #7193: "Jastrow, זְחַל II"... duplicate
[24.0%] #7193: "Jastrow, זַחַל"... duplicate
[24.0%] #7193: "Jastrow, זַחֲלָא"... OK (זחלא)
[24.0%] #7194: "Jastrow, זחלל"... OK (זחלל)
[24.0%] #7195: "Jastrow, זחרתיה"... OK (זחרתיה)
[24.0%] #7196: "Jastrow, *זֵחֲתָן"... OK (זחתן)
[24.0%] #7197: "Jastrow, *זט"... OK (זט)
[24.0%] #7198: "Jastrow, זַטּוּט"... OK (זטוט)
[24.0%] #7199: "Jastrow, זטחא"... OK (זטחא)
[24.0%] #7200: "Jastrow, זְטַר"... OK (זטר)
[24.0%] #7201: "Jastrow, *זַטְרִי"... OK (זטרי)
[24.0%] #7202: "Jastrow, זיאטטווס"... OK (זיאטטווס)
[24.0%] #7203: "Jastrow, זִיאֵר"... OK (זיאר)
[24.0%] #7204: "Jastrow, זַיָּארָא"... OK (זיארא)
[24.0%] #7205: "Jastrow, זִיבָה I"... OK (זיבה)
[24.0%] #7206: "Jastrow, זִיבָה II"... duplicate
[24.0%] #7206: "Jastrow, זִיבּוּחַ"... OK (זיבוח)
[24.0%] #7207: "Jastrow, זִיבּוּל"... OK (זיבול)
[24.0%] #7208: "Jastrow, זִיבּוּלָא"... OK (זיבולא)
[24.0%] #7209: "Jastrow, זִיבּוּנָא"... OK (זיבונא)
[24.0%] #7210: "Jastrow, זִיבֹּורָא"... OK (זיבורא)
  [Saved progress: 7210 entries]
[24.0%] #7211: "Jastrow, זִיבּוּרִית"... OK (זיבורית)
[24.0%] #7212: "Jastrow, זִיבוּת"... OK (זיבות)
[24.0%] #7213: "Jastrow, זִיבְחָא"... OK (זיבחא)
[24.0%] #7214: "Jastrow, זִיג"... OK (זיג)
[24.0%] #7215: "Jastrow, זִיג ²"... duplicate
[24.0%] #7215: "Jastrow, זיגא"... OK (זיגא)
[24.1%] #7216: "Jastrow, זִיגָּד"... OK (זיגד)
[24.1%] #7217: "Jastrow, זיגותא"... OK (זיגותא)
[24.1%] #7218: "Jastrow, זִיד"... OK (זיד)
[24.1%] #7219: "Jastrow, זִיד ²"... duplicate
[24.1%] #7219: "Jastrow, זֵידוּ"... OK (זידו)
[24.1%] #7220: "Jastrow, זֵידוֹנָא"... OK (זידונא)
[24.1%] #7221: "Jastrow, זַיְדָּל"... OK (זידל)
[24.1%] #7222: "Jastrow, זֵידָנוּתָא"... OK (זידנותא)
[24.1%] #7223: "Jastrow, זָיְהָא"... OK (זיהא)
[24.1%] #7224: "Jastrow, זִיהָא"... duplicate
[24.1%] #7224: "Jastrow, זִיהֲוָא"... OK (זיהוא)
[24.1%] #7225: "Jastrow, זִיהוּם"... OK (זיהום)
[24.1%] #7226: "Jastrow, זִיהוּמָא"... OK (זיהומא)
[24.1%] #7227: "Jastrow, זִיהוּמְתָּא"... OK (זיהומתא)
[24.1%] #7228: "Jastrow, זִיהוּרָא"... OK (זיהורא)
[24.1%] #7229: "Jastrow, זֵיהוֹרָא"... duplicate
[24.1%] #7229: "Jastrow, זיהיא"... OK (זיהיא)
[24.1%] #7230: "Jastrow, זִיהֲמוּמֵי"... OK (זיהמומי)
[24.1%] #7231: "Jastrow, זִיהֲרָא I"... OK (זיהרא)
[24.1%] #7232: "Jastrow, זִיהֲרָא II"... duplicate
[24.1%] #7232: "Jastrow, זִיהֲרָא III"... duplicate
[24.1%] #7232: "Jastrow, זִיהֲרוֹרָא"... OK (זיהרורא)
[24.1%] #7233: "Jastrow, זִיהֲרוּרָא"... duplicate
[24.1%] #7233: "Jastrow, זִיהֲרָרָא"... OK (זיהררא)
[24.1%] #7234: "Jastrow, זִיו"... OK (זיו)
[24.1%] #7235: "Jastrow, זִיו ²"... duplicate
[24.1%] #7235: "Jastrow, זִיוָא II"... OK (זיוא)
[24.1%] #7236: "Jastrow, זִיוַאי"... OK (זיואי)
[24.1%] #7237: "Jastrow, זיוד"... OK (זיוד)
[24.1%] #7238: "Jastrow, זִיוו"... OK (זיוו)
[24.1%] #7239: "Jastrow, זִיוּוּג"... OK (זיווג)
[24.1%] #7240: "Jastrow, זִיוְויָין"... OK (זיוויין)
[24.1%] #7241: "Jastrow, זִיוּוּעַ"... OK (זיווע)
[24.1%] #7242: "Jastrow, זִיוֵּור"... OK (זיוור)
[24.1%] #7243: "Jastrow, זֵיוְותָן"... OK (זיוותן)
[24.1%] #7244: "Jastrow, זיויד"... OK (זיויד)
[24.1%] #7245: "Jastrow, זִיּוּן"... OK (זיון)
[24.1%] #7246: "Jastrow, זִיּוּנָא I"... OK (זיונא)
[24.2%] #7247: "Jastrow, זִיּוּנָא II"... duplicate
[24.2%] #7247: "Jastrow, זִיּוּנָא III"... duplicate
[24.2%] #7247: "Jastrow, זְיוּנָא"... duplicate
[24.2%] #7247: "Jastrow, זִיוַּע"... OK (זיוע)
[24.2%] #7248: "Jastrow, זִיּוּף"... OK (זיוף)
[24.2%] #7249: "Jastrow, זִיוֵּר"... OK (זיור)
[24.2%] #7250: "Jastrow, זֵיוְתָן"... OK (זיותן)
[24.2%] #7251: "Jastrow, זִיוְתָן"... duplicate
[24.2%] #7251: "Jastrow, זִיז I"... OK (זיז)
[24.2%] #7252: "Jastrow, זִיז II"... duplicate
[24.2%] #7252: "Jastrow, זִיזָא I"... OK (זיזא)
[24.2%] #7253: "Jastrow, זִיזָא II"... duplicate
[24.2%] #7253: "Jastrow, זִיזָא III"... duplicate
[24.2%] #7253: "Jastrow, זִיזְיוֹן"... OK (זיזיון)
[24.2%] #7254: "Jastrow, זִיחַ"... OK (זיח)
[24.2%] #7255: "Jastrow, זִיטָא"... OK (זיטא)
[24.2%] #7256: "Jastrow, זיטויטוס"... OK (זיטויטוס)
[24.2%] #7257: "Jastrow, זִיטִיטוֹס"... OK (זיטיטוס)
[24.2%] #7258: "Jastrow, זִיטִימָא"... OK (זיטימא)
[24.2%] #7259: "Jastrow, זַיָּיארָא"... OK (זייארא)
[24.2%] #7260: "Jastrow, זִיֵּיג"... OK (זייג)
[24.2%] #7261: "Jastrow, זַיְידָּל"... OK (זיידל)
[24.2%] #7262: "Jastrow, זיידן"... OK (זיידן)
[24.2%] #7263: "Jastrow, זִיֵּין"... OK (זיין)
[24.2%] #7264: "Jastrow, זַיִין"... duplicate
[24.2%] #7264: "Jastrow, זַיִ"ין"... duplicate
[24.2%] #7264: "Jastrow, זְיָינָא I"... OK (זיינא)
[24.2%] #7265: "Jastrow, זְיָינָא II"... duplicate
[24.2%] #7265: "Jastrow, זְיָינְקֵי"... OK (זיינקי)
[24.2%] #7266: "Jastrow, זְיָיעָא"... OK (זייעא)
[24.2%] #7267: "Jastrow, זִיֵּיף"... OK (זייף)
[24.2%] #7268: "Jastrow, זַיִיף"... duplicate
[24.2%] #7268: "Jastrow, זְיָיפָא"... OK (זייפא)
[24.2%] #7269: "Jastrow, זְיָיפִי"... OK (זייפי)
[24.2%] #7270: "Jastrow, זַיְיפָנָא"... OK (זייפנא)
[24.2%] #7271: "Jastrow, זַיְיפָנוּתָא"... OK (זייפנותא)
[24.2%] #7272: "Jastrow, זַיָּירָא"... OK (זיירא)
[24.2%] #7273: "Jastrow, זַיְיתָא"... OK (זייתא)
[24.2%] #7274: "Jastrow, זִיכֵּי"... OK (זיכי)
[24.2%] #7275: "Jastrow, זִיל"... OK (זיל)
[24.3%] #7276: "Jastrow, זִיל ²"... duplicate
[24.3%] #7276: "Jastrow, זִילָא"... OK (זילא)
[24.3%] #7277: "Jastrow, זִילַאי"... OK (זילאי)
[24.3%] #7278: "Jastrow, זִילּוּף"... OK (זילוף)
[24.3%] #7279: "Jastrow, זִילוּתָא"... OK (זילותא)
[24.3%] #7280: "Jastrow, זִילְזוּלָא"... OK (זילזולא)
[24.3%] #7281: "Jastrow, זִילְחָא"... OK (זילחא)
[24.3%] #7282: "Jastrow, זִימָא"... OK (זימא)
[24.3%] #7283: "Jastrow, זִימָּה"... OK (זימה)
[24.3%] #7284: "Jastrow, זִימָּה ²"... duplicate
[24.3%] #7284: "Jastrow, זִימּוּן"... OK (זימון)
[24.3%] #7285: "Jastrow, זִימּוּנָא"... OK (זימונא)
[24.3%] #7286: "Jastrow, זִימְזוּם"... OK (זימזום)
[24.3%] #7287: "Jastrow, זימי"... OK (זימי)
[24.3%] #7288: "Jastrow, זִימְיָא"... OK (זימיא)
[24.3%] #7289: "Jastrow, זִימְיוֹן"... OK (זימיון)
  [Saved progress: 7289 entries]
[24.3%] #7290: "Jastrow, זִימְיוֹנָא"... OK (זימיונא)
[24.3%] #7291: "Jastrow, זִימִין"... OK (זימין)
[24.3%] #7292: "Jastrow, זִימְנָא"... OK (זימנא)
[24.3%] #7293: "Jastrow, זִימְנָא ²"... duplicate
[24.3%] #7293: "Jastrow, *זִימְנָה"... OK (זימנה)
[24.3%] #7294: "Jastrow, (זִימְרָא"... OK (זימרא)
[24.3%] #7295: "Jastrow, זִין I"... OK (זין)
[24.3%] #7296: "Jastrow, זִין II"... duplicate
[24.3%] #7296: "Jastrow, זַיִן"... duplicate
[24.3%] #7296: "Jastrow, זֵין I"... duplicate
[24.3%] #7296: "Jastrow, זֵין II"... duplicate
[24.3%] #7296: "Jastrow, זינאות"... OK (זינאות)
[24.3%] #7297: "Jastrow, זִינְגָּאֵי"... OK (זינגאי)
[24.3%] #7298: "Jastrow, זינומייא"... OK (זינומייא)
[24.3%] #7299: "Jastrow, זינומתא"... OK (זינומתא)
[24.3%] #7300: "Jastrow, זִינּוּק"... OK (זינוק)
[24.3%] #7301: "Jastrow, זינימון"... OK (זינימון)
[24.3%] #7302: "Jastrow, זִינְקָא"... OK (זינקא)
[24.3%] #7303: "Jastrow, זֵיעַ"... OK (זיע)
[24.3%] #7304: "Jastrow, זִיעַ"... duplicate
[24.3%] #7304: "Jastrow, זִיעָה"... OK (זיעה)
[24.3%] #7305: "Jastrow, זִיעֲזֵעַ"... OK (זיעזע)
[24.3%] #7306: "Jastrow, זִיעֲתָא"... OK (זיעתא)
[24.4%] #7307: "Jastrow, זִיף I"... OK (זיף)
[24.4%] #7308: "Jastrow, זִיף II"... duplicate
[24.4%] #7308: "Jastrow, זִיף III"... duplicate
[24.4%] #7308: "Jastrow, זַיִף"... duplicate
[24.4%] #7308: "Jastrow, זַיְפָא"... OK (זיפא)
[24.4%] #7309: "Jastrow, זִיפּוּת"... OK (זיפות)
[24.4%] #7310: "Jastrow, זִיפִירִין"... OK (זיפירין)
[24.4%] #7311: "Jastrow, זִיפְלָן"... OK (זיפלן)
[24.4%] #7312: "Jastrow, זִיפְרִין"... OK (זיפרין)
[24.4%] #7313: "Jastrow, זִיפְתּ׳"... OK (זיפת)
[24.4%] #7314: "Jastrow, זיפתי"... OK (זיפתי)
[24.4%] #7315: "Jastrow, זֵיק"... OK (זיק)
[24.4%] #7316: "Jastrow, זִיקָא I"... OK (זיקא)
[24.4%] #7317: "Jastrow, זִיקָא II"... duplicate
[24.4%] #7317: "Jastrow, זִיקָא III"... duplicate
[24.4%] #7317: "Jastrow, זִיקָה"... OK (זיקה)
[24.4%] #7318: "Jastrow, זיקו"... OK (זיקו)
[24.4%] #7319: "Jastrow, זִיקּוּק"... OK (זיקוק)
[24.4%] #7320: "Jastrow, זִיקוּקָא I"... OK (זיקוקא)
[24.4%] #7321: "Jastrow, זִיקוּקָא II"... duplicate
[24.4%] #7321: "Jastrow, זִיקְנָה"... OK (זיקנה)
[24.4%] #7322: "Jastrow, זִיקְפָא"... OK (זיקפא)
[24.4%] #7323: "Jastrow, זִיקְתָא"... OK (זיקתא)
[24.4%] #7324: "Jastrow, זִיר"... OK (זיר)
[24.4%] #7325: "Jastrow, זֵיר"... duplicate
[24.4%] #7325: "Jastrow, זִיר ²"... duplicate
[24.4%] #7325: "Jastrow, זַיְרָא"... OK (זירא)
[24.4%] #7326: "Jastrow, זֵירָא"... duplicate
[24.4%] #7326: "Jastrow, זִירָה"... OK (זירה)
[24.4%] #7327: "Jastrow, זֵירוּד I"... OK (זירוד)
[24.4%] #7328: "Jastrow, זֵירוּד II"... duplicate
[24.4%] #7328: "Jastrow, זֵירוּז"... OK (זירוז)
[24.4%] #7329: "Jastrow, זֵירוּעַ"... OK (זירוע)
[24.4%] #7330: "Jastrow, זִירְזָא"... OK (זירזא)
[24.4%] #7331: "Jastrow, זֵירָנָא"... OK (זירנא)
[24.4%] #7332: "Jastrow, זִירְפָּא"... OK (זירפא)
[24.4%] #7333: "Jastrow, זִירְקְתָא"... OK (זירקתא)
[24.4%] #7334: "Jastrow, זֵירְתָא"... OK (זירתא)
[24.4%] #7335: "Jastrow, זַיִת"... OK (זית)
[24.4%] #7336: "Jastrow, זֵיתָא I"... OK (זיתא)
[24.5%] #7337: "Jastrow, זֵיתָא II"... duplicate
[24.5%] #7337: "Jastrow, זִיתוּם"... OK (זיתום)
[24.5%] #7338: "Jastrow, זיתים"... OK (זיתים)
[24.5%] #7339: "Jastrow, זָךְ"... OK (זך)
[24.5%] #7340: "Jastrow, זְכָא"... OK (זכא)
[24.5%] #7341: "Jastrow, זַכָּאָה"... OK (זכאה)
[24.5%] #7342: "Jastrow, זַכָּאָה ²"... duplicate
[24.5%] #7342: "Jastrow, זַכָּאוּתָא"... OK (זכאותא)
[24.5%] #7343: "Jastrow, זַכַּאי I"... OK (זכאי)
[24.5%] #7344: "Jastrow, זַכַּאי"... duplicate
[24.5%] #7344: "Jastrow, זַכַּאי II"... duplicate
[24.5%] #7344: "Jastrow, זָכָה"... OK (זכה)
[24.5%] #7345: "Jastrow, זָכוּ"... OK (זכו)
[24.5%] #7346: "Jastrow, זְכוּכִית"... OK (זכוכית)
[24.5%] #7347: "Jastrow, זְכוּכִיתָא"... OK (זכוכיתא)
[24.5%] #7348: "Jastrow, זָכוּר I"... OK (זכור)
[24.5%] #7349: "Jastrow, זָכוּר II"... duplicate
[24.5%] #7349: "Jastrow, זְכוּרָא"... OK (זכורא)
[24.5%] #7350: "Jastrow, זְכוּרוּ"... OK (זכורו)
[24.5%] #7351: "Jastrow, זְכוּרוּ ²"... duplicate
[24.5%] #7351: "Jastrow, זְכוּת"... OK (זכות)
[24.5%] #7352: "Jastrow, זְכוּתָא"... OK (זכותא)
[24.5%] #7353: "Jastrow, זִכְזֵךְ"... OK (זכזך)
[24.5%] #7354: "Jastrow, זכי"... OK (זכי)
[24.5%] #7355: "Jastrow, זְכֵי"... duplicate
[24.5%] #7355: "Jastrow, זַכַּי"... duplicate
[24.5%] #7355: "Jastrow, זִכַּיָּא"... OK (זכיא)
[24.5%] #7356: "Jastrow, זְכִיָּה"... OK (זכיה)
[24.5%] #7357: "Jastrow, זַכַּיי"... OK (זכיי)
[24.5%] #7358: "Jastrow, זכייה"... OK (זכייה)
[24.5%] #7359: "Jastrow, זְכִיָּיה"... duplicate
[24.5%] #7359: "Jastrow, זַכִּיךְ"... OK (זכיך)
[24.5%] #7360: "Jastrow, זְכִירָה"... OK (זכירה)
[24.5%] #7361: "Jastrow, זכירי"... OK (זכירי)
[24.5%] #7362: "Jastrow, זָכַךְ"... OK (זכך)
[24.5%] #7363: "Jastrow, זָכַר"... OK (זכר)
[24.5%] #7364: "Jastrow, זָכָר"... duplicate
  [Saved progress: 7363 entries]
[24.5%] #7364: "Jastrow, זֵכֶר"... duplicate
[24.5%] #7364: "Jastrow, זִכָּרוֹן"... OK (זכרון)
[24.5%] #7365: "Jastrow, זַכְרוּת"... OK (זכרות)
[24.6%] #7366: "Jastrow, זַכְרוּתא"... OK (זכרותא)
[24.6%] #7367: "Jastrow, זְכַרְיָה"... OK (זכריה)
[24.6%] #7368: "Jastrow, זַכְרָן"... OK (זכרן)
[24.6%] #7369: "Jastrow, זָל"... OK (זל)
[24.6%] #7370: "Jastrow, זְלָא"... OK (זלא)
[24.6%] #7371: "Jastrow, זָלַג"... OK (זלג)
[24.6%] #7372: "Jastrow, זְלַג"... duplicate
[24.6%] #7372: "Jastrow, זַלְדְּקַן"... OK (זלדקן)
[24.6%] #7373: "Jastrow, זְלוֹחאָה"... OK (זלוחאה)
[24.6%] #7374: "Jastrow, זְלוּעַ"... OK (זלוע)
[24.6%] #7375: "Jastrow, זִלּוּף"... OK (זלוף)
[24.6%] #7376: "Jastrow, *זְלוּקְפָא"... OK (זלוקפא)
[24.6%] #7377: "Jastrow, זַלְזִילָא"... OK (זלזילא)
[24.6%] #7378: "Jastrow, זִלְזֵל"... OK (זלזל)
[24.6%] #7379: "Jastrow, זַלְזְלָנָא"... OK (זלזלנא)
[24.6%] #7380: "Jastrow, זָלַח"... OK (זלח)
[24.6%] #7381: "Jastrow, זְלַח"... duplicate
[24.6%] #7381: "Jastrow, זֶלַח"... duplicate
[24.6%] #7381: "Jastrow, זִלְחָא"... OK (זלחא)
[24.6%] #7382: "Jastrow, *זְלֵי"... OK (זלי)
[24.6%] #7383: "Jastrow, זָלֵיל"... OK (זליל)
[24.6%] #7384: "Jastrow, זְלִיל"... duplicate
[24.6%] #7384: "Jastrow, זְלִילָא II"... OK (זלילא)
[24.6%] #7385: "Jastrow, זְלִילָה"... OK (זלילה)
[24.6%] #7386: "Jastrow, זְלִיפָה"... OK (זליפה)
[24.6%] #7387: "Jastrow, זְלִיקָא"... OK (זליקא)
[24.6%] #7388: "Jastrow, זָלַל"... OK (זלל)
[24.6%] #7389: "Jastrow, זְלַל"... duplicate
[24.6%] #7389: "Jastrow, זָלַף"... OK (זלף)
[24.6%] #7390: "Jastrow, זְלַף"... duplicate
[24.6%] #7390: "Jastrow, זֶלֶף"... duplicate
[24.6%] #7390: "Jastrow, זַלְתָּא"... OK (זלתא)
[24.6%] #7391: "Jastrow, זְמָא"... OK (זמא)
[24.6%] #7392: "Jastrow, זַמְבְּלִיגָא"... OK (זמבליגא)
[24.6%] #7393: "Jastrow, זִמָּה"... OK (זמה)
[24.6%] #7394: "Jastrow, זְמוּם"... OK (זמום)
[24.6%] #7395: "Jastrow, זִמּוּן"... OK (זמון)
[24.6%] #7396: "Jastrow, זְמוֹרָא"... OK (זמורא)
[24.7%] #7397: "Jastrow, זְמוֹרַד"... OK (זמורד)
[24.7%] #7398: "Jastrow, זְמוֹרָה"... OK (זמורה)
[24.7%] #7399: "Jastrow, זְמוּרְתָּא"... OK (זמורתא)
[24.7%] #7400: "Jastrow, זַמְזוּמֵי"... OK (זמזומי)
[24.7%] #7401: "Jastrow, זְמֵי I"... OK (זמי)
[24.7%] #7402: "Jastrow, זְמֵי II"... duplicate
[24.7%] #7402: "Jastrow, זִמְיוֹן"... OK (זמיון)
[24.7%] #7403: "Jastrow, זְמֵימ־"... OK (זמימ)
[24.7%] #7404: "Jastrow, זְמִין"... OK (זמין)
[24.7%] #7405: "Jastrow, זְמִינָא I"... OK (זמינא)
[24.7%] #7406: "Jastrow, זְמִינָא II"... duplicate
[24.7%] #7406: "Jastrow, זְמִיר"... OK (זמיר)
[24.7%] #7407: "Jastrow, זְמִירָא"... OK (זמירא)
[24.7%] #7408: "Jastrow, זְמִירָה I"... OK (זמירה)
[24.7%] #7409: "Jastrow, זְמִירָה II"... duplicate
[24.7%] #7409: "Jastrow, זָמִית"... OK (זמית)
[24.7%] #7410: "Jastrow, זָמַם I"... OK (זמם)
[24.7%] #7411: "Jastrow, זְמַם I"... duplicate
[24.7%] #7411: "Jastrow, זָמַם II"... duplicate
[24.7%] #7411: "Jastrow, זְמַם"... duplicate
[24.7%] #7411: "Jastrow, זָמַם III"... duplicate
[24.7%] #7411: "Jastrow, *זְמַם III"... duplicate
[24.7%] #7411: "Jastrow, זְמָם I"... duplicate
[24.7%] #7411: "Jastrow, זְמָם II"... duplicate
[24.7%] #7411: "Jastrow, זְמַם ²"... duplicate
[24.7%] #7411: "Jastrow, זָמַן"... OK (זמן)
[24.7%] #7412: "Jastrow, זְמַן I"... duplicate
[24.7%] #7412: "Jastrow, זְמָן"... duplicate
[24.7%] #7412: "Jastrow, זְמַן II"... duplicate
[24.7%] #7412: "Jastrow, זָמַר I"... OK (זמר)
[24.7%] #7413: "Jastrow, זְמַר"... duplicate
[24.7%] #7413: "Jastrow, זָמַר II"... duplicate
[24.7%] #7413: "Jastrow, זְמַר ²"... duplicate
[24.7%] #7413: "Jastrow, *זָמַר III"... duplicate
[24.7%] #7413: "Jastrow, זֶמֶר I"... duplicate
[24.7%] #7413: "Jastrow, זֶמֶר II"... duplicate
[24.7%] #7413: "Jastrow, זַמָּר"... duplicate
[24.7%] #7413: "Jastrow, זַמָּרָא"... OK (זמרא)
[24.7%] #7414: "Jastrow, זְמָרָא I"... duplicate
[24.7%] #7414: "Jastrow, זִמְרָא"... duplicate
[24.7%] #7414: "Jastrow, זִמְרָא ²"... duplicate
[24.7%] #7414: "Jastrow, זְמַרְגַּד"... OK (זמרגד)
[24.7%] #7415: "Jastrow, זְמַרַגְדִּין"... OK (זמרגדין)
[24.7%] #7416: "Jastrow, זְמֹרָה"... OK (זמרה)
[24.7%] #7417: "Jastrow, זִמְרָה"... duplicate
[24.7%] #7417: "Jastrow, זִמְרִי"... OK (זמרי)
[24.7%] #7418: "Jastrow, זַמַּרְתָּא"... OK (זמרתא)
[24.7%] #7419: "Jastrow, זִמְתָּנֵי"... OK (זמתני)
[24.7%] #7420: "Jastrow, זַן"... OK (זן)
[24.7%] #7421: "Jastrow, זְנָא II"... OK (זנא)
[24.7%] #7422: "Jastrow, זַנַּאי"... OK (זנאי)
[24.7%] #7423: "Jastrow, זָנָב"... OK (זנב)
[24.7%] #7424: "Jastrow, זִנֵּב"... duplicate
[24.7%] #7424: "Jastrow, זַנְבָא"... OK (זנבא)
[24.7%] #7425: "Jastrow, זְנַבְיָה"... OK (זנביה)
[24.8%] #7426: "Jastrow, זִנְגָּאֵי"... OK (זנגאי)
[24.8%] #7427: "Jastrow, זנגבילא"... OK (זנגבילא)
[24.8%] #7428: "Jastrow, זַנְגְּבִילָא"... duplicate
[24.8%] #7428: "Jastrow, זַנְדּוּקָא"... OK (זנדוקא)
  [Saved progress: 7428 entries]
[24.8%] #7429: "Jastrow, זָנָה"... OK (זנה)
[24.8%] #7430: "Jastrow, זְנוּ"... OK (זנו)
[24.8%] #7431: "Jastrow, זְנוֹחָא"... OK (זנוחא)
[24.8%] #7432: "Jastrow, זְנוּנִים"... OK (זנונים)
[24.8%] #7433: "Jastrow, זִנּוּק"... OK (זנוק)
[24.8%] #7434: "Jastrow, זְנוּת"... OK (זנות)
[24.8%] #7435: "Jastrow, זְנוּתָא"... OK (זנותא)
[24.8%] #7436: "Jastrow, זָנַח"... OK (זנח)
[24.8%] #7437: "Jastrow, זנח"... duplicate
[24.8%] #7437: "Jastrow, זני"... OK (זני)
[24.8%] #7438: "Jastrow, זְנֵי"... duplicate
[24.8%] #7438: "Jastrow, זַנְיוּתָא"... OK (זניותא)
[24.8%] #7439: "Jastrow, זַנְיְתָא"... OK (זניתא)
[24.8%] #7440: "Jastrow, זָנַן"... OK (זנן)
[24.8%] #7441: "Jastrow, זָנַק"... OK (זנק)
[24.8%] #7442: "Jastrow, זָע"... OK (זע)
[24.8%] #7443: "Jastrow, זעאתא"... OK (זעאתא)
[24.8%] #7444: "Jastrow, זְעוּר"... OK (זעור)
[24.8%] #7445: "Jastrow, זְעוּרֵי"... OK (זעורי)
[24.8%] #7446: "Jastrow, זִעֲזוּעַ"... OK (זעזוע)
[24.8%] #7447: "Jastrow, זִעֲזֵע"... OK (זעזע)
[24.8%] #7448: "Jastrow, זַעְזַע"... duplicate
[24.8%] #7448: "Jastrow, זַעֲטוּט"... OK (זעטוט)
[24.8%] #7449: "Jastrow, זַעֲטוּטָא"... OK (זעטוטא)
[24.8%] #7450: "Jastrow, *זְעִי"... OK (זעי)
[24.8%] #7451: "Jastrow, זַעֲיָא"... OK (זעיא)
[24.8%] #7452: "Jastrow, *זַעֲיָיתָא"... OK (זעייתא)
[24.8%] #7453: "Jastrow, זְעֵיק"... OK (זעיק)
[24.8%] #7454: "Jastrow, זְעֵיר I"... OK (זעיר)
[24.8%] #7455: "Jastrow, זְעֵיר II"... duplicate
[24.8%] #7455: "Jastrow, זְעֵיר III"... duplicate
[24.8%] #7455: "Jastrow, זְעֵירָא I"... OK (זעירא)
[24.9%] #7456: "Jastrow, זְעֵירָא II"... duplicate
[24.9%] #7456: "Jastrow, זְעֵירוּתָא"... OK (זעירותא)
[24.9%] #7457: "Jastrow, זְעֵירְתָּא"... OK (זעירתא)
[24.9%] #7458: "Jastrow, זָעַם"... OK (זעם)
[24.9%] #7459: "Jastrow, זַעַם"... duplicate
[24.9%] #7459: "Jastrow, זעע"... OK (זעע)
[24.9%] #7460: "Jastrow, זָעַף"... OK (זעף)
[24.9%] #7461: "Jastrow, זְעַף"... duplicate
[24.9%] #7461: "Jastrow, זַעַף"... duplicate
[24.9%] #7461: "Jastrow, זַעֲפָא"... OK (זעפא)
[24.9%] #7462: "Jastrow, זֶעְפְּרָנָא"... OK (זעפרנא)
[24.9%] #7463: "Jastrow, זָעַק"... OK (זעק)
[24.9%] #7464: "Jastrow, זְעַק"... duplicate
[24.9%] #7464: "Jastrow, זְעָקָה"... OK (זעקה)
[24.9%] #7465: "Jastrow, זעקפי"... OK (זעקפי)
[24.9%] #7466: "Jastrow, זְעֶרְתָּא"... OK (זערתא)
[24.9%] #7467: "Jastrow, זֵפָא"... OK (זפא)
[24.9%] #7468: "Jastrow, זְפִירִין"... OK (זפירין)
[24.9%] #7469: "Jastrow, זִפְלָן"... OK (זפלן)
[24.9%] #7470: "Jastrow, זָפַף"... OK (זפף)
[24.9%] #7471: "Jastrow, זֶפֶק"... OK (זפק)
[24.9%] #7472: "Jastrow, זְפַק"... duplicate
[24.9%] #7472: "Jastrow, זְפַקְתָּא"... OK (זפקתא)
[24.9%] #7473: "Jastrow, זִפְרוֹנָה"... OK (זפרונה)
[24.9%] #7474: "Jastrow, זֵקָה"... OK (זקה)
[24.9%] #7475: "Jastrow, זְקוֹף"... OK (זקוף)
[24.9%] #7476: "Jastrow, זָקוּף"... duplicate
[24.9%] #7476: "Jastrow, זָקוֹף"... duplicate
[24.9%] #7476: "Jastrow, זְקוּפָא"... OK (זקופא)
[24.9%] #7477: "Jastrow, זְקוּקָה"... OK (זקוקה)
[24.9%] #7478: "Jastrow, זְקֵינָה"... OK (זקינה)
[24.9%] #7479: "Jastrow, זְקִיף"... OK (זקיף)
[24.9%] #7480: "Jastrow, זְקִיף ²"... duplicate
[24.9%] #7480: "Jastrow, זְקִיפָא II"... OK (זקיפא)
[24.9%] #7481: "Jastrow, זַקִּיפָא"... duplicate
[24.9%] #7481: "Jastrow, זְקִיפָה"... OK (זקיפה)
[24.9%] #7482: "Jastrow, זְקִיפִין"... OK (זקיפין)
[24.9%] #7483: "Jastrow, זְקִיפְתָּא"... OK (זקיפתא)
[24.9%] #7484: "Jastrow, זְקִירָא"... OK (זקירא)
[24.9%] #7485: "Jastrow, זְקִירָה"... OK (זקירה)
[24.9%] #7486: "Jastrow, זָקִיתָא"... OK (זקיתא)
[25.0%] #7487: "Jastrow, זָקֵן I"... OK (זקן)
[25.0%] #7488: "Jastrow, זְקַן"... duplicate
[25.0%] #7488: "Jastrow, זָקֵן II"... duplicate
[25.0%] #7488: "Jastrow, זָקָן"... duplicate
[25.0%] #7488: "Jastrow, זִקְנָה"... OK (זקנה)
[25.0%] #7489: "Jastrow, זִקְנוּת"... OK (זקנות)
[25.0%] #7490: "Jastrow, זִקְנוּתָא"... OK (זקנותא)
[25.0%] #7491: "Jastrow, זָקַף"... OK (זקף)
[25.0%] #7492: "Jastrow, זְקַף"... duplicate
[25.0%] #7492: "Jastrow, זְקָפוּתָא"... OK (זקפותא)
[25.0%] #7493: "Jastrow, זָקַק"... OK (זקק)
[25.0%] #7494: "Jastrow, זְקַק"... duplicate
[25.0%] #7494: "Jastrow, זַקָּק"... duplicate
[25.0%] #7494: "Jastrow, זָקַר"... OK (זקר)
[25.0%] #7495: "Jastrow, זְקַר"... duplicate
[25.0%] #7495: "Jastrow, זקַת"... OK (זקת)
[25.0%] #7496: "Jastrow, זֵר"... OK (זר)
[25.0%] #7497: "Jastrow, זָר"... duplicate
[25.0%] #7497: "Jastrow, זָר ²"... duplicate
[25.0%] #7497: "Jastrow, זָרָא"... OK (זרא)
[25.0%] #7498: "Jastrow, זְרָא"... duplicate
[25.0%] #7498: "Jastrow, זָרָב"... OK (זרב)
[25.0%] #7499: "Jastrow, זְרַב"... duplicate
[25.0%] #7499: "Jastrow, זַרְבּוּבִית"... OK (זרבובית)
[25.0%] #7500: "Jastrow, זרבונין"... OK (זרבונין)
[25.0%] #7501: "Jastrow, *זַרְגֹּון"... OK (זרגון)
[25.0%] #7502: "Jastrow, *זַרְגּוּנָה"... OK (זרגונה)
  [Saved progress: 7502 entries]
[25.0%] #7503: "Jastrow, זֶרֶד"... OK (זרד)
[25.0%] #7504: "Jastrow, זָרַד"... duplicate
[25.0%] #7504: "Jastrow, זַרְדָּא"... OK (זרדא)
[25.0%] #7505: "Jastrow, זרדן"... OK (זרדן)
[25.0%] #7506: "Jastrow, זַרְדְּתָא"... OK (זרדתא)
[25.0%] #7507: "Jastrow, זָרָה"... OK (זרה)
[25.0%] #7508: "Jastrow, זָרָה  I, II"... duplicate
[25.0%] #7508: "Jastrow, *זַרְוַאי"... OK (זרואי)
[25.0%] #7509: "Jastrow, זֵרוּז"... OK (זרוז)
[25.0%] #7510: "Jastrow, זְרוֹעַ"... OK (זרוע)
[25.0%] #7511: "Jastrow, זֵרוּעַ"... duplicate
[25.0%] #7511: "Jastrow, זְרוֹק"... OK (זרוק)
[25.0%] #7512: "Jastrow, זְרוּקִינְיָא"... OK (זרוקיניא)
[25.0%] #7513: "Jastrow, זָרוֹקְפָא"... OK (זרוקפא)
[25.0%] #7514: "Jastrow, זרורזי"... OK (זרורזי)
[25.0%] #7515: "Jastrow, זָרוּת"... OK (זרות)
[25.1%] #7516: "Jastrow, זָרַז"... OK (זרז)
[25.1%] #7517: "Jastrow, זְרַז I"... duplicate
[25.1%] #7517: "Jastrow, זֶרֶז"... duplicate
[25.1%] #7517: "Jastrow, זְרַז II"... duplicate
[25.1%] #7517: "Jastrow, זִרְזֵיף"... OK (זרזיף)
[25.1%] #7518: "Jastrow, זַרְזִיפָא"... OK (זרזיפא)
[25.1%] #7519: "Jastrow, זַרְזִיר I"... OK (זרזיר)
[25.1%] #7520: "Jastrow, זַרְזִיר II"... duplicate
[25.1%] #7520: "Jastrow, זִרְזֵף"... OK (זרזף)
[25.1%] #7521: "Jastrow, זַרְזָר"... OK (זרזר)
[25.1%] #7522: "Jastrow, זָרַח"... OK (זרח)
[25.1%] #7523: "Jastrow, זרי"... OK (זרי)
[25.1%] #7524: "Jastrow, זרי ²"... duplicate
[25.1%] #7524: "Jastrow, זרי ³"... duplicate
[25.1%] #7524: "Jastrow, זְרִיבָה"... OK (זריבה)
[25.1%] #7525: "Jastrow, זָרִיד"... OK (זריד)
[25.1%] #7526: "Jastrow, זְרִיָּה"... OK (זריה)
[25.1%] #7527: "Jastrow, זִרְיוֹן"... OK (זריון)
[25.1%] #7528: "Jastrow, זָרִיז"... OK (זריז)
[25.1%] #7529: "Jastrow, זָרֵיז"... duplicate
[25.1%] #7529: "Jastrow, זָרִיז ²"... duplicate
[25.1%] #7529: "Jastrow, זְרִיזוּת"... OK (זריזות)
[25.1%] #7530: "Jastrow, זְרִיזוּתָא"... OK (זריזותא)
[25.1%] #7531: "Jastrow, זְרִיחָה"... OK (זריחה)
[25.1%] #7532: "Jastrow, זְרִיָּיה"... OK (זרייה)
[25.1%] #7533: "Jastrow, זְרִיעַ"... OK (זריע)
[25.1%] #7534: "Jastrow, זְרִיעָה"... OK (זריעה)
[25.1%] #7535: "Jastrow, זְרִיקָה"... OK (זריקה)
[25.1%] #7536: "Jastrow, זְרִיקְתָּא"... OK (זריקתא)
[25.1%] #7537: "Jastrow, זְרִירָא"... OK (זרירא)
[25.1%] #7538: "Jastrow, זריתיה"... OK (זריתיה)
[25.1%] #7539: "Jastrow, זרכאי"... OK (זרכאי)
[25.1%] #7540: "Jastrow, זַרְכֵּל"... OK (זרכל)
[25.1%] #7541: "Jastrow, זַרְמִית"... OK (זרמית)
[25.1%] #7542: "Jastrow, זָרָנָא"... OK (זרנא)
[25.1%] #7543: "Jastrow, זַרְנוּקָא"... OK (זרנוקא)
[25.1%] #7544: "Jastrow, זַרְנִיךְ"... OK (זרניך)
[25.1%] #7545: "Jastrow, זָרַע"... OK (זרע)
[25.1%] #7546: "Jastrow, זְרַע I"... duplicate
[25.1%] #7546: "Jastrow, זֶרַע"... duplicate
[25.1%] #7546: "Jastrow, זְרַע II"... duplicate
[25.1%] #7546: "Jastrow, זֵרָעוֹן"... OK (זרעון)
[25.2%] #7547: "Jastrow, זרעות"... OK (זרעות)
[25.2%] #7548: "Jastrow, זַרְעִי"... OK (זרעי)
[25.2%] #7549: "Jastrow, זַרְעִית"... OK (זרעית)
[25.2%] #7550: "Jastrow, זַרְעִית ²"... duplicate
[25.2%] #7550: "Jastrow, זרף"... OK (זרף)
[25.2%] #7551: "Jastrow, זְרַף"... duplicate
[25.2%] #7551: "Jastrow, זִרְפָּא"... OK (זרפא)
[25.2%] #7552: "Jastrow, זָרַק"... OK (זרק)
[25.2%] #7553: "Jastrow, זְרַק"... duplicate
[25.2%] #7553: "Jastrow, זִרְקְתָא"... OK (זרקתא)
[25.2%] #7554: "Jastrow, זָרַר"... OK (זרר)
[25.2%] #7555: "Jastrow, זֶרֶת"... OK (זרת)
[25.2%] #7556: "Jastrow, זַרְתָּא"... OK (זרתא)
[25.2%] #7557: "Jastrow, זֵתָא"... OK (זתא)
[25.2%] #7558: "Jastrow, זֵתִים"... OK (זתים)
[25.2%] #7559: "Jastrow, ח"... OK (ח)
[25.2%] #7560: "Jastrow, ח׳"... duplicate
[25.2%] #7560: "Jastrow, חָאִי"... OK (חאי)
[25.2%] #7561: "Jastrow, חָאִיךְ"... OK (חאיך)
[25.2%] #7562: "Jastrow, *חַאיְתָא"... OK (חאיתא)
[25.2%] #7563: "Jastrow, חאסטו"... OK (חאסטו)
[25.2%] #7564: "Jastrow, חָאפוּן"... OK (חאפון)
[25.2%] #7565: "Jastrow, חָאֵק"... OK (חאק)
[25.2%] #7566: "Jastrow, חָב"... OK (חב)
[25.2%] #7567: "Jastrow, חָבָא"... OK (חבא)
[25.2%] #7568: "Jastrow, חֻבָּא"... duplicate
[25.2%] #7568: "Jastrow, חֵבָא"... duplicate
[25.2%] #7568: "Jastrow, חָבַב I"... OK (חבב)
[25.2%] #7569: "Jastrow, חֲבַב"... duplicate
[25.2%] #7569: "Jastrow, *חָבַב II"... duplicate
[25.2%] #7569: "Jastrow, חֲבָבָאֵי"... OK (חבבאי)
[25.2%] #7570: "Jastrow, חִבָּה"... OK (חבה)
[25.2%] #7571: "Jastrow, חֵבָה"... duplicate
[25.2%] #7571: "Jastrow, חָבוּ"... OK (חבו)
[25.2%] #7572: "Jastrow, חִבּוּבָא"... OK (חבובא)
[25.2%] #7573: "Jastrow, חבוורתא"... OK (חבוורתא)
[25.2%] #7574: "Jastrow, חִבּוּט"... OK (חבוט)
[25.2%] #7575: "Jastrow, חָבוּט"... duplicate
[25.2%] #7575: "Jastrow, חֲבוּטָא"... OK (חבוטא)
[25.3%] #7576: "Jastrow, חֲבוֹל"... OK (חבול)
[25.3%] #7577: "Jastrow, חִבּוּל"... duplicate
[25.3%] #7577: "Jastrow, חֲבוֹלָה"... OK (חבולה)
  [Saved progress: 7577 entries]
[25.3%] #7578: "Jastrow, חֲבוּלָא"... OK (חבולא)
[25.3%] #7579: "Jastrow, חֲבוּלְיָא"... OK (חבוליא)
[25.3%] #7580: "Jastrow, חִבּוּר"... OK (חבור)
[25.3%] #7581: "Jastrow, חֲבוּרָא"... OK (חבורא)
[25.3%] #7582: "Jastrow, חַבּוּרָא I"... duplicate
[25.3%] #7582: "Jastrow, חַבּוּרָא II"... duplicate
[25.3%] #7582: "Jastrow, חֲבוּרָה I"... OK (חבורה)
[25.3%] #7583: "Jastrow, חַבּוּרָה"... duplicate
[25.3%] #7583: "Jastrow, חַבּוּרְתָּא"... OK (חבורתא)
[25.3%] #7584: "Jastrow, חֲבוּרְתָּא"... duplicate
[25.3%] #7584: "Jastrow, חָבוּשׁ"... OK (חבוש)
[25.3%] #7585: "Jastrow, חָבוּשָׁא"... OK (חבושא)
[25.3%] #7586: "Jastrow, חֲבוּשָׁא"... duplicate
[25.3%] #7586: "Jastrow, חָבַט"... OK (חבט)
[25.3%] #7587: "Jastrow, חֲבַט"... duplicate
[25.3%] #7587: "Jastrow, חֶבֶט I"... duplicate
[25.3%] #7587: "Jastrow, חֶבֶט II"... duplicate
[25.3%] #7587: "Jastrow, חֲבָטָא"... OK (חבטא)
[25.3%] #7588: "Jastrow, *חֲבָטָה"... OK (חבטה)
[25.3%] #7589: "Jastrow, חבטי"... OK (חבטי)
[25.3%] #7590: "Jastrow, חבי"... OK (חבי)
[25.3%] #7591: "Jastrow, חֲבֵי"... duplicate
[25.3%] #7591: "Jastrow, חֲבַי"... duplicate
[25.3%] #7591: "Jastrow, חָבִיב I"... OK (חביב)
[25.3%] #7592: "Jastrow, חָבִיב"... duplicate
[25.3%] #7592: "Jastrow, חָבִיב ²"... duplicate
[25.3%] #7592: "Jastrow, חֲבִיבָא III"... OK (חביבא)
[25.3%] #7593: "Jastrow, *חֲבִיבָאֵי"... OK (חביבאי)
[25.3%] #7594: "Jastrow, חֲבִיבָה"... OK (חביבה)
[25.3%] #7595: "Jastrow, חֲבִיבוּתָא"... OK (חביבותא)
[25.3%] #7596: "Jastrow, חֲבִיבַי"... OK (חביבי)
[25.3%] #7597: "Jastrow, חֲבִיבְתָּא"... OK (חביבתא)
[25.3%] #7598: "Jastrow, חֶבְיוֹנָא"... OK (חביונא)
[25.3%] #7599: "Jastrow, חֶבְיוֹנָה"... OK (חביונה)
[25.3%] #7600: "Jastrow, חֲבִיט"... OK (חביט)
[25.3%] #7601: "Jastrow, חביים"... OK (חביים)
[25.3%] #7602: "Jastrow, חֲבִיל"... OK (חביל)
[25.3%] #7603: "Jastrow, חֲבֵיל"... duplicate
[25.3%] #7603: "Jastrow, חֲבֵיל ²"... duplicate
[25.3%] #7603: "Jastrow, חֲבִילא I"... OK (חבילא)
[25.3%] #7604: "Jastrow, חֲבִילָא II"... duplicate
[25.3%] #7604: "Jastrow, חֲבִילָה"... OK (חבילה)
[25.3%] #7605: "Jastrow, חבין"... OK (חבין)
[25.4%] #7606: "Jastrow, חֲבִינָאוּת"... OK (חבינאות)
[25.4%] #7607: "Jastrow, חביננא"... OK (חביננא)
[25.4%] #7608: "Jastrow, חֲבִינָנוּת"... OK (חביננות)
[25.4%] #7609: "Jastrow, חביץ"... OK (חביץ)
[25.4%] #7610: "Jastrow, חָבִיץ"... duplicate
[25.4%] #7610: "Jastrow, חָבִיצָא"... OK (חביצא)
[25.4%] #7611: "Jastrow, חֲבֵיר־"... OK (חביר)
[25.4%] #7612: "Jastrow, חֲבִירָא"... OK (חבירא)
[25.4%] #7613: "Jastrow, חֲבֵירָה"... OK (חבירה)
[25.4%] #7614: "Jastrow, חֲבִישָׁה"... OK (חבישה)
[25.4%] #7615: "Jastrow, חָבִית"... OK (חבית)
[25.4%] #7616: "Jastrow, חָבִיתָא"... OK (חביתא)
[25.4%] #7617: "Jastrow, חֲבִיתִּים"... OK (חביתים)
[25.4%] #7618: "Jastrow, חָבַל"... OK (חבל)
[25.4%] #7619: "Jastrow, חֲבַל I"... duplicate
[25.4%] #7619: "Jastrow, חֲבַל II"... duplicate
[25.4%] #7619: "Jastrow, חֲבֵל"... duplicate
[25.4%] #7619: "Jastrow, חֶבֶל"... duplicate
[25.4%] #7619: "Jastrow, חֵבֶל"... duplicate
[25.4%] #7619: "Jastrow, חֶבְלָא"... OK (חבלא)
[25.4%] #7620: "Jastrow, חַבְלָא I"... duplicate
[25.4%] #7620: "Jastrow, חַבְּלָא"... duplicate
[25.4%] #7620: "Jastrow, חַבְלָא II"... duplicate
[25.4%] #7620: "Jastrow, חַבְלָה"... OK (חבלה)
[25.4%] #7621: "Jastrow, חֲבָלָה"... duplicate
[25.4%] #7621: "Jastrow, חַבָּלָה"... duplicate
[25.4%] #7621: "Jastrow, חַבְלוּתָא"... OK (חבלותא)
[25.4%] #7622: "Jastrow, חַבְּלָן"... OK (חבלן)
[25.4%] #7623: "Jastrow, חבננא"... OK (חבננא)
[25.4%] #7624: "Jastrow, חַבְנָנוּתָא"... OK (חבננותא)
[25.4%] #7625: "Jastrow, חָבַס"... OK (חבס)
[25.4%] #7626: "Jastrow, חֲבָסָא"... OK (חבסא)
[25.4%] #7627: "Jastrow, חָבַץ"... OK (חבץ)
[25.4%] #7628: "Jastrow, חֲבַצֶּלֶת"... OK (חבצלת)
[25.4%] #7629: "Jastrow, חָבַק"... OK (חבק)
[25.4%] #7630: "Jastrow, חֲבַק"... duplicate
[25.4%] #7630: "Jastrow, חֶבֶק"... duplicate
[25.4%] #7630: "Jastrow, חָבַר"... OK (חבר)
[25.4%] #7631: "Jastrow, חֲבַר"... duplicate
[25.4%] #7631: "Jastrow, חָבֵר"... duplicate
[25.4%] #7631: "Jastrow, חֶבֶר"... duplicate
[25.4%] #7631: "Jastrow, חַבָּר"... duplicate
[25.4%] #7631: "Jastrow, חַבָּר ²"... duplicate
[25.4%] #7631: "Jastrow, חַבְרָא"... OK (חברא)
[25.4%] #7632: "Jastrow, חֲבַרְבַּר"... OK (חברבר)
[25.4%] #7633: "Jastrow, חֲבַרְבָּר"... duplicate
[25.4%] #7633: "Jastrow, חֲבַרְבָּרָא"... OK (חברברא)
[25.4%] #7634: "Jastrow, חֲבַרְבְּרֵי"... OK (חברברי)
[25.4%] #7635: "Jastrow, חֲבֵרָה"... OK (חברה)
[25.4%] #7636: "Jastrow, חֶבְרוֹן"... OK (חברון)
[25.5%] #7637: "Jastrow, חַבְרוּרָא"... OK (חברורא)
[25.5%] #7638: "Jastrow, חֲבֵרוּת"... OK (חברות)
[25.5%] #7639: "Jastrow, חַבָּרוּתָא"... OK (חברותא)
[25.5%] #7640: "Jastrow, חברית"... OK (חברית)
[25.5%] #7641: "Jastrow, חֲבֶרֶת"... OK (חברת)
[25.5%] #7642: "Jastrow, חָבַשׁ"... OK (חבש)
[25.5%] #7643: "Jastrow, חֲבַשׁ"... duplicate
  [Saved progress: 7642 entries]
[25.5%] #7643: "Jastrow, חֲבָשָׁה"... OK (חבשה)
[25.5%] #7644: "Jastrow, חבת"... OK (חבת)
[25.5%] #7645: "Jastrow, *חַבְתָּא"... OK (חבתא)
[25.5%] #7646: "Jastrow, חִבְּתָא"... duplicate
[25.5%] #7646: "Jastrow, חֲבִתִּין"... OK (חבתין)
[25.5%] #7647: "Jastrow, חָג"... OK (חג)
[25.5%] #7648: "Jastrow, חָג ²"... duplicate
[25.5%] #7648: "Jastrow, חַגָּא I"... OK (חגא)
[25.5%] #7649: "Jastrow, חַגָּא II"... duplicate
[25.5%] #7649: "Jastrow, חֵגֶה"... OK (חגה)
[25.5%] #7650: "Jastrow, חָגָב"... OK (חגב)
[25.5%] #7651: "Jastrow, חָגָבָא"... OK (חגבא)
[25.5%] #7652: "Jastrow, חָגַג"... OK (חגג)
[25.5%] #7653: "Jastrow, חֲגַג"... duplicate
[25.5%] #7653: "Jastrow, חַגְוָא"... OK (חגוא)
[25.5%] #7654: "Jastrow, חַגּוּר"... OK (חגור)
[25.5%] #7655: "Jastrow, חֲגוֹר"... duplicate
[25.5%] #7655: "Jastrow, חֲגוֹרָה"... OK (חגורה)
[25.5%] #7656: "Jastrow, חָגָז"... OK (חגז)
[25.5%] #7657: "Jastrow, *חָגָזָא"... OK (חגזא)
[25.5%] #7658: "Jastrow, חַגַּי"... OK (חגי)
[25.5%] #7659: "Jastrow, חֲגִיגָה"... OK (חגיגה)
[25.5%] #7660: "Jastrow, חגידה"... OK (חגידה)
[25.5%] #7661: "Jastrow, חַגַּיי"... OK (חגיי)
[25.5%] #7662: "Jastrow, חגייא"... OK (חגייא)
[25.5%] #7663: "Jastrow, חַגִּיר"... OK (חגיר)
[25.5%] #7664: "Jastrow, חֲגִירָה"... OK (חגירה)
[25.5%] #7665: "Jastrow, חֲגַל"... OK (חגל)
[25.6%] #7666: "Jastrow, חָגָס"... OK (חגס)
[25.6%] #7667: "Jastrow, חָגַר I"... OK (חגר)
[25.6%] #7668: "Jastrow, חֲגַר"... duplicate
[25.6%] #7668: "Jastrow, חָגַר II"... duplicate
[25.6%] #7668: "Jastrow, חֲגַר ²"... duplicate
[25.6%] #7668: "Jastrow, חִגֵּר"... duplicate
[25.6%] #7668: "Jastrow, חָגָר"... duplicate
[25.6%] #7668: "Jastrow, חַגְרָא I"... OK (חגרא)
[25.6%] #7669: "Jastrow, חַגְרָא II"... duplicate
[25.6%] #7669: "Jastrow, חִגְּרָא"... duplicate
[25.6%] #7669: "Jastrow, חַגְרָה"... OK (חגרה)
[25.6%] #7670: "Jastrow, *חִגַּרְתָּא"... OK (חגרתא)
[25.6%] #7671: "Jastrow, חַגְּתָא"... OK (חגתא)
[25.6%] #7672: "Jastrow, חַד I"... OK (חד)
[25.6%] #7673: "Jastrow, חַד II"... duplicate
[25.6%] #7673: "Jastrow, חֲדָא I"... OK (חדא)
[25.6%] #7674: "Jastrow, חֲדָא II"... duplicate
[25.6%] #7674: "Jastrow, חדא"... duplicate
[25.6%] #7674: "Jastrow, חֲדָאָה"... OK (חדאה)
[25.6%] #7675: "Jastrow, חדאקנו"... OK (חדאקנו)
[25.6%] #7676: "Jastrow, חָדַד"... OK (חדד)
[25.6%] #7677: "Jastrow, חֲדַד"... duplicate
[25.6%] #7677: "Jastrow, חַדָּה"... OK (חדה)
[25.6%] #7678: "Jastrow, חֵדוּ"... OK (חדו)
[25.6%] #7679: "Jastrow, חֶדְוָא"... OK (חדוא)
[25.6%] #7680: "Jastrow, חִדּוּד"... OK (חדוד)
[25.6%] #7681: "Jastrow, חֲדוּדוּ"... OK (חדודו)
[25.6%] #7682: "Jastrow, חדודי"... OK (חדודי)
[25.6%] #7683: "Jastrow, חֶדְוָה"... OK (חדוה)
[25.6%] #7684: "Jastrow, חֶדְוָוא"... OK (חדווא)
[25.6%] #7685: "Jastrow, *חֲדוּיִין"... OK (חדויין)
[25.6%] #7686: "Jastrow, חִדּוּק"... OK (חדוק)
[25.6%] #7687: "Jastrow, חַדּוּת"... OK (חדות)
[25.6%] #7688: "Jastrow, חֶדְוְתָא"... OK (חדותא)
[25.6%] #7689: "Jastrow, חַדְוְתָא"... duplicate
[25.6%] #7689: "Jastrow, חֲדֵי"... OK (חדי)
[25.6%] #7690: "Jastrow, חַדְיָא"... OK (חדיא)
[25.6%] #7691: "Jastrow, חַדְיָא ²"... duplicate
[25.6%] #7691: "Jastrow, חָדִיד"... OK (חדיד)
[25.6%] #7692: "Jastrow, חַדְיִיב"... OK (חדייב)
[25.6%] #7693: "Jastrow, חַדְיָית"... OK (חדיית)
[25.6%] #7694: "Jastrow, חדינא"... OK (חדינא)
[25.6%] #7695: "Jastrow, חֲדֵיסַר"... OK (חדיסר)
[25.7%] #7696: "Jastrow, חָדַל"... OK (חדל)
[25.7%] #7697: "Jastrow, חֲדָלָה"... OK (חדלה)
[25.7%] #7698: "Jastrow, חָדַס"... OK (חדס)
[25.7%] #7699: "Jastrow, חדס"... duplicate
[25.7%] #7699: "Jastrow, חַדְסַר"... OK (חדסר)
[25.7%] #7700: "Jastrow, חַדְסְרָאָה"... OK (חדסראה)
[25.7%] #7701: "Jastrow, חַדְסְרֵי"... OK (חדסרי)
[25.7%] #7702: "Jastrow, חָדַק"... OK (חדק)
[25.7%] #7703: "Jastrow, חֲדַק"... duplicate
[25.7%] #7703: "Jastrow, חֶדֶק"... duplicate
[25.7%] #7703: "Jastrow, חִדְקָא"... OK (חדקא)
[25.7%] #7704: "Jastrow, חִדְקָא ²"... duplicate
[25.7%] #7704: "Jastrow, חִדְקָאָה"... OK (חדקאה)
[25.7%] #7705: "Jastrow, חִדֶּקֶל"... OK (חדקל)
[25.7%] #7706: "Jastrow, חָדַר"... OK (חדר)
[25.7%] #7707: "Jastrow, חֲדַר"... duplicate
[25.7%] #7707: "Jastrow, חֶדֶר"... duplicate
[25.7%] #7707: "Jastrow, חַדְרוֹנָא"... OK (חדרונא)
[25.7%] #7708: "Jastrow, חַדְרָךְ"... OK (חדרך)
[25.7%] #7709: "Jastrow, חָדַשׁ"... OK (חדש)
[25.7%] #7710: "Jastrow, חָדָשׁ"... duplicate
[25.7%] #7710: "Jastrow, חֹדֶשׁ"... duplicate
[25.7%] #7710: "Jastrow, חֲדָשָׁה I"... OK (חדשה)
[25.7%] #7711: "Jastrow, חֲדָשָׁה II"... duplicate
[25.7%] #7711: "Jastrow, חֲדַת"... OK (חדת)
[25.7%] #7712: "Jastrow, חַדִּת"... duplicate
[25.7%] #7712: "Jastrow, חַדְתָּא"... OK (חדתא)
[25.7%] #7713: "Jastrow, חדתון"... OK (חדתון)
[25.7%] #7714: "Jastrow, חַדְתּוּתָא"... OK (חדתותא)
  [Saved progress: 7714 entries]
[25.7%] #7715: "Jastrow, חַדְתָּנָא"... OK (חדתנא)
[25.7%] #7716: "Jastrow, חוּ"... OK (חו)
[25.7%] #7717: "Jastrow, חֵוָא"... OK (חוא)
[25.7%] #7718: "Jastrow, חֲוָא"... duplicate
[25.7%] #7718: "Jastrow, חוּב"... OK (חוב)
[25.7%] #7719: "Jastrow, חוּב ²"... duplicate
[25.7%] #7719: "Jastrow, חוֹב I"... duplicate
[25.7%] #7719: "Jastrow, חוֹב II"... duplicate
[25.7%] #7719: "Jastrow, חוֹבָא"... OK (חובא)
[25.7%] #7720: "Jastrow, חוּבָא"... duplicate
[25.7%] #7720: "Jastrow, חוּבָּא I"... duplicate
[25.7%] #7720: "Jastrow, חוּבָּא II"... duplicate
[25.7%] #7720: "Jastrow, חוֹבָאָה"... OK (חובאה)
[25.7%] #7721: "Jastrow, חוּבָּה II"... OK (חובה)
[25.7%] #7722: "Jastrow, חוּבָה"... duplicate
[25.7%] #7722: "Jastrow, חוֹבָה"... duplicate
[25.7%] #7722: "Jastrow, חוֹבִט"... OK (חובט)
[25.7%] #7723: "Jastrow, *חוּבְטָא"... OK (חובטא)
[25.7%] #7724: "Jastrow, חוֹבְלָן"... OK (חובלן)
[25.7%] #7725: "Jastrow, חוֹבְלָנִית"... OK (חובלנית)
[25.8%] #7726: "Jastrow, חוּבָּץ I"... OK (חובץ)
[25.8%] #7727: "Jastrow, חוּבָּץ II"... duplicate
[25.8%] #7727: "Jastrow, חוֹבֵר"... OK (חובר)
[25.8%] #7728: "Jastrow, חוּבְשָׁה"... OK (חובשה)
[25.8%] #7729: "Jastrow, חוּבְשִׁין"... OK (חובשין)
[25.8%] #7730: "Jastrow, חוֹבְתָא"... OK (חובתא)
[25.8%] #7731: "Jastrow, חוּג"... OK (חוג)
[25.8%] #7732: "Jastrow, חוֹגֵג"... OK (חוגג)
[25.8%] #7733: "Jastrow, חוּגְתָא"... OK (חוגתא)
[25.8%] #7734: "Jastrow, חוּד"... OK (חוד)
[25.8%] #7735: "Jastrow, חוֹד"... duplicate
[25.8%] #7735: "Jastrow, חוֹד ²"... duplicate
[25.8%] #7735: "Jastrow, חוּדָּא"... OK (חודא)
[25.8%] #7736: "Jastrow, חוּדַאי"... OK (חודאי)
[25.8%] #7737: "Jastrow, חוּדִיתָא"... OK (חודיתא)
[25.8%] #7738: "Jastrow, חוֹדִק"... OK (חודק)
[25.8%] #7739: "Jastrow, חוּדְקִי"... OK (חודקי)
[25.8%] #7740: "Jastrow, חוֹדֶשׁ"... OK (חודש)
[25.8%] #7741: "Jastrow, חוּדְתָּא"... OK (חודתא)
[25.8%] #7742: "Jastrow, חַוָּהּ"... OK (חוה)
[25.8%] #7743: "Jastrow, חוודרוריא"... OK (חוודרוריא)
[25.8%] #7744: "Jastrow, חֶוְויָא"... OK (חוויא)
[25.8%] #7745: "Jastrow, חַוְויָא"... duplicate
[25.8%] #7745: "Jastrow, חֲוִוילָא"... OK (חווילא)
[25.8%] #7746: "Jastrow, חַוָּוק"... OK (חווק)
[25.8%] #7747: "Jastrow, חֲוַור"... OK (חוור)
[25.8%] #7748: "Jastrow, חֲוַורְבָּרָא"... OK (חוורברא)
[25.8%] #7749: "Jastrow, חֲוַורְוָור"... OK (חוורוור)
[25.8%] #7750: "Jastrow, *חַוְורוּלִין"... OK (חוורולין)
[25.8%] #7751: "Jastrow, חֲוַורְוָר"... OK (חוורור)
[25.8%] #7752: "Jastrow, חִוַּורְוָרַיָּא"... OK (חוורוריא)
[25.8%] #7753: "Jastrow, חַוְורָן"... OK (חוורן)
[25.8%] #7754: "Jastrow, חוורנס"... OK (חוורנס)
[25.8%] #7755: "Jastrow, חִוַּורְתָּא"... OK (חוורתא)
[25.9%] #7756: "Jastrow, חֲוַורְתָּן"... OK (חוורתן)
[25.9%] #7757: "Jastrow, חוּז"... OK (חוז)
[25.9%] #7758: "Jastrow, חוֹזָאָה I"... OK (חוזאה)
[25.9%] #7759: "Jastrow, חוֹזָאָה II"... duplicate
[25.9%] #7759: "Jastrow, חוֹזָאֵי"... OK (חוזאי)
[25.9%] #7760: "Jastrow, חוֹזֶה"... OK (חוזה)
[25.9%] #7761: "Jastrow, חוֹזִי"... OK (חוזי)
[25.9%] #7762: "Jastrow, חוֹזְרָנָא"... OK (חוזרנא)
[25.9%] #7763: "Jastrow, חוֹזְרָנוּתָא"... OK (חוזרנותא)
[25.9%] #7764: "Jastrow, חוֹזְרָר"... OK (חוזרר)
[25.9%] #7765: "Jastrow, חוֹחַ"... OK (חוח)
[25.9%] #7766: "Jastrow, חוֹחָא"... OK (חוחא)
[25.9%] #7767: "Jastrow, חוֹט"... OK (חוט)
[25.9%] #7768: "Jastrow, חוּט I"... duplicate
[25.9%] #7768: "Jastrow, חוּט"... duplicate
[25.9%] #7768: "Jastrow, חוּט II"... duplicate
[25.9%] #7768: "Jastrow, חֲוַט"... duplicate
[25.9%] #7768: "Jastrow, חוּט III"... duplicate
[25.9%] #7768: "Jastrow, חוּטָא"... OK (חוטא)
[25.9%] #7769: "Jastrow, חוֹטְבָא"... OK (חוטבא)
[25.9%] #7770: "Jastrow, חוֹטָם"... OK (חוטם)
[25.9%] #7771: "Jastrow, חוּטְמָא"... OK (חוטמא)
[25.9%] #7772: "Jastrow, חוֹטֶר"... OK (חוטר)
[25.9%] #7773: "Jastrow, חוּטְרָא II"... OK (חוטרא)
[25.9%] #7774: "Jastrow, חוּטְרָא III"... duplicate
[25.9%] #7774: "Jastrow, חוּטְרָנָא"... OK (חוטרנא)
[25.9%] #7775: "Jastrow, חוֹטֶרֶת"... OK (חוטרת)
[25.9%] #7776: "Jastrow, חוי"... OK (חוי)
[25.9%] #7777: "Jastrow, חוי ²"... duplicate
[25.9%] #7777: "Jastrow, חִוֵּי"... duplicate
[25.9%] #7777: "Jastrow, חויילאות"... OK (חויילאות)
[25.9%] #7778: "Jastrow, חוֹךְ"... OK (חוך)
[25.9%] #7779: "Jastrow, חוּךְ I"... duplicate
[25.9%] #7779: "Jastrow, חוּךְ II"... duplicate
[25.9%] #7779: "Jastrow, חוֹךְ I"... duplicate
[25.9%] #7779: "Jastrow, חוֹךְ II"... duplicate
[25.9%] #7779: "Jastrow, חוּכְמָא"... OK (חוכמא)
[25.9%] #7780: "Jastrow, חוֹכֵר"... OK (חוכר)
[25.9%] #7781: "Jastrow, חוּל"... OK (חול)
[25.9%] #7782: "Jastrow, חוּל ²"... duplicate
[25.9%] #7782: "Jastrow, חוּל II"... duplicate
[25.9%] #7782: "Jastrow, חוּל ³"... duplicate
[25.9%] #7782: "Jastrow, חוֹל I"... duplicate
[25.9%] #7782: "Jastrow, חוֹל II"... duplicate
[25.9%] #7782: "Jastrow, חוֹל III"... duplicate
[25.9%] #7782: "Jastrow, חוּלָּא"... OK (חולא)
  [Saved progress: 7782 entries]
[25.9%] #7783: "Jastrow, חוֹלָא I"... duplicate
[25.9%] #7783: "Jastrow, חוֹלָא II"... duplicate
[25.9%] #7783: "Jastrow, חוּלְדָּא"... OK (חולדא)
[25.9%] #7784: "Jastrow, חוּלְדָּה I"... OK (חולדה)
[25.9%] #7785: "Jastrow, חוּלְדָּה II"... duplicate
[25.9%] #7785: "Jastrow, חוּלְדָּה III"... duplicate
[25.9%] #7785: "Jastrow, חוֹלֶה"... OK (חולה)
[25.9%] #7786: "Jastrow, חוֹלָה I"... duplicate
[25.9%] #7786: "Jastrow, חוֹלָה II"... duplicate
[25.9%] #7786: "Jastrow, חולונאי"... OK (חולונאי)
[26.0%] #7787: "Jastrow, חוֹלוֹת"... OK (חולות)
[26.0%] #7788: "Jastrow, חוּלְזָא"... OK (חולזא)
[26.0%] #7789: "Jastrow, חולחול"... OK (חולחול)
[26.0%] #7790: "Jastrow, חוּלְחוֹלִית"... OK (חולחולית)
[26.0%] #7791: "Jastrow, חוּלְחוּלְתָּא"... OK (חולחולתא)
[26.0%] #7792: "Jastrow, חוּלְחָלִית"... OK (חולחלית)
[26.0%] #7793: "Jastrow, חוּלְטֵיתָא"... OK (חולטיתא)
[26.0%] #7794: "Jastrow, חוּלְטָנִית"... OK (חולטנית)
[26.0%] #7795: "Jastrow, חוּלֵי"... OK (חולי)
[26.0%] #7796: "Jastrow, חוֹלִי"... duplicate
[26.0%] #7796: "Jastrow, חוּלְיָא I"... OK (חוליא)
[26.0%] #7797: "Jastrow, חוּלְיָא II"... duplicate
[26.0%] #7797: "Jastrow, חוּלְיָה"... OK (חוליה)
[26.0%] #7798: "Jastrow, חוֹלִילָא"... OK (חולילא)
[26.0%] #7799: "Jastrow, חוּלִּין"... OK (חולין)
[26.0%] #7800: "Jastrow, חוֹלֵיץ"... OK (חוליץ)
[26.0%] #7801: "Jastrow, חוֹלִית"... OK (חולית)
[26.0%] #7802: "Jastrow, *חולית"... duplicate
[26.0%] #7802: "Jastrow, חוֹלֵל"... OK (חולל)
[26.0%] #7803: "Jastrow, חוֹלֵלָא"... OK (חוללא)
[26.0%] #7804: "Jastrow, חוֹלָסִית"... OK (חולסית)
[26.0%] #7805: "Jastrow, חוֹלֵף"... OK (חולף)
[26.0%] #7806: "Jastrow, חוֹלַף"... duplicate
[26.0%] #7806: "Jastrow, חוֹלְפָה"... OK (חולפה)
[26.0%] #7807: "Jastrow, חוּלְפָנָא"... OK (חולפנא)
[26.0%] #7808: "Jastrow, חולפניתא"... OK (חולפניתא)
[26.0%] #7809: "Jastrow, חוֹלֵץ"... OK (חולץ)
[26.0%] #7810: "Jastrow, חוּלַּק"... OK (חולק)
[26.0%] #7811: "Jastrow, חוּלְשָׁא"... OK (חולשא)
[26.0%] #7812: "Jastrow, חוֹלַת"... OK (חולת)
[26.0%] #7813: "Jastrow, חוּלְתָּא"... OK (חולתא)
[26.0%] #7814: "Jastrow, חוּלְתָא"... duplicate
[26.0%] #7814: "Jastrow, חוּם"... OK (חום)
[26.0%] #7815: "Jastrow, חוֹם"... duplicate
[26.0%] #7815: "Jastrow, חוּמָּא"... OK (חומא)
[26.1%] #7816: "Jastrow, חוֹמָא II"... duplicate
[26.1%] #7816: "Jastrow, חוֹמָה"... OK (חומה)
[26.1%] #7817: "Jastrow, חוּמְטָא I"... OK (חומטא)
[26.1%] #7818: "Jastrow, חוּמְטָא II"... duplicate
[26.1%] #7818: "Jastrow, חוּמְטוֹן"... OK (חומטון)
[26.1%] #7819: "Jastrow, חוּמְטִין"... OK (חומטין)
[26.1%] #7820: "Jastrow, חוּמְטַרְיָא"... OK (חומטריא)
[26.1%] #7821: "Jastrow, חוֹמֶס"... OK (חומס)
[26.1%] #7822: "Jastrow, חוֹמֵס"... duplicate
[26.1%] #7822: "Jastrow, חוֹמָסָא"... OK (חומסא)
[26.1%] #7823: "Jastrow, חוֹמְסָן"... OK (חומסן)
[26.1%] #7824: "Jastrow, חוּמְעָא"... OK (חומעא)
[26.1%] #7825: "Jastrow, חוֹמֶץ"... OK (חומץ)
[26.1%] #7826: "Jastrow, חוֹמֵץ"... duplicate
[26.1%] #7826: "Jastrow, חוּמְצָא I"... OK (חומצא)
[26.1%] #7827: "Jastrow, חוּמְצָא II"... duplicate
[26.1%] #7827: "Jastrow, חוֹמְצָאֵי"... OK (חומצאי)
[26.1%] #7828: "Jastrow, חוּמְצָן"... OK (חומצן)
[26.1%] #7829: "Jastrow, חוֹמֶר I"... OK (חומר)
[26.1%] #7830: "Jastrow, חוֹמֶר II"... duplicate
[26.1%] #7830: "Jastrow, חוּמְרָא I"... OK (חומרא)
[26.1%] #7831: "Jastrow, חוּמְרָא II"... duplicate
[26.1%] #7831: "Jastrow, חוּמְרָא III"... duplicate
[26.1%] #7831: "Jastrow, חוֹמְרָא"... duplicate
[26.1%] #7831: "Jastrow, חוּמַרְתָּא"... OK (חומרתא)
[26.1%] #7832: "Jastrow, חוֹמֶשׁ"... OK (חומש)
[26.1%] #7833: "Jastrow, חוּמְשָׁא"... OK (חומשא)
[26.1%] #7834: "Jastrow, חוּמְּתָא"... OK (חומתא)
[26.1%] #7835: "Jastrow, חוֹמְתָא"... duplicate
[26.1%] #7835: "Jastrow, חוּמְתִי"... OK (חומתי)
[26.1%] #7836: "Jastrow, חוּן"... OK (חון)
[26.1%] #7837: "Jastrow, חוּנָא"... OK (חונא)
[26.1%] #7838: "Jastrow, חוֹנִי"... OK (חוני)
[26.1%] #7839: "Jastrow, חוּנְיָא"... OK (חוניא)
[26.1%] #7840: "Jastrow, חוֹנְיוּ"... OK (חוניו)
[26.1%] #7841: "Jastrow, חוּנְיָיא"... OK (חונייא)
[26.1%] #7842: "Jastrow, חוּס"... OK (חוס)
[26.1%] #7843: "Jastrow, חוּס ²"... duplicate
[26.1%] #7843: "Jastrow, חוּסָּכָא"... OK (חוסכא)
[26.1%] #7844: "Jastrow, חוֹסֵם"... OK (חוסם)
[26.1%] #7845: "Jastrow, חוּסְמָנָא"... OK (חוסמנא)
[26.2%] #7846: "Jastrow, חוֹסֶן"... OK (חוסן)
[26.2%] #7847: "Jastrow, חוּסְנָא"... OK (חוסנא)
[26.2%] #7848: "Jastrow, חוּסְקִי"... OK (חוסקי)
[26.2%] #7849: "Jastrow, חוֹסֶר"... OK (חוסר)
[26.2%] #7850: "Jastrow, חוּסְרָן"... OK (חוסרן)
[26.2%] #7851: "Jastrow, חוּף I"... OK (חוף)
[26.2%] #7852: "Jastrow, חוּף"... duplicate
[26.2%] #7852: "Jastrow, חוּף II"... duplicate
[26.2%] #7852: "Jastrow, חוֹפָא"... OK (חופא)
[26.2%] #7853: "Jastrow, חוֹפָאָה"... OK (חופאה)
[26.2%] #7854: "Jastrow, חוּפָּה"... OK (חופה)
[26.2%] #7855: "Jastrow, חופורות"... OK (חופורות)
[26.2%] #7856: "Jastrow, חוּפְיָא"... OK (חופיא)
[26.2%] #7857: "Jastrow, חוֹפֶן"... OK (חופן)
  [Saved progress: 7857 entries]
[26.2%] #7858: "Jastrow, חוֹפֵר"... OK (חופר)
[26.2%] #7859: "Jastrow, חוּץ I"... OK (חוץ)
[26.2%] #7860: "Jastrow, חוּץ"... duplicate
[26.2%] #7860: "Jastrow, חוּץ II"... duplicate
[26.2%] #7860: "Jastrow, חוֹצֵב"... OK (חוצב)
[26.2%] #7861: "Jastrow, חוּצָה"... OK (חוצה)
[26.2%] #7862: "Jastrow, חוּצָה II"... duplicate
[26.2%] #7862: "Jastrow, חוֹצֵל"... OK (חוצל)
[26.2%] #7863: "Jastrow, חוֹצֶלֶת"... OK (חוצלת)
[26.2%] #7864: "Jastrow, חוּצְנָא"... OK (חוצנא)
[26.2%] #7865: "Jastrow, חוֹצַף"... OK (חוצף)
[26.2%] #7866: "Jastrow, חוּצְפִּית"... OK (חוצפית)
[26.2%] #7867: "Jastrow, חוּק"... OK (חוק)
[26.2%] #7868: "Jastrow, חוּק ²"... duplicate
[26.2%] #7868: "Jastrow, חוֹק"... duplicate
[26.2%] #7868: "Jastrow, חוּקָּה"... OK (חוקה)
[26.2%] #7869: "Jastrow, חָוַר"... OK (חור)
[26.2%] #7870: "Jastrow, חֲוַר"... duplicate
[26.2%] #7870: "Jastrow, חָוַּר"... duplicate
[26.2%] #7870: "Jastrow, חוּר I"... duplicate
[26.2%] #7870: "Jastrow, חוֹר I"... duplicate
[26.2%] #7870: "Jastrow, חוֹר II"... duplicate
[26.2%] #7870: "Jastrow, חוּר III"... duplicate
[26.2%] #7870: "Jastrow, חוֹרָא I"... OK (חורא)
[26.2%] #7871: "Jastrow, חוֹרָא II"... duplicate
[26.2%] #7871: "Jastrow, חוֹרָאֵי"... OK (חוראי)
[26.2%] #7872: "Jastrow, חוֹרֶב"... OK (חורב)
[26.2%] #7873: "Jastrow, חוּרְבָּא I"... OK (חורבא)
[26.2%] #7874: "Jastrow, חוּרְבָּא II"... duplicate
[26.2%] #7874: "Jastrow, חוֹרְבָּה"... OK (חורבה)
[26.2%] #7875: "Jastrow, חוֹרְבָּן"... OK (חורבן)
[26.3%] #7876: "Jastrow, חוּרְבָּנָא"... OK (חורבנא)
[26.3%] #7877: "Jastrow, חוֹרֵג"... OK (חורג)
[26.3%] #7878: "Jastrow, חוֹרְגָה"... OK (חורגה)
[26.3%] #7879: "Jastrow, חוּרְגְּתָא"... OK (חורגתא)
[26.3%] #7880: "Jastrow, חורוד"... OK (חורוד)
[26.3%] #7881: "Jastrow, חֲוַרְוָור"... OK (חורוור)
[26.3%] #7882: "Jastrow, חוֹרוֹן"... OK (חורון)
[26.3%] #7883: "Jastrow, חוֹרוֹן ²"... duplicate
[26.3%] #7883: "Jastrow, חֲוַרְוָר"... OK (חורור)
[26.3%] #7884: "Jastrow, חוֹרֵי"... OK (חורי)
[26.3%] #7885: "Jastrow, חוֹרִי I"... duplicate
[26.3%] #7885: "Jastrow, חוֹרִי II"... duplicate
[26.3%] #7885: "Jastrow, חוּרְלָא"... OK (חורלא)
[26.3%] #7886: "Jastrow, חוֹרֵם"... OK (חורם)
[26.3%] #7887: "Jastrow, חוּרְמָה"... OK (חורמה)
[26.3%] #7888: "Jastrow, חוּרְמַן"... OK (חורמן)
[26.3%] #7889: "Jastrow, חַוְרָן"... OK (חורן)
[26.3%] #7890: "Jastrow, חוֹרָן"... duplicate
[26.3%] #7890: "Jastrow, חוּרְסְפִיתָא"... OK (חורספיתא)
[26.3%] #7891: "Jastrow, חוֹרֶף"... OK (חורף)
[26.3%] #7892: "Jastrow, חוּרְפָּא"... OK (חורפא)
[26.3%] #7893: "Jastrow, חוּרְפָא"... duplicate
[26.3%] #7893: "Jastrow, חוּרְפִיתָא"... OK (חורפיתא)
[26.3%] #7894: "Jastrow, חוֹרָר"... OK (חורר)
[26.3%] #7895: "Jastrow, חוֹרֶשׁ"... OK (חורש)
[26.3%] #7896: "Jastrow, חוּרְשָׁא"... OK (חורשא)
[26.3%] #7897: "Jastrow, חוּרְתָּא"... OK (חורתא)
[26.3%] #7898: "Jastrow, חֲוַרְתָּן"... OK (חורתן)
[26.3%] #7899: "Jastrow, חוּשׁ I"... OK (חוש)
[26.3%] #7900: "Jastrow, חוּשׁ II"... duplicate
[26.3%] #7900: "Jastrow, חוּשׁ"... duplicate
[26.3%] #7900: "Jastrow, חוּשְׁבָּנָא"... OK (חושבנא)
[26.3%] #7901: "Jastrow, חוֹשֶׁךְ"... OK (חושך)
[26.3%] #7902: "Jastrow, חוּשְׁכָּא"... OK (חושכא)
[26.3%] #7903: "Jastrow, חוּשְׁלָא"... OK (חושלא)
[26.3%] #7904: "Jastrow, חוֹשֶׁן"... OK (חושן)
[26.3%] #7905: "Jastrow, חוֹשֶׁן ²"... duplicate
[26.3%] #7905: "Jastrow, חוּת"... OK (חות)
[26.4%] #7906: "Jastrow, חוֹתָל"... OK (חותל)
[26.4%] #7907: "Jastrow, חותלה"... OK (חותלה)
[26.4%] #7908: "Jastrow, חוֹתָם"... OK (חותם)
[26.4%] #7909: "Jastrow, חוֹתָמָא"... OK (חותמא)
[26.4%] #7910: "Jastrow, חוֹתֶמֶת"... OK (חותמת)
[26.4%] #7911: "Jastrow, חוּתְרָא"... OK (חותרא)
[26.4%] #7912: "Jastrow, חֵז"... OK (חז)
[26.4%] #7913: "Jastrow, חֲזָא"... OK (חזא)
[26.4%] #7914: "Jastrow, חזאיא"... OK (חזאיא)
[26.4%] #7915: "Jastrow, חֲזוּ"... OK (חזו)
[26.4%] #7916: "Jastrow, חֵזוּ"... duplicate
[26.4%] #7916: "Jastrow, חֶזְוָא"... OK (חזוא)
[26.4%] #7917: "Jastrow, חַזְוָונָא"... OK (חזוונא)
[26.4%] #7918: "Jastrow, חֲזוֹזָא"... OK (חזוזא)
[26.4%] #7919: "Jastrow, חֶזְוָיָא"... OK (חזויא)
[26.4%] #7920: "Jastrow, חזויתיה"... OK (חזויתיה)
[26.4%] #7921: "Jastrow, חָזוֹן"... OK (חזון)
[26.4%] #7922: "Jastrow, חָזוֹנָא"... OK (חזונא)
[26.4%] #7923: "Jastrow, חֶזְוָנָא"... duplicate
[26.4%] #7923: "Jastrow, חִזּוּק"... OK (חזוק)
[26.4%] #7924: "Jastrow, חֲזוֹר"... OK (חזור)
[26.4%] #7925: "Jastrow, חַזּוּר"... duplicate
[26.4%] #7925: "Jastrow, חָזוּת"... OK (חזות)
[26.4%] #7926: "Jastrow, חָזוּתָא"... OK (חזותא)
[26.4%] #7927: "Jastrow, חָזַז"... OK (חזז)
[26.4%] #7928: "Jastrow, חֲזָזָא"... OK (חזזא)
[26.4%] #7929: "Jastrow, חֲזָזִית"... OK (חזזית)
[26.4%] #7930: "Jastrow, חֲזָזִיתָא"... OK (חזזיתא)
[26.4%] #7931: "Jastrow, חֲזָזָן"... OK (חזזן)
[26.4%] #7932: "Jastrow, חזי"... OK (חזי)
[26.4%] #7933: "Jastrow, חֲזִי"... duplicate
  [Saved progress: 7932 entries]
[26.4%] #7933: "Jastrow, חַזְיָא"... OK (חזיא)
[26.4%] #7934: "Jastrow, חֶזְיָא I"... duplicate
[26.4%] #7934: "Jastrow, חֶזְיָא II"... duplicate
[26.4%] #7934: "Jastrow, חֵזְיוּ"... OK (חזיו)
[26.4%] #7935: "Jastrow, חִזָּיוֹן I"... OK (חזיון)
[26.5%] #7936: "Jastrow, חִזָּיוֹן II"... duplicate
[26.5%] #7936: "Jastrow, חָזִיז"... OK (חזיז)
[26.5%] #7937: "Jastrow, חֲזִיז I"... duplicate
[26.5%] #7937: "Jastrow, חֲזִיז II"... duplicate
[26.5%] #7937: "Jastrow, חֲזִיזָא I"... OK (חזיזא)
[26.5%] #7938: "Jastrow, חֲזִיזָא II"... duplicate
[26.5%] #7938: "Jastrow, חֲזִיזִיּוֹת"... OK (חזיזיות)
[26.5%] #7939: "Jastrow, חֲזִיָּיה"... OK (חזייה)
[26.5%] #7940: "Jastrow, חַזְיָנָא"... OK (חזינא)
[26.5%] #7941: "Jastrow, חֲזִיר"... OK (חזיר)
[26.5%] #7942: "Jastrow, חֲזִיר ²"... duplicate
[26.5%] #7942: "Jastrow, *חַזֵּירָא"... OK (חזירא)
[26.5%] #7943: "Jastrow, חֲזִירָה I"... OK (חזירה)
[26.5%] #7944: "Jastrow, חֲזִירָה II"... duplicate
[26.5%] #7944: "Jastrow, חֲזִירְתָּא"... OK (חזירתא)
[26.5%] #7945: "Jastrow, חָזִית"... OK (חזית)
[26.5%] #7946: "Jastrow, חָזִיתָא"... OK (חזיתא)
[26.5%] #7947: "Jastrow, חָזַם"... OK (חזם)
[26.5%] #7948: "Jastrow, חֲזַם"... duplicate
[26.5%] #7948: "Jastrow, חַזָּן"... OK (חזן)
[26.5%] #7949: "Jastrow, חַזָּנָא"... OK (חזנא)
[26.5%] #7950: "Jastrow, חָזַק"... OK (חזק)
[26.5%] #7951: "Jastrow, חֲזַק"... duplicate
[26.5%] #7951: "Jastrow, חֶזְקָא"... OK (חזקא)
[26.5%] #7952: "Jastrow, חֲזָקָה"... OK (חזקה)
[26.5%] #7953: "Jastrow, חִזְקִי"... OK (חזקי)
[26.5%] #7954: "Jastrow, חִזְקִיָּה"... OK (חזקיה)
[26.5%] #7955: "Jastrow, חֶזְקְתָא"... OK (חזקתא)
[26.5%] #7956: "Jastrow, חָזַר"... OK (חזר)
[26.5%] #7957: "Jastrow, חֲזַר"... duplicate
[26.5%] #7957: "Jastrow, חַזְּרָא"... OK (חזרא)
[26.5%] #7958: "Jastrow, חִזְרָא"... duplicate
[26.5%] #7958: "Jastrow, חזרד"... OK (חזרד)
[26.5%] #7959: "Jastrow, חֲזָרָה"... OK (חזרה)
[26.5%] #7960: "Jastrow, חֲזָרִים"... OK (חזרים)
[26.5%] #7961: "Jastrow, חזרינותא"... OK (חזרינותא)
[26.5%] #7962: "Jastrow, חַזְּרָן"... OK (חזרן)
[26.5%] #7963: "Jastrow, חַזְרַן"... duplicate
[26.5%] #7963: "Jastrow, חַזְרָנוּתָא"... OK (חזרנותא)
[26.5%] #7964: "Jastrow, חַזְרָר"... OK (חזרר)
[26.5%] #7965: "Jastrow, חֲזֶרֶת"... OK (חזרת)
[26.6%] #7966: "Jastrow, חָח"... OK (חח)
[26.6%] #7967: "Jastrow, חחי"... OK (חחי)
[26.6%] #7968: "Jastrow, חֵט"... OK (חט)
[26.6%] #7969: "Jastrow, חֹט"... duplicate
[26.6%] #7969: "Jastrow, חָט"... duplicate
[26.6%] #7969: "Jastrow, חָט ²"... duplicate
[26.6%] #7969: "Jastrow, חָטָא"... OK (חטא)
[26.6%] #7970: "Jastrow, חֵטְא"... duplicate
[26.6%] #7970: "Jastrow, חֵטא"... duplicate
[26.6%] #7970: "Jastrow, חִטָּא I"... duplicate
[26.6%] #7970: "Jastrow, חִטָּא II"... duplicate
[26.6%] #7970: "Jastrow, חַטָּא"... duplicate
[26.6%] #7970: "Jastrow, חֲטָאָה"... OK (חטאה)
[26.6%] #7971: "Jastrow, חֶטְאָה"... duplicate
[26.6%] #7971: "Jastrow, חַטָּאת"... OK (חטאת)
[26.6%] #7972: "Jastrow, חַטָּאתָא"... OK (חטאתא)
[26.6%] #7973: "Jastrow, חָטַב I"... OK (חטב)
[26.6%] #7974: "Jastrow, חָטַב II"... duplicate
[26.6%] #7974: "Jastrow, חֲטַב"... duplicate
[26.6%] #7974: "Jastrow, חֲטָבָא"... OK (חטבא)
[26.6%] #7975: "Jastrow, חֲטָבָה"... OK (חטבה)
[26.6%] #7976: "Jastrow, חֻטָּה"... OK (חטה)
[26.6%] #7977: "Jastrow, חִטָּה"... duplicate
[26.6%] #7977: "Jastrow, חֶטְהָא"... OK (חטהא)
[26.6%] #7978: "Jastrow, חָטוֹטָא"... OK (חטוטא)
[26.6%] #7979: "Jastrow, חֲטוֹטֶרֶת"... OK (חטוטרת)
[26.6%] #7980: "Jastrow, חִטּוּי"... OK (חטוי)
[26.6%] #7981: "Jastrow, חֲטוּלִים"... OK (חטולים)
[26.6%] #7982: "Jastrow, חטוניא"... OK (חטוניא)
[26.6%] #7983: "Jastrow, חֲטוֹף"... OK (חטוף)
[26.6%] #7984: "Jastrow, חָטוֹפָא"... OK (חטופא)
[26.6%] #7985: "Jastrow, חֲטוּרָא"... OK (חטורא)
[26.6%] #7986: "Jastrow, חַטּוּתָא"... OK (חטותא)
[26.6%] #7987: "Jastrow, חִטְחֵט"... OK (חטחט)
[26.6%] #7988: "Jastrow, חָטַט"... OK (חטט)
[26.6%] #7989: "Jastrow, חֲטַט I"... duplicate
[26.6%] #7989: "Jastrow, חֲטַט II"... duplicate
[26.6%] #7989: "Jastrow, חֲטָט"... duplicate
[26.6%] #7989: "Jastrow, חֲטָטָא"... OK (חטטא)
[26.6%] #7990: "Jastrow, חֲטֹטֶרֶת"... OK (חטטרת)
[26.6%] #7991: "Jastrow, חטי"... OK (חטי)
[26.6%] #7992: "Jastrow, חֲטִי"... duplicate
[26.6%] #7992: "Jastrow, חטי ²"... duplicate
[26.6%] #7992: "Jastrow, חֲטִי ²"... duplicate
[26.6%] #7992: "Jastrow, חֳטִי"... duplicate
[26.6%] #7992: "Jastrow, חֲטָי"... duplicate
[26.6%] #7992: "Jastrow, חִטַּיָּא"... OK (חטיא)
[26.6%] #7993: "Jastrow, חַטַּיָּא"... duplicate
[26.6%] #7993: "Jastrow, חָטְיָא"... duplicate
[26.6%] #7993: "Jastrow, חטיאה"... OK (חטיאה)
[26.6%] #7994: "Jastrow, חֲטִיבָא"... OK (חטיבא)
[26.6%] #7995: "Jastrow, חֲטִיבָה I"... OK (חטיבה)
[26.7%] #7996: "Jastrow, חֲטִיבָה II"... duplicate
[26.7%] #7996: "Jastrow, חַטֵּיטָא"... OK (חטיטא)
  [Saved progress: 7996 entries]
[26.7%] #7997: "Jastrow, חֲטִיטָה"... OK (חטיטה)
[26.7%] #7998: "Jastrow, *חֲטִיטוּב"... OK (חטיטוב)
[26.7%] #7999: "Jastrow, *חֲטִיטוּם"... OK (חטיטום)
[26.7%] #8000: "Jastrow, חָטְיָיא"... OK (חטייא)
[26.7%] #8001: "Jastrow, חֶטְיָיא"... duplicate
[26.7%] #8001: "Jastrow, חִטַּיָּיה"... OK (חטייה)
[26.7%] #8002: "Jastrow, חִטִּים"... OK (חטים)
[26.7%] #8003: "Jastrow, חֲטִיפָה"... OK (חטיפה)
[26.7%] #8004: "Jastrow, חֲטִיפִיתָא"... OK (חטיפיתא)
[26.7%] #8005: "Jastrow, חֲטִיתָא"... OK (חטיתא)
[26.7%] #8006: "Jastrow, חֲטָם"... OK (חטם)
[26.7%] #8007: "Jastrow, חטן"... OK (חטן)
[26.7%] #8008: "Jastrow, חָטַף"... OK (חטף)
[26.7%] #8009: "Jastrow, חֲטַף"... duplicate
[26.7%] #8009: "Jastrow, חֲטָפָא"... OK (חטפא)
[26.7%] #8010: "Jastrow, חֲטָפָא ²"... duplicate
[26.7%] #8010: "Jastrow, חַטְפִיתָא"... OK (חטפיתא)
[26.7%] #8011: "Jastrow, חֲטַר"... OK (חטר)
[26.7%] #8012: "Jastrow, חֹטֶר"... duplicate
[26.7%] #8012: "Jastrow, חֲטֶרֶת"... OK (חטרת)
[26.7%] #8013: "Jastrow, חַטָּתָא"... OK (חטתא)
[26.7%] #8014: "Jastrow, חַי"... OK (חי)
[26.7%] #8015: "Jastrow, חַי ²"... duplicate
[26.7%] #8015: "Jastrow, חֲיָא"... OK (חיא)
[26.7%] #8016: "Jastrow, חַיָּב"... OK (חיב)
[26.7%] #8017: "Jastrow, חִיבָּה"... OK (חיבה)
[26.7%] #8018: "Jastrow, חִיבּוּבָא"... OK (חיבובא)
[26.7%] #8019: "Jastrow, חִיבּוּט"... OK (חיבוט)
[26.7%] #8020: "Jastrow, חִיבּוּל"... OK (חיבול)
[26.7%] #8021: "Jastrow, חִיבּוּלְיָא"... OK (חיבוליא)
[26.7%] #8022: "Jastrow, חִיבּוּצָא"... OK (חיבוצא)
[26.7%] #8023: "Jastrow, חִיבּוּר"... OK (חיבור)
[26.7%] #8024: "Jastrow, חִיבּוּרָא"... OK (חיבורא)
[26.7%] #8025: "Jastrow, חִיבְּתָא"... OK (חיבתא)
[26.8%] #8026: "Jastrow, חִיגֵּר"... OK (חיגר)
[26.8%] #8027: "Jastrow, חָיְדָא"... OK (חידא)
[26.8%] #8028: "Jastrow, חֵידוּ"... OK (חידו)
[26.8%] #8029: "Jastrow, חִידּוּד"... OK (חידוד)
[26.8%] #8030: "Jastrow, חִידּוּק"... OK (חידוק)
[26.8%] #8031: "Jastrow, חִידּוּשׁ"... OK (חידוש)
[26.8%] #8032: "Jastrow, חידות"... OK (חידות)
[26.8%] #8033: "Jastrow, חִידְקָא"... OK (חידקא)
[26.8%] #8034: "Jastrow, חִידְקִי"... OK (חידקי)
[26.8%] #8035: "Jastrow, חִידְתָּא"... OK (חידתא)
[26.8%] #8036: "Jastrow, חָיָה"... OK (חיה)
[26.8%] #8037: "Jastrow, חַיָּה I"... duplicate
[26.8%] #8037: "Jastrow, חַיָּה II"... duplicate
[26.8%] #8037: "Jastrow, חֵיוָא"... OK (חיוא)
[26.8%] #8038: "Jastrow, חִיוַאי"... OK (חיואי)
[26.8%] #8039: "Jastrow, חִיּוּב"... OK (חיוב)
[26.8%] #8040: "Jastrow, חִיּוּב ²"... duplicate
[26.8%] #8040: "Jastrow, חֲיוּבְתָּא"... OK (חיובתא)
[26.8%] #8041: "Jastrow, חֵיוָוא"... OK (חיווא)
[26.8%] #8042: "Jastrow, חיוטא"... OK (חיוטא)
[26.8%] #8043: "Jastrow, חִיוַּור"... OK (חיוור)
[26.8%] #8044: "Jastrow, חֵיוְותָא"... OK (חיוותא)
[26.8%] #8045: "Jastrow, חִיוֵי"... OK (חיוי)
[26.8%] #8046: "Jastrow, חיויון"... OK (חיויון)
[26.8%] #8047: "Jastrow, חִיּוּלָא"... OK (חיולא)
[26.8%] #8048: "Jastrow, חִיוָּר"... OK (חיור)
[26.8%] #8049: "Jastrow, חִיוַּרְוָרַיָּא"... OK (חיורוריא)
[26.8%] #8050: "Jastrow, *חִיוַּרְיַיִן"... OK (חיוריין)
[26.8%] #8051: "Jastrow, חִיוָּרִיּתָא"... OK (חיוריתא)
[26.8%] #8052: "Jastrow, חַיּוּת"... OK (חיות)
[26.8%] #8053: "Jastrow, חַיּוּתָא"... OK (חיותא)
[26.8%] #8054: "Jastrow, חֵיוְתָא"... duplicate
[26.8%] #8054: "Jastrow, חֵיזוּ"... OK (חיזו)
[26.8%] #8055: "Jastrow, חִיזּוּן"... OK (חיזון)
[26.9%] #8056: "Jastrow, חִיזּוּק"... OK (חיזוק)
[26.9%] #8057: "Jastrow, חֵיזוּר"... OK (חיזור)
[26.9%] #8058: "Jastrow, חֵיזְוָתָא"... OK (חיזותא)
[26.9%] #8059: "Jastrow, חִיזָּיוֹן"... OK (חיזיון)
[26.9%] #8060: "Jastrow, חִיזֵּק"... OK (חיזק)
[26.9%] #8061: "Jastrow, חִיזְקָא"... OK (חיזקא)
[26.9%] #8062: "Jastrow, חִיזְרָא"... OK (חיזרא)
[26.9%] #8063: "Jastrow, חִיזְרָא ²"... duplicate
[26.9%] #8063: "Jastrow, חִיזְרָד"... OK (חיזרד)
[26.9%] #8064: "Jastrow, חיזרין"... OK (חיזרין)
[26.9%] #8065: "Jastrow, חִיזְרָר"... OK (חיזרר)
[26.9%] #8066: "Jastrow, חִיטָּא"... OK (חיטא)
[26.9%] #8067: "Jastrow, חִיטָּה"... OK (חיטה)
[26.9%] #8068: "Jastrow, חִיטּוּי"... OK (חיטוי)
[26.9%] #8069: "Jastrow, חִיטּוּיָא"... OK (חיטויא)
[26.9%] #8070: "Jastrow, חיטטין"... OK (חיטטין)
[26.9%] #8071: "Jastrow, חִיטַּיָּיא"... OK (חיטייא)
[26.9%] #8072: "Jastrow, חִיטִּין"... OK (חיטין)
[26.9%] #8073: "Jastrow, חִיטְּנֵי"... OK (חיטני)
[26.9%] #8074: "Jastrow, חִיטְפָא"... OK (חיטפא)
[26.9%] #8075: "Jastrow, חִיטְּתָא"... OK (חיטתא)
[26.9%] #8076: "Jastrow, חיי"... OK (חיי)
[26.9%] #8077: "Jastrow, חֲיִי"... duplicate
[26.9%] #8077: "Jastrow, חַיֵּי"... duplicate
[26.9%] #8077: "Jastrow, חַיָּיא"... OK (חייא)
[26.9%] #8078: "Jastrow, חַיַּיָּא"... duplicate
[26.9%] #8078: "Jastrow, חִיָּיא"... duplicate
[26.9%] #8078: "Jastrow, חַיָּיב"... OK (חייב)
[26.9%] #8079: "Jastrow, חַיָּיב ²"... duplicate
[26.9%] #8079: "Jastrow, חַיַּיב"... duplicate
[26.9%] #8079: "Jastrow, חִיָּיה"... OK (חייה)
[26.9%] #8080: "Jastrow, חִיּיוּב"... OK (חייוב)
  [Saved progress: 8080 entries]
[26.9%] #8081: "Jastrow, חַיָּיט"... OK (חייט)
[26.9%] #8082: "Jastrow, חַיָּיט ²"... duplicate
[26.9%] #8082: "Jastrow, חָיֵיךְ"... OK (חייך)
[26.9%] #8083: "Jastrow, *חַיָּיךְ"... duplicate
[26.9%] #8083: "Jastrow, חָיֵיל"... OK (חייל)
[26.9%] #8084: "Jastrow, חַיֵּיל"... duplicate
[26.9%] #8084: "Jastrow, חַיִיל"... duplicate
[26.9%] #8084: "Jastrow, חֲיָילָא"... OK (חיילא)
[26.9%] #8085: "Jastrow, חיילותא"... OK (חיילותא)
[27.0%] #8086: "Jastrow, חַיִּים"... OK (חיים)
[27.0%] #8087: "Jastrow, חַיִּין"... OK (חיין)
[27.0%] #8088: "Jastrow, חֲיָינָא"... OK (חיינא)
[27.0%] #8089: "Jastrow, חָיֵיס"... OK (חייס)
[27.0%] #8090: "Jastrow, חַיִיס I"... duplicate
[27.0%] #8090: "Jastrow, חַיִיס II"... duplicate
[27.0%] #8090: "Jastrow, חַיְיסָא"... OK (חייסא)
[27.0%] #8091: "Jastrow, חָיֵיץ"... OK (חייץ)
[27.0%] #8092: "Jastrow, חַיִיץ"... duplicate
[27.0%] #8092: "Jastrow, חַיְיצָאוֹת"... OK (חייצאות)
[27.0%] #8093: "Jastrow, חָיֵישׁ"... OK (חייש)
[27.0%] #8094: "Jastrow, חַיְיתָא I"... OK (חייתא)
[27.0%] #8095: "Jastrow, חַיְיתָא II"... duplicate
[27.0%] #8095: "Jastrow, חַיְּיתָא III"... duplicate
[27.0%] #8095: "Jastrow, חַיְּיתָא"... duplicate
[27.0%] #8095: "Jastrow, חֵיךְ"... OK (חיך)
[27.0%] #8096: "Jastrow, חִיכָּא"... OK (חיכא)
[27.0%] #8097: "Jastrow, חִיכּוּךְ"... OK (חיכוך)
[27.0%] #8098: "Jastrow, חִיכּוּכָא"... OK (חיכוכא)
[27.0%] #8099: "Jastrow, חַיִל"... OK (חיל)
[27.0%] #8100: "Jastrow, חֵיל I"... duplicate
[27.0%] #8100: "Jastrow, חִיל"... duplicate
[27.0%] #8100: "Jastrow, חֵיל II"... duplicate
[27.0%] #8100: "Jastrow, חֵילָא II"... OK (חילא)
[27.0%] #8101: "Jastrow, חֵילָא III"... duplicate
[27.0%] #8101: "Jastrow, חֵילָה"... OK (חילה)
[27.0%] #8102: "Jastrow, חֵילָוָא"... OK (חילוא)
[27.0%] #8103: "Jastrow, חִילּוּזָא"... OK (חילוזא)
[27.0%] #8104: "Jastrow, חִילּוּי"... OK (חילוי)
[27.0%] #8105: "Jastrow, חִילּוּל"... OK (חילול)
[27.0%] #8106: "Jastrow, חִילוֹנָאָה"... OK (חילונאה)
[27.0%] #8107: "Jastrow, חִילּוֹנִי"... OK (חילוני)
[27.0%] #8108: "Jastrow, חִילוֹנְיֵיתָא"... OK (חילונייתא)
[27.0%] #8109: "Jastrow, חִילּוּף"... OK (חילוף)
[27.0%] #8110: "Jastrow, חִילּוּפָא"... OK (חילופא)
[27.0%] #8111: "Jastrow, חִילּוּץ"... OK (חילוץ)
[27.0%] #8112: "Jastrow, חִילּוּק"... OK (חילוק)
[27.0%] #8113: "Jastrow, חֵילְוָתָא"... OK (חילותא)
[27.0%] #8114: "Jastrow, חִילָּזוֹן"... OK (חילזון)
[27.0%] #8115: "Jastrow, חִילְחוּל"... OK (חילחול)
[27.1%] #8116: "Jastrow, חיליא"... OK (חיליא)
[27.1%] #8117: "Jastrow, חִילִּיז"... OK (חיליז)
[27.1%] #8118: "Jastrow, חִילְמָא"... OK (חילמא)
[27.1%] #8119: "Jastrow, חִילְמִית"... OK (חילמית)
[27.1%] #8120: "Jastrow, חֵילֶף"... OK (חילף)
[27.1%] #8121: "Jastrow, חִילְפָא I"... OK (חילפא)
[27.1%] #8122: "Jastrow, חִילְפָא II"... duplicate
[27.1%] #8122: "Jastrow, חִילְפָא III"... duplicate
[27.1%] #8122: "Jastrow, חִילְפוֹת"... OK (חילפות)
[27.1%] #8123: "Jastrow, חִילְפַי"... OK (חילפי)
[27.1%] #8124: "Jastrow, חִילְפִין"... OK (חילפין)
[27.1%] #8125: "Jastrow, חֵילֶק I"... OK (חילק)
[27.1%] #8126: "Jastrow, חֵילֶק II"... duplicate
[27.1%] #8126: "Jastrow, חִילָּק"... duplicate
[27.1%] #8126: "Jastrow, חֶילְקָא I"... OK (חילקא)
[27.1%] #8127: "Jastrow, חֶילְקָא II"... duplicate
[27.1%] #8127: "Jastrow, חֵילַשׁ"... OK (חילש)
[27.1%] #8128: "Jastrow, חֵילַת I"... OK (חילת)
[27.1%] #8129: "Jastrow, חֵילַת II"... duplicate
[27.1%] #8129: "Jastrow, חֵילְתָא"... OK (חילתא)
[27.1%] #8130: "Jastrow, חִילְתִּית"... OK (חילתית)
[27.1%] #8131: "Jastrow, חִילְתִּיתָא"... OK (חילתיתא)
[27.1%] #8132: "Jastrow, חֵימָה"... OK (חימה)
[27.1%] #8133: "Jastrow, חִימּוּד"... OK (חימוד)
[27.1%] #8134: "Jastrow, חִימּוּם"... OK (חימום)
[27.1%] #8135: "Jastrow, חִימּוּס"... OK (חימוס)
[27.1%] #8136: "Jastrow, חִימּוּעַ"... OK (חימוע)
[27.1%] #8137: "Jastrow, חִימּוּץ"... OK (חימוץ)
[27.1%] #8138: "Jastrow, חִימּוּצָא"... OK (חימוצא)
[27.1%] #8139: "Jastrow, חִימּוּצְיָאתָא"... OK (חימוציאתא)
[27.1%] #8140: "Jastrow, חִימּוּצָתָא"... OK (חימוצתא)
[27.1%] #8141: "Jastrow, חימות"... OK (חימות)
[27.1%] #8142: "Jastrow, חימסא"... OK (חימסא)
[27.1%] #8143: "Jastrow, חִימְצָא"... OK (חימצא)
[27.1%] #8144: "Jastrow, חֵימָרָא"... OK (חימרא)
[27.1%] #8145: "Jastrow, חֵימְתָא"... OK (חימתא)
[27.2%] #8146: "Jastrow, חימתא"... duplicate
[27.2%] #8146: "Jastrow, חֵין"... OK (חין)
[27.2%] #8147: "Jastrow, חֵינָא"... OK (חינא)
[27.2%] #8148: "Jastrow, חִינְגָּא"... OK (חינגא)
[27.2%] #8149: "Jastrow, חִינְגִּיתָא"... OK (חינגיתא)
[27.2%] #8150: "Jastrow, חִינְגָּנָא"... OK (חינגנא)
[27.2%] #8151: "Jastrow, חִינּוּגָא"... OK (חינוגא)
[27.2%] #8152: "Jastrow, חִינּוּךְ"... OK (חינוך)
[27.2%] #8153: "Jastrow, חִינּוּכָא"... OK (חינוכא)
[27.2%] #8154: "Jastrow, חִינּוּן"... OK (חינון)
[27.2%] #8155: "Jastrow, חינוניתא"... OK (חינוניתא)
[27.2%] #8156: "Jastrow, חִינְטָא"... OK (חינטא)
[27.2%] #8157: "Jastrow, חִינְכֵי"... OK (חינכי)
[27.2%] #8158: "Jastrow, חִינְנָא"... OK (חיננא)
[27.2%] #8159: "Jastrow, חֵינָנָא"... duplicate
  [Saved progress: 8158 entries]
[27.2%] #8159: "Jastrow, חֲיָס"... OK (חיס)
[27.2%] #8160: "Jastrow, חִיסְדָּא"... OK (חיסדא)
[27.2%] #8161: "Jastrow, חִיסּוּד"... OK (חיסוד)
[27.2%] #8162: "Jastrow, חִיסּוּדָא"... OK (חיסודא)
[27.2%] #8163: "Jastrow, חִיסּוּלָא"... OK (חיסולא)
[27.2%] #8164: "Jastrow, חִיסּוּם I"... OK (חיסום)
[27.2%] #8165: "Jastrow, חִיסּוּם"... duplicate
[27.2%] #8165: "Jastrow, חִיסּוּר"... OK (חיסור)
[27.2%] #8166: "Jastrow, חִיסָּחוֹן"... OK (חיסחון)
[27.2%] #8167: "Jastrow, חִיסָּכוֹן"... OK (חיסכון)
[27.2%] #8168: "Jastrow, חִיסְנָא"... OK (חיסנא)
[27.2%] #8169: "Jastrow, חִיסָּרוֹן"... OK (חיסרון)
[27.2%] #8170: "Jastrow, חֵיפָא I"... OK (חיפא)
[27.2%] #8171: "Jastrow, חֵיפָא II"... duplicate
[27.2%] #8171: "Jastrow, חִיפָּא"... duplicate
[27.2%] #8171: "Jastrow, חִיפָּה"... OK (חיפה)
[27.2%] #8172: "Jastrow, חֵיפָה I"... duplicate
[27.2%] #8172: "Jastrow, חֵיפָה II"... duplicate
[27.2%] #8172: "Jastrow, חֵיפָה III"... duplicate
[27.2%] #8172: "Jastrow, חִיפּוּי"... OK (חיפוי)
[27.2%] #8173: "Jastrow, חִיפּוּפֵי"... OK (חיפופי)
[27.2%] #8174: "Jastrow, חִיפּוּפִין"... OK (חיפופין)
[27.2%] #8175: "Jastrow, חִיפּוּפִיתָא"... OK (חיפופיתא)
[27.3%] #8176: "Jastrow, חִיפּוּשׂ"... OK (חיפוש)
[27.3%] #8177: "Jastrow, חִיפּוּשָׁא"... OK (חיפושא)
[27.3%] #8178: "Jastrow, חִיפּוּשִׂית"... OK (חיפושית)
[27.3%] #8179: "Jastrow, חִיפּוּשִׂיתָא"... OK (חיפושיתא)
[27.3%] #8180: "Jastrow, חִיפָּזוֹן"... OK (חיפזון)
[27.3%] #8181: "Jastrow, חֵיפָנִי"... OK (חיפני)
[27.3%] #8182: "Jastrow, חִיפְצָא"... OK (חיפצא)
[27.3%] #8183: "Jastrow, חֵיפְתָא"... OK (חיפתא)
[27.3%] #8184: "Jastrow, חֵיץ"... OK (חיץ)
[27.3%] #8185: "Jastrow, חִיצָא"... OK (חיצא)
[27.3%] #8186: "Jastrow, חִיצָה I"... OK (חיצה)
[27.3%] #8187: "Jastrow, חִיצָה II"... duplicate
[27.3%] #8187: "Jastrow, חִיצּוּי"... OK (חיצוי)
[27.3%] #8188: "Jastrow, חִיצוֹן"... OK (חיצון)
[27.3%] #8189: "Jastrow, חִיצוֹנִי"... OK (חיצוני)
[27.3%] #8190: "Jastrow, חִיצְרָא"... OK (חיצרא)
[27.3%] #8191: "Jastrow, חֵיק"... OK (חיק)
[27.3%] #8192: "Jastrow, חֵיקָא"... OK (חיקא)
[27.3%] #8193: "Jastrow, חִיקוֹק"... OK (חיקוק)
[27.3%] #8194: "Jastrow, חָיְרָא"... OK (חירא)
[27.3%] #8195: "Jastrow, חִירְגָּא"... OK (חירגא)
[27.3%] #8196: "Jastrow, חִירָה"... OK (חירה)
[27.3%] #8197: "Jastrow, חֵירוּ"... OK (חירו)
[27.3%] #8198: "Jastrow, חֵירוּם"... OK (חירום)
[27.3%] #8199: "Jastrow, חֵירוּף"... OK (חירוף)
[27.3%] #8200: "Jastrow, חֵירוּפָא"... OK (חירופא)
[27.3%] #8201: "Jastrow, חֵירוּת"... OK (חירות)
[27.3%] #8202: "Jastrow, חֵירוּת ²"... duplicate
[27.3%] #8202: "Jastrow, חִירְזָא"... OK (חירזא)
[27.3%] #8203: "Jastrow, חִירְחוּר"... OK (חירחור)
[27.3%] #8204: "Jastrow, חִירְיָא"... OK (חיריא)
[27.3%] #8205: "Jastrow, *חִירַיָּיה"... OK (חירייה)
[27.4%] #8206: "Jastrow, חִירְיָנָא"... OK (חירינא)
[27.4%] #8207: "Jastrow, חִירְמָא"... OK (חירמא)
[27.4%] #8208: "Jastrow, חִירָנִית"... OK (חירנית)
[27.4%] #8209: "Jastrow, חִירְפָא"... OK (חירפא)
[27.4%] #8210: "Jastrow, חִירְקָא"... OK (חירקא)
[27.4%] #8211: "Jastrow, חֵירַר"... OK (חירר)
[27.4%] #8212: "Jastrow, חִירְשָׁא"... OK (חירשא)
[27.4%] #8213: "Jastrow, חִירְתָּא"... OK (חירתא)
[27.4%] #8214: "Jastrow, חִישׁ"... OK (חיש)
[27.4%] #8215: "Jastrow, חִישָׁה"... OK (חישה)
[27.4%] #8216: "Jastrow, חִישּׁוּב"... OK (חישוב)
[27.4%] #8217: "Jastrow, חִישׁוּתָא"... OK (חישותא)
[27.4%] #8218: "Jastrow, חֵישֶׁת"... OK (חישת)
[27.4%] #8219: "Jastrow, חִישְׁתָּא I"... OK (חישתא)
[27.4%] #8220: "Jastrow, *חִישְׁתָּא II"... duplicate
[27.4%] #8220: "Jastrow, חי"ת"... OK (חית)
[27.4%] #8221: "Jastrow, חַיְתָא"... OK (חיתא)
[27.4%] #8222: "Jastrow, חִיְּתָה"... OK (חיתה)
[27.4%] #8223: "Jastrow, חִיתּוּךְ"... OK (חיתוך)
[27.4%] #8224: "Jastrow, חִיתּוּכָא"... OK (חיתוכא)
[27.4%] #8225: "Jastrow, חִיתּוּם"... OK (חיתום)
[27.4%] #8226: "Jastrow, חִיתּוּן"... OK (חיתון)
[27.4%] #8227: "Jastrow, חִיתּוּנָא"... OK (חיתונא)
[27.4%] #8228: "Jastrow, חיתטא"... OK (חיתטא)
[27.4%] #8229: "Jastrow, חִיתִּית"... OK (חיתית)
[27.4%] #8230: "Jastrow, חֵךְ"... OK (חך)
[27.4%] #8231: "Jastrow, חִכָּא"... OK (חכא)
[27.4%] #8232: "Jastrow, חכאכית"... OK (חכאכית)
[27.4%] #8233: "Jastrow, חָכָה"... OK (חכה)
[27.4%] #8234: "Jastrow, חַכָּה"... duplicate
[27.4%] #8234: "Jastrow, חִכּוּךְ"... OK (חכוך)
[27.4%] #8235: "Jastrow, חֲכוּכָא"... OK (חכוכא)
[27.5%] #8236: "Jastrow, חָכוּר"... OK (חכור)
[27.5%] #8237: "Jastrow, חכי"... OK (חכי)
[27.5%] #8238: "Jastrow, חכי ²"... duplicate
[27.5%] #8238: "Jastrow, חַכִּים I"... OK (חכים)
[27.5%] #8239: "Jastrow, חַכִּים II"... duplicate
[27.5%] #8239: "Jastrow, חַכִּימָאָה"... OK (חכימאה)
[27.5%] #8240: "Jastrow, חַכִּימוּתָא"... OK (חכימותא)
[27.5%] #8241: "Jastrow, חַכִּימְתָּא"... OK (חכימתא)
[27.5%] #8242: "Jastrow, חֲכִינָא"... OK (חכינא)
[27.5%] #8243: "Jastrow, חֲכִינַאי"... OK (חכינאי)
[27.5%] #8244: "Jastrow, חכינאנות"... OK (חכינאנות)
[27.5%] #8245: "Jastrow, חֲכִינָה"... OK (חכינה)
[27.5%] #8246: "Jastrow, חכינה"... duplicate
  [Saved progress: 8245 entries]
[27.5%] #8246: "Jastrow, חכינותא"... OK (חכינותא)
[27.5%] #8247: "Jastrow, חֲכִינָנָא"... OK (חכיננא)
[27.5%] #8248: "Jastrow, חֲכִינְתָּה"... OK (חכינתה)
[27.5%] #8249: "Jastrow, חַכִּיר"... OK (חכיר)
[27.5%] #8250: "Jastrow, חָכִיר"... duplicate
[27.5%] #8250: "Jastrow, חֲכִירָא"... OK (חכירא)
[27.5%] #8251: "Jastrow, חכירא"... duplicate
[27.5%] #8251: "Jastrow, חֲכִירוּת"... OK (חכירות)
[27.5%] #8252: "Jastrow, חָכַךְ I"... OK (חכך)
[27.5%] #8253: "Jastrow, חָכַךְ II"... duplicate
[27.5%] #8253: "Jastrow, חֲכַךְ"... duplicate
[27.5%] #8253: "Jastrow, חֲכָךְ"... duplicate
[27.5%] #8253: "Jastrow, חָכַם"... OK (חכם)
[27.5%] #8254: "Jastrow, חֲכַם"... duplicate
[27.5%] #8254: "Jastrow, חָכָם"... duplicate
[27.5%] #8254: "Jastrow, חכם"... duplicate
[27.5%] #8254: "Jastrow, חָכְמָא"... OK (חכמא)
[27.5%] #8255: "Jastrow, חַכְמַאי"... OK (חכמאי)
[27.5%] #8256: "Jastrow, חֲכָמָה"... OK (חכמה)
[27.5%] #8257: "Jastrow, חָכְמָה"... duplicate
[27.5%] #8257: "Jastrow, חַכְמָנִית"... OK (חכמנית)
[27.5%] #8258: "Jastrow, חָכְמְתָא"... OK (חכמתא)
[27.5%] #8259: "Jastrow, חכן"... OK (חכן)
[27.5%] #8260: "Jastrow, חָכַר"... OK (חכר)
[27.5%] #8261: "Jastrow, חֲכַר"... duplicate
[27.5%] #8261: "Jastrow, חַכְרָנוּתָא"... OK (חכרנותא)
[27.5%] #8262: "Jastrow, חכשרה"... OK (חכשרה)
[27.5%] #8263: "Jastrow, חל"... OK (חל)
[27.5%] #8264: "Jastrow, חָל"... duplicate
[27.5%] #8264: "Jastrow, חַל I"... duplicate
[27.5%] #8264: "Jastrow, חַל II"... duplicate
[27.5%] #8264: "Jastrow, חַל III"... duplicate
[27.5%] #8264: "Jastrow, חַלָּא"... OK (חלא)
[27.5%] #8265: "Jastrow, חָלָא I"... duplicate
[27.5%] #8265: "Jastrow, חָלָא II"... duplicate
[27.5%] #8265: "Jastrow, חָלָא III"... duplicate
[27.5%] #8265: "Jastrow, חֲלָא"... duplicate
[27.5%] #8265: "Jastrow, חֶלְאָה"... OK (חלאה)
[27.6%] #8266: "Jastrow, חֳלָאִים"... OK (חלאים)
[27.6%] #8267: "Jastrow, חָלָב"... OK (חלב)
[27.6%] #8268: "Jastrow, חֲלָב"... duplicate
[27.6%] #8268: "Jastrow, חָלַב"... duplicate
[27.6%] #8268: "Jastrow, חֲלַב"... duplicate
[27.6%] #8268: "Jastrow, חֵלֶב"... duplicate
[27.6%] #8268: "Jastrow, *חֵלֶב"... duplicate
[27.6%] #8268: "Jastrow, חֶלְבּוֹן"... OK (חלבון)
[27.6%] #8269: "Jastrow, חֶלְבּוֹנָא"... OK (חלבונא)
[27.6%] #8270: "Jastrow, חֶלְבֵּיצִין"... OK (חלביצין)
[27.6%] #8271: "Jastrow, חֶלְבָּנָא"... OK (חלבנא)
[27.6%] #8272: "Jastrow, חֶלְבְּנָה"... OK (חלבנה)
[27.6%] #8273: "Jastrow, חִלְבְּנֵיתָא"... OK (חלבניתא)
[27.6%] #8274: "Jastrow, חַלְבֵּצִין"... OK (חלבצין)
[27.6%] #8275: "Jastrow, חֲלַגְלוֹג"... OK (חלגלוג)
[27.6%] #8276: "Jastrow, חָלַך"... OK (חלך)
[27.6%] #8277: "Jastrow, חֲלַד"... OK (חלד)
[27.6%] #8278: "Jastrow, חֶלֶד"... duplicate
[27.6%] #8278: "Jastrow, חֲלָדָה"... OK (חלדה)
[27.6%] #8279: "Jastrow, חלדואות"... OK (חלדואות)
[27.6%] #8280: "Jastrow, חַלְדּוּתָא"... OK (חלדותא)
[27.6%] #8281: "Jastrow, *חִלְדִּין"... OK (חלדין)
[27.6%] #8282: "Jastrow, חָלָה"... OK (חלה)
[27.6%] #8283: "Jastrow, חַלָּה"... duplicate
[27.6%] #8283: "Jastrow, חֲלוֹגְלוֹג"... OK (חלוגלוג)
[27.6%] #8284: "Jastrow, חֲלוּדָה"... OK (חלודה)
[27.6%] #8285: "Jastrow, חַלְוָון"... OK (חלוון)
[27.6%] #8286: "Jastrow, חֲלוּז"... OK (חלוז)
[27.6%] #8287: "Jastrow, חִלּוּט"... OK (חלוט)
[27.6%] #8288: "Jastrow, חָלוּט"... duplicate
[27.6%] #8288: "Jastrow, חֲלוּטִין"... OK (חלוטין)
[27.6%] #8289: "Jastrow, חִלּוּי"... OK (חלוי)
[27.6%] #8290: "Jastrow, חָלוּל"... OK (חלול)
[27.6%] #8291: "Jastrow, חָלוּם"... OK (חלום)
[27.6%] #8292: "Jastrow, חֲלוֹם"... duplicate
[27.6%] #8292: "Jastrow, חַלּוֹן"... OK (חלון)
[27.6%] #8293: "Jastrow, חִלּוּף"... OK (חלוף)
[27.6%] #8294: "Jastrow, חִלּוּץ"... OK (חלוץ)
[27.6%] #8295: "Jastrow, חֲלוּצָא"... OK (חלוצא)
[27.7%] #8296: "Jastrow, חֲלוּצָה II"... OK (חלוצה)
[27.7%] #8297: "Jastrow, חָלוּק I"... OK (חלוק)
[27.7%] #8298: "Jastrow, חָלוּק II"... duplicate
[27.7%] #8298: "Jastrow, חִלּוּק"... duplicate
[27.7%] #8298: "Jastrow, חֲלוּק"... duplicate
[27.7%] #8298: "Jastrow, חֲלוּקָּה"... OK (חלוקה)
[27.7%] #8299: "Jastrow, *חֲלוּקָה"... duplicate
[27.7%] #8299: "Jastrow, חֶלְוָתָא"... OK (חלותא)
[27.7%] #8300: "Jastrow, חֲלַז"... OK (חלז)
[27.7%] #8301: "Jastrow, חִלָּזוֹן"... OK (חלזון)
[27.7%] #8302: "Jastrow, חִלְזוֹנָא"... OK (חלזונא)
[27.7%] #8303: "Jastrow, חִלְחוּל"... OK (חלחול)
[27.7%] #8304: "Jastrow, חַלְחוֹלִית"... OK (חלחולית)
[27.7%] #8305: "Jastrow, חַלְחוֹלֶת"... OK (חלחולת)
[27.7%] #8306: "Jastrow, חִלְחֵל"... OK (חלחל)
[27.7%] #8307: "Jastrow, חַלְחֵל"... duplicate
[27.7%] #8307: "Jastrow, חָלַט I"... OK (חלט)
[27.7%] #8308: "Jastrow, חֲלַט"... duplicate
[27.7%] #8308: "Jastrow, חָלַט II"... duplicate
[27.7%] #8308: "Jastrow, חֲלַט ²"... duplicate
[27.7%] #8308: "Jastrow, חַלְטָא"... OK (חלטא)
[27.7%] #8309: "Jastrow, חַלְטָנִית"... OK (חלטנית)
[27.7%] #8310: "Jastrow, חֲלִטְרַיָּא"... OK (חלטריא)
  [Saved progress: 8310 entries]
[27.7%] #8311: "Jastrow, חַלְּטָתָא"... OK (חלטתא)
[27.7%] #8312: "Jastrow, חלי"... OK (חלי)
[27.7%] #8313: "Jastrow, חֲלִי"... duplicate
[27.7%] #8313: "Jastrow, חָלֵי"... duplicate
[27.7%] #8313: "Jastrow, חֳלִי"... duplicate
[27.7%] #8313: "Jastrow, חַלְיָא"... OK (חליא)
[27.7%] #8314: "Jastrow, חֲלִיאֲתָא"... OK (חליאתא)
[27.7%] #8315: "Jastrow, חִלִּיז"... OK (חליז)
[27.7%] #8316: "Jastrow, חַלֵּיז"... duplicate
[27.7%] #8316: "Jastrow, חֲלִיטָא I"... OK (חליטא)
[27.7%] #8317: "Jastrow, חֲלִיטָא II"... duplicate
[27.7%] #8317: "Jastrow, חֲלִיטָא III"... duplicate
[27.7%] #8317: "Jastrow, חֲלִיטָה I"... OK (חליטה)
[27.7%] #8318: "Jastrow, חֲלִיטָה II"... duplicate
[27.7%] #8318: "Jastrow, חֲלִיטָה III"... duplicate
[27.7%] #8318: "Jastrow, חֲלִיטָר"... OK (חליטר)
[27.7%] #8319: "Jastrow, חלייה"... OK (חלייה)
[27.7%] #8320: "Jastrow, חָלֵיל"... OK (חליל)
[27.7%] #8321: "Jastrow, חָלִיל"... duplicate
[27.7%] #8321: "Jastrow, חָלִילָא"... OK (חלילא)
[27.7%] #8322: "Jastrow, חֲלִילָא"... duplicate
[27.7%] #8322: "Jastrow, חָלִילָה"... OK (חלילה)
[27.7%] #8323: "Jastrow, חַלִּים"... OK (חלים)
[27.7%] #8324: "Jastrow, חֲלִים"... duplicate
[27.7%] #8324: "Jastrow, חַלֵּים"... duplicate
[27.7%] #8324: "Jastrow, חֲלִימָה"... OK (חלימה)
[27.7%] #8325: "Jastrow, חִלִּין"... OK (חלין)
[27.8%] #8326: "Jastrow, חֲלֵיף"... OK (חליף)
[27.8%] #8327: "Jastrow, חַלִּיף"... duplicate
[27.8%] #8327: "Jastrow, חֲלִיפָא"... OK (חליפא)
[27.8%] #8328: "Jastrow, חֲלִיפָה"... OK (חליפה)
[27.8%] #8329: "Jastrow, חֲלִיפִים"... OK (חליפים)
[27.8%] #8330: "Jastrow, חָלִיץ"... OK (חליץ)
[27.8%] #8331: "Jastrow, חֲלִיצָה"... OK (חליצה)
[27.8%] #8332: "Jastrow, חֲלִיצְתָּא"... OK (חליצתא)
[27.8%] #8333: "Jastrow, חָלִיק"... OK (חליק)
[27.8%] #8334: "Jastrow, חֲלִיקָה"... OK (חליקה)
[27.8%] #8335: "Jastrow, חליקוסתא"... OK (חליקוסתא)
[27.8%] #8336: "Jastrow, חֲלִיקוּפְרִי"... OK (חליקופרי)
[27.8%] #8337: "Jastrow, חָלִישׁ"... OK (חליש)
[27.8%] #8338: "Jastrow, חֲלִישׁ"... duplicate
[27.8%] #8338: "Jastrow, חֲלִישׁוּת"... OK (חלישות)
[27.8%] #8339: "Jastrow, חֲלִישׁוּתָא"... OK (חלישותא)
[27.8%] #8340: "Jastrow, חלישתא"... OK (חלישתא)
[27.8%] #8341: "Jastrow, חֲלִיתָא"... OK (חליתא)
[27.8%] #8342: "Jastrow, חלך"... duplicate
[27.8%] #8342: "Jastrow, חָלַל"... OK (חלל)
[27.8%] #8343: "Jastrow, חֲלַל I"... duplicate
[27.8%] #8343: "Jastrow, חֲלַל II"... duplicate
[27.8%] #8343: "Jastrow, חָלָל I"... duplicate
[27.8%] #8343: "Jastrow, חָלָל II"... duplicate
[27.8%] #8343: "Jastrow, חָלָל III"... duplicate
[27.8%] #8343: "Jastrow, חֲלָלָא"... OK (חללא)
[27.8%] #8344: "Jastrow, חֲלָלָה"... OK (חללה)
[27.8%] #8345: "Jastrow, חָלַם I"... OK (חלם)
[27.8%] #8346: "Jastrow, חֲלַם"... duplicate
[27.8%] #8346: "Jastrow, חָלַם II"... duplicate
[27.8%] #8346: "Jastrow, חֲלַם ²"... duplicate
[27.8%] #8346: "Jastrow, חֲלֹם"... duplicate
[27.8%] #8346: "Jastrow, חֶלְמָא"... OK (חלמא)
[27.8%] #8347: "Jastrow, חָלְמָא"... duplicate
[27.8%] #8347: "Jastrow, חֲלָמָא"... duplicate
[27.8%] #8347: "Jastrow, חֲלָמָה II"... OK (חלמה)
[27.8%] #8348: "Jastrow, חֶלְמָה"... duplicate
[27.8%] #8348: "Jastrow, חֶלְמוֹן"... OK (חלמון)
[27.8%] #8349: "Jastrow, חֶלְמוֹנָא"... OK (חלמונא)
[27.8%] #8350: "Jastrow, חַלָּמוּת"... OK (חלמות)
[27.8%] #8351: "Jastrow, חלמין"... OK (חלמין)
[27.8%] #8352: "Jastrow, חַלָּמִישׁ"... OK (חלמיש)
[27.8%] #8353: "Jastrow, חִלְמִית"... OK (חלמית)
[27.8%] #8354: "Jastrow, חלנונא"... OK (חלנונא)
[27.8%] #8355: "Jastrow, חָלַף"... OK (חלף)
[27.9%] #8356: "Jastrow, חֲלַף I"... duplicate
[27.9%] #8356: "Jastrow, חִלֶף I"... duplicate
[27.9%] #8356: "Jastrow, חֵלֶף II"... duplicate
[27.9%] #8356: "Jastrow, חֶלֶף"... duplicate
[27.9%] #8356: "Jastrow, חֲלַף II"... duplicate
[27.9%] #8356: "Jastrow, חִלְפָא"... OK (חלפא)
[27.9%] #8357: "Jastrow, חִלְפוֹת"... OK (חלפות)
[27.9%] #8358: "Jastrow, חִלְפַיי"... OK (חלפיי)
[27.9%] #8359: "Jastrow, חֲלַפְתָּא"... OK (חלפתא)
[27.9%] #8360: "Jastrow, חִלְפְּתָא"... duplicate
[27.9%] #8360: "Jastrow, חָלַץ"... OK (חלץ)
[27.9%] #8361: "Jastrow, חֲלַץ"... duplicate
[27.9%] #8361: "Jastrow, חֲלָצַיִם"... OK (חלצים)
[27.9%] #8362: "Jastrow, חָלַק"... OK (חלק)
[27.9%] #8363: "Jastrow, חָלָק"... duplicate
[27.9%] #8363: "Jastrow, חֵלֶק"... duplicate
[27.9%] #8363: "Jastrow, חִלָּק"... duplicate
[27.9%] #8363: "Jastrow, חֲלַק"... duplicate
[27.9%] #8363: "Jastrow, חֶלְקָא"... OK (חלקא)
[27.9%] #8364: "Jastrow, חֻלָּקָא"... duplicate
[27.9%] #8364: "Jastrow, חִלְקָא"... duplicate
[27.9%] #8364: "Jastrow, חלקוסתא"... OK (חלקוסתא)
[27.9%] #8365: "Jastrow, חִלְקִיָּה"... OK (חלקיה)
[27.9%] #8366: "Jastrow, חֻלַּקְתָּא"... OK (חלקתא)
[27.9%] #8367: "Jastrow, חָלַשׁ"... OK (חלש)
[27.9%] #8368: "Jastrow, חֲלַשׁ"... duplicate
[27.9%] #8368: "Jastrow, חִלֶשׁ"... duplicate
[27.9%] #8368: "Jastrow, חֵלַשׁ"... duplicate
  [Saved progress: 8367 entries]
[27.9%] #8368: "Jastrow, חַלָּשׁ"... duplicate
[27.9%] #8368: "Jastrow, חַלָּשׁ ²"... duplicate
[27.9%] #8368: "Jastrow, חַלָּשׁוּת"... OK (חלשות)
[27.9%] #8369: "Jastrow, חַלְּתָא"... OK (חלתא)
[27.9%] #8370: "Jastrow, חַלְתָּא"... duplicate
[27.9%] #8370: "Jastrow, חלתותא"... OK (חלתותא)
[27.9%] #8371: "Jastrow, חַם"... OK (חם)
[27.9%] #8372: "Jastrow, חָם I"... duplicate
[27.9%] #8372: "Jastrow, חָם II"... duplicate
[27.9%] #8372: "Jastrow, חָם III"... duplicate
[27.9%] #8372: "Jastrow, חָמָא I"... OK (חמא)
[27.9%] #8373: "Jastrow, חָמָא II"... duplicate
[27.9%] #8373: "Jastrow, חֲמָא"... duplicate
[27.9%] #8373: "Jastrow, חֵמָא"... duplicate
[27.9%] #8373: "Jastrow, חַמָּא"... duplicate
[27.9%] #8373: "Jastrow, חֶמְאָה"... OK (חמאה)
[27.9%] #8374: "Jastrow, חֶמְאֲתָא"... OK (חמאתא)
[27.9%] #8375: "Jastrow, חָמַד"... OK (חמד)
[27.9%] #8376: "Jastrow, חֲמַד"... duplicate
[27.9%] #8376: "Jastrow, חַמְדָּא"... OK (חמדא)
[27.9%] #8377: "Jastrow, חֶמְדָּה"... OK (חמדה)
[27.9%] #8378: "Jastrow, חַמְדָּן"... OK (חמדן)
[27.9%] #8379: "Jastrow, חֶמְדָּתָא"... OK (חמדתא)
[27.9%] #8380: "Jastrow, חֲמָה"... OK (חמה)
[27.9%] #8381: "Jastrow, חֵמָה"... duplicate
[27.9%] #8381: "Jastrow, חַמָּה"... duplicate
[27.9%] #8381: "Jastrow, חֲמוּדָא"... OK (חמודא)
[27.9%] #8382: "Jastrow, חָמוֹדָא"... duplicate
[27.9%] #8382: "Jastrow, חֲמוּדָה"... OK (חמודה)
[27.9%] #8383: "Jastrow, חֲמוּהָ"... OK (חמוה)
[27.9%] #8384: "Jastrow, חֲמוּטַלְיָא"... OK (חמוטליא)
[27.9%] #8385: "Jastrow, חמולות"... OK (חמולות)
[28.0%] #8386: "Jastrow, חִמּוּם"... OK (חמום)
[28.0%] #8387: "Jastrow, חַמּוּם"... duplicate
[28.0%] #8387: "Jastrow, חִמּוּץ"... OK (חמוץ)
[28.0%] #8388: "Jastrow, חַמּוּק"... OK (חמוק)
[28.0%] #8389: "Jastrow, חֲמוֹר"... OK (חמור)
[28.0%] #8390: "Jastrow, חָמוּר"... duplicate
[28.0%] #8390: "Jastrow, חֲמוֹרָה"... OK (חמורה)
[28.0%] #8391: "Jastrow, חֲמוֹרְתָּא"... OK (חמורתא)
[28.0%] #8392: "Jastrow, חָמוֹת"... OK (חמות)
[28.0%] #8393: "Jastrow, חֲמוֹתָא"... OK (חמותא)
[28.0%] #8394: "Jastrow, חֲמַט I"... OK (חמט)
[28.0%] #8395: "Jastrow, חֲמַט II"... duplicate
[28.0%] #8395: "Jastrow, חֲמָטָה"... OK (חמטה)
[28.0%] #8396: "Jastrow, חֲמִי"... OK (חמי)
[28.0%] #8397: "Jastrow, חָמֵיד"... OK (חמיד)
[28.0%] #8398: "Jastrow, חֲמִידְתָּא"... OK (חמידתא)
[28.0%] #8399: "Jastrow, חֲמִיטָא"... OK (חמיטא)
[28.0%] #8400: "Jastrow, חֲמִיטָה"... OK (חמיטה)
[28.0%] #8401: "Jastrow, חמיטליא"... OK (חמיטליא)
[28.0%] #8402: "Jastrow, חֲמִילָה"... OK (חמילה)
[28.0%] #8403: "Jastrow, חַמִּים"... OK (חמים)
[28.0%] #8404: "Jastrow, חַמִּימוּתָא"... OK (חמימותא)
[28.0%] #8405: "Jastrow, חֲמִימָתָא"... OK (חמימתא)
[28.0%] #8406: "Jastrow, חַמִּין"... OK (חמין)
[28.0%] #8407: "Jastrow, *חֲמִיסִין"... OK (חמיסין)
[28.0%] #8408: "Jastrow, חֲמֵיסַר"... OK (חמיסר)
[28.0%] #8409: "Jastrow, חֲמֵיסְרָאָה"... OK (חמיסראה)
[28.0%] #8410: "Jastrow, חֲמִיעַ"... OK (חמיע)
[28.0%] #8411: "Jastrow, חֲמֵיץ"... OK (חמיץ)
[28.0%] #8412: "Jastrow, חֲמֵיצ־"... OK (חמיצ)
[28.0%] #8413: "Jastrow, חֲמִיר I"... OK (חמיר)
[28.0%] #8414: "Jastrow, חֲמִיר II"... duplicate
[28.0%] #8414: "Jastrow, חֲמֵישׁ"... OK (חמיש)
[28.0%] #8415: "Jastrow, חֲמִישָׁאָה"... OK (חמישאה)
[28.1%] #8416: "Jastrow, חֲמִישִׁי"... OK (חמישי)
[28.1%] #8417: "Jastrow, חֲמִישַׁי"... duplicate
[28.1%] #8417: "Jastrow, חַמִּיתָא"... OK (חמיתא)
[28.1%] #8418: "Jastrow, חמיתה"... OK (חמיתה)
[28.1%] #8419: "Jastrow, חָמַל"... OK (חמל)
[28.1%] #8420: "Jastrow, חמלא"... OK (חמלא)
[28.1%] #8421: "Jastrow, חֲמַלְתָּא"... OK (חמלתא)
[28.1%] #8422: "Jastrow, חֲמָם"... OK (חמם)
[28.1%] #8423: "Jastrow, חָמַם"... duplicate
[28.1%] #8423: "Jastrow, חֲמַם"... duplicate
[28.1%] #8423: "Jastrow, חַמָּן"... OK (חמן)
[28.1%] #8424: "Jastrow, חמס"... OK (חמס)
[28.1%] #8425: "Jastrow, חָמַס"... duplicate
[28.1%] #8425: "Jastrow, חֲמַס"... duplicate
[28.1%] #8425: "Jastrow, חָמָס"... duplicate
[28.1%] #8425: "Jastrow, חַמְסָן"... OK (חמסן)
[28.1%] #8426: "Jastrow, *חָמֵעַ"... OK (חמע)
[28.1%] #8427: "Jastrow, חֲמַע I"... duplicate
[28.1%] #8427: "Jastrow, חָמַץ"... OK (חמץ)
[28.1%] #8428: "Jastrow, חָמֵץ I"... duplicate
[28.1%] #8428: "Jastrow, חֲמַץ"... duplicate
[28.1%] #8428: "Jastrow, חָמֵץ II"... duplicate
[28.1%] #8428: "Jastrow, חֲמָץ"... duplicate
[28.1%] #8428: "Jastrow, חִמְצָא"... OK (חמצא)
[28.1%] #8429: "Jastrow, חַמְצָן"... OK (חמצן)
[28.1%] #8430: "Jastrow, חָמַר I"... OK (חמר)
[28.1%] #8431: "Jastrow, חֲמַר"... duplicate
[28.1%] #8431: "Jastrow, חָמַר II"... duplicate
[28.1%] #8431: "Jastrow, חֲמַר ²"... duplicate
[28.1%] #8431: "Jastrow, חֲמַר III"... duplicate
[28.1%] #8431: "Jastrow, חֲמָר"... duplicate
[28.1%] #8431: "Jastrow, חַמָּר I"... duplicate
[28.1%] #8431: "Jastrow, חַמָּר II"... duplicate
[28.1%] #8431: "Jastrow, חַמָּר"... duplicate
  [Saved progress: 8430 entries]
[28.1%] #8431: "Jastrow, חַמְרָא"... OK (חמרא)
[28.1%] #8432: "Jastrow, חֲמָרָא"... duplicate
[28.1%] #8432: "Jastrow, חֵמָרָא"... duplicate
[28.1%] #8432: "Jastrow, חַמֶּרֶת"... OK (חמרת)
[28.1%] #8433: "Jastrow, חֲמָרְתָּא"... OK (חמרתא)
[28.1%] #8434: "Jastrow, חָמֵשׁ"... OK (חמש)
[28.1%] #8435: "Jastrow, חֲמֵשׁ"... duplicate
[28.1%] #8435: "Jastrow, חֲמִשִׁי"... OK (חמשי)
[28.1%] #8436: "Jastrow, חַמְשִׁיתָא"... OK (חמשיתא)
[28.1%] #8437: "Jastrow, חֵמֶת"... OK (חמת)
[28.1%] #8438: "Jastrow, חַמָּת"... duplicate
[28.1%] #8438: "Jastrow, חַמַּת"... duplicate
[28.1%] #8438: "Jastrow, חֲמֵת"... duplicate
[28.1%] #8438: "Jastrow, חֲמָת"... duplicate
[28.1%] #8438: "Jastrow, חַמַּת ²"... duplicate
[28.1%] #8438: "Jastrow, חֵמְתָא"... OK (חמתא)
[28.1%] #8439: "Jastrow, חֲמָתָא"... duplicate
[28.1%] #8439: "Jastrow, חַמְּתָא"... duplicate
[28.1%] #8439: "Jastrow, חַמְּתן"... OK (חמתן)
[28.1%] #8440: "Jastrow, חֶמְתָּנָא"... OK (חמתנא)
[28.1%] #8441: "Jastrow, חָן"... OK (חן)
[28.1%] #8442: "Jastrow, חַן"... duplicate
[28.1%] #8442: "Jastrow, חֵן"... duplicate
[28.1%] #8442: "Jastrow, חִנָּא"... OK (חנא)
[28.1%] #8443: "Jastrow, חֵנָא"... duplicate
[28.1%] #8443: "Jastrow, חֲנַג"... OK (חנג)
[28.1%] #8444: "Jastrow, חִנגָּא"... OK (חנגא)
[28.1%] #8445: "Jastrow, חָנָה"... OK (חנה)
[28.1%] #8446: "Jastrow, חֶנְוָאָה"... OK (חנואה)
[28.2%] #8447: "Jastrow, חִנּוּגָא"... OK (חנוגא)
[28.2%] #8448: "Jastrow, חֶנְוָונִי"... OK (חנווני)
[28.2%] #8449: "Jastrow, חֲנוֹיָא"... OK (חנויא)
[28.2%] #8450: "Jastrow, חִנּוּךְ"... OK (חנוך)
[28.2%] #8451: "Jastrow, חֲנוּכָּה"... OK (חנוכה)
[28.2%] #8452: "Jastrow, חֲנוּכְּתָא"... OK (חנוכתא)
[28.2%] #8453: "Jastrow, חַנּוּן"... OK (חנון)
[28.2%] #8454: "Jastrow, חִנּוּן"... duplicate
[28.2%] #8454: "Jastrow, חָנוּן I"... duplicate
[28.2%] #8454: "Jastrow, חָנוּן II"... duplicate
[28.2%] #8454: "Jastrow, חָנוּן III"... duplicate
[28.2%] #8454: "Jastrow, חֶנְוָנִי"... OK (חנוני)
[28.2%] #8455: "Jastrow, חֲנוּפָה"... OK (חנופה)
[28.2%] #8456: "Jastrow, חֲנוּפְתָּא"... OK (חנופתא)
[28.2%] #8457: "Jastrow, חָנוֹקָא"... OK (חנוקא)
[28.2%] #8458: "Jastrow, חָנוּת"... OK (חנות)
[28.2%] #8459: "Jastrow, חֲנוּתָא"... OK (חנותא)
[28.2%] #8460: "Jastrow, חָנַט"... OK (חנט)
[28.2%] #8461: "Jastrow, חֲנַט"... duplicate
[28.2%] #8461: "Jastrow, חֶנֶט"... duplicate
[28.2%] #8461: "Jastrow, חַנָּטָא"... OK (חנטא)
[28.2%] #8462: "Jastrow, חִנְטָא"... duplicate
[28.2%] #8462: "Jastrow, חֲנָטָה"... OK (חנטה)
[28.2%] #8463: "Jastrow, חֲנִטַּיָּא"... OK (חנטיא)
[28.2%] #8464: "Jastrow, חני"... OK (חני)
[28.2%] #8465: "Jastrow, חַנְיָא"... OK (חניא)
[28.2%] #8466: "Jastrow, חֲניֹּות"... OK (חניות)
[28.2%] #8467: "Jastrow, חֲנִיטַּיָּא"... OK (חניטיא)
[28.2%] #8468: "Jastrow, חַנְיָיא"... OK (חנייא)
[28.2%] #8469: "Jastrow, חֲנִיָּיה"... OK (חנייה)
[28.2%] #8470: "Jastrow, חֲנֵיךְ"... OK (חניך)
[28.2%] #8471: "Jastrow, חַנִּיךְ"... duplicate
[28.2%] #8471: "Jastrow, חֲנִיכָה"... OK (חניכה)
[28.2%] #8472: "Jastrow, חֲנִיכַיִים I"... OK (חניכיים)
[28.2%] #8473: "Jastrow, חַנִּין"... OK (חנין)
[28.2%] #8474: "Jastrow, חַנִּין II"... duplicate
[28.2%] #8474: "Jastrow, חֲנִינָא"... OK (חנינא)
[28.2%] #8475: "Jastrow, חֲנִינָה II"... OK (חנינה)
[28.2%] #8476: "Jastrow, חניניא"... OK (חניניא)
[28.3%] #8477: "Jastrow, חֲנִיסְנְסַיָּא"... OK (חניסנסיא)
[28.3%] #8478: "Jastrow, חֲנֵיף"... OK (חניף)
[28.3%] #8479: "Jastrow, חֲנֵיפָא"... OK (חניפא)
[28.3%] #8480: "Jastrow, חֲנֵיקָא"... OK (חניקא)
[28.3%] #8481: "Jastrow, חֲנִיקָה"... OK (חניקה)
[28.3%] #8482: "Jastrow, חֲנִית"... OK (חנית)
[28.3%] #8483: "Jastrow, חֲנִיתָא"... OK (חניתא)
[28.3%] #8484: "Jastrow, חָנַךְ"... OK (חנך)
[28.3%] #8485: "Jastrow, חֲנַךְ"... duplicate
[28.3%] #8485: "Jastrow, חֲנֻכָּה"... OK (חנכה)
[28.3%] #8486: "Jastrow, חִנְכֵי"... OK (חנכי)
[28.3%] #8487: "Jastrow, חֲנֻכְּתָא"... OK (חנכתא)
[28.3%] #8488: "Jastrow, חִנָּם"... OK (חנם)
[28.3%] #8489: "Jastrow, חֲנַמְאֵל"... OK (חנמאל)
[28.3%] #8490: "Jastrow, חֲנָמַל"... OK (חנמל)
[28.3%] #8491: "Jastrow, חנן"... OK (חנן)
[28.3%] #8492: "Jastrow, חָנַן"... duplicate
[28.3%] #8492: "Jastrow, חֲנַן"... duplicate
[28.3%] #8492: "Jastrow, חָנָן"... duplicate
[28.3%] #8492: "Jastrow, חַנָּנָא"... OK (חננא)
[28.3%] #8493: "Jastrow, חֲנַנְאֵל"... OK (חננאל)
[28.3%] #8494: "Jastrow, חֲנַנְיָא"... OK (חנניא)
[28.3%] #8495: "Jastrow, חנסי"... OK (חנסי)
[28.3%] #8496: "Jastrow, חֲנִסְנְסַיָּא"... OK (חנסנסיא)
[28.3%] #8497: "Jastrow, חָנַף"... OK (חנף)
[28.3%] #8498: "Jastrow, חֲנֵף"... duplicate
[28.3%] #8498: "Jastrow, חָנֵף"... duplicate
[28.3%] #8498: "Jastrow, חֲנֵפָא"... OK (חנפא)
[28.3%] #8499: "Jastrow, חֲנֻפְתָּא"... OK (חנפתא)
[28.3%] #8500: "Jastrow, חָנַק"... OK (חנק)
[28.3%] #8501: "Jastrow, חֲנַק"... duplicate
[28.3%] #8501: "Jastrow, חֶנֶק"... duplicate
  [Saved progress: 8500 entries]
[28.3%] #8501: "Jastrow, חֲנָקָא"... OK (חנקא)
[28.3%] #8502: "Jastrow, חַס"... OK (חס)
[28.3%] #8503: "Jastrow, חַס ²"... duplicate
[28.3%] #8503: "Jastrow, חֲסָא"... OK (חסא)
[28.3%] #8504: "Jastrow, חָסָא I"... duplicate
[28.3%] #8504: "Jastrow, חָסָא II"... duplicate
[28.3%] #8504: "Jastrow, חסאין"... OK (חסאין)
[28.3%] #8505: "Jastrow, חָסַד I"... OK (חסד)
[28.3%] #8506: "Jastrow, חָסַד II"... duplicate
[28.3%] #8506: "Jastrow, חֲסַד"... duplicate
[28.3%] #8506: "Jastrow, חֶסֶד"... duplicate
[28.3%] #8506: "Jastrow, חֶסֶד ²"... duplicate
[28.3%] #8506: "Jastrow, חִסְדָּא"... OK (חסדא)
[28.4%] #8507: "Jastrow, חִסְדָּא ²"... duplicate
[28.4%] #8507: "Jastrow, חִסְדָּאָה"... OK (חסדאה)
[28.4%] #8508: "Jastrow, חִסְדַּאי"... OK (חסדאי)
[28.4%] #8509: "Jastrow, חִסְדּוּתָא"... OK (חסדותא)
[28.4%] #8510: "Jastrow, חסדיגרון"... OK (חסדיגרון)
[28.4%] #8511: "Jastrow, חִסּוּדָא"... OK (חסודא)
[28.4%] #8512: "Jastrow, חֲסוּדָא"... duplicate
[28.4%] #8512: "Jastrow, חֲסוּדָה I"... OK (חסודה)
[28.4%] #8513: "Jastrow, חֲסוּדָה II"... duplicate
[28.4%] #8513: "Jastrow, חִסּוּדְתָּא"... OK (חסודתא)
[28.4%] #8514: "Jastrow, חסוח"... OK (חסוח)
[28.4%] #8515: "Jastrow, חסוסה"... OK (חסוסה)
[28.4%] #8516: "Jastrow, חֲסוֹךְ I"... OK (חסוך)
[28.4%] #8517: "Jastrow, חֲסוֹךְ II"... duplicate
[28.4%] #8517: "Jastrow, חִסּוּלָא"... OK (חסולא)
[28.4%] #8518: "Jastrow, חֲסוֹם"... OK (חסום)
[28.4%] #8519: "Jastrow, חֲסוֹמִית"... OK (חסומית)
[28.4%] #8520: "Jastrow, חֲסוּסָה"... duplicate
[28.4%] #8520: "Jastrow, חִסּוּר"... OK (חסור)
[28.4%] #8521: "Jastrow, חֲסוֹרִין"... OK (חסורין)
[28.4%] #8522: "Jastrow, חָסוּת"... OK (חסות)
[28.4%] #8523: "Jastrow, חסחום"... OK (חסחום)
[28.4%] #8524: "Jastrow, חִסְחוּס"... OK (חסחוס)
[28.4%] #8525: "Jastrow, חַסְחוּס"... duplicate
[28.4%] #8525: "Jastrow, חסחף"... OK (חסחף)
[28.4%] #8526: "Jastrow, חַסְחָסוּת"... OK (חסחסות)
[28.4%] #8527: "Jastrow, *חֲסִי"... OK (חסי)
[28.4%] #8528: "Jastrow, חַסְיָא"... OK (חסיא)
[28.4%] #8529: "Jastrow, חָסִיד"... OK (חסיד)
[28.4%] #8530: "Jastrow, חֲסִיד"... duplicate
[28.4%] #8530: "Jastrow, חֲסִידָה"... OK (חסידה)
[28.4%] #8531: "Jastrow, חֲסִידוּת"... OK (חסידות)
[28.4%] #8532: "Jastrow, חֲסִידוּתָא"... OK (חסידותא)
[28.4%] #8533: "Jastrow, חֲסִידְתָּא"... OK (חסידתא)
[28.4%] #8534: "Jastrow, חֲסִיךְ"... OK (חסיך)
[28.4%] #8535: "Jastrow, חֲסֵיכְנָא"... OK (חסיכנא)
[28.4%] #8536: "Jastrow, חֲסִיל"... OK (חסיל)
[28.5%] #8537: "Jastrow, חָסִיל"... duplicate
[28.5%] #8537: "Jastrow, חָסִילָא"... OK (חסילא)
[28.5%] #8538: "Jastrow, חֲסִים"... OK (חסים)
[28.5%] #8539: "Jastrow, חֲסִימָה I"... OK (חסימה)
[28.5%] #8540: "Jastrow, חֲסִימָה II"... duplicate
[28.5%] #8540: "Jastrow, חסין"... OK (חסין)
[28.5%] #8541: "Jastrow, חָסִין"... duplicate
[28.5%] #8541: "Jastrow, חֲסִינָה"... OK (חסינה)
[28.5%] #8542: "Jastrow, חֲסִיסָא"... OK (חסיסא)
[28.5%] #8543: "Jastrow, חֲסִיסָה"... OK (חסיסה)
[28.5%] #8544: "Jastrow, חָסֵיר"... OK (חסיר)
[28.5%] #8545: "Jastrow, חֲסִיר"... duplicate
[28.5%] #8545: "Jastrow, חַסִּירוּתָא"... OK (חסירותא)
[28.5%] #8546: "Jastrow, חָסִית I"... OK (חסית)
[28.5%] #8547: "Jastrow, חָסִית II"... duplicate
[28.5%] #8547: "Jastrow, חָסַךְ"... OK (חסך)
[28.5%] #8548: "Jastrow, חֲסַךְ"... duplicate
[28.5%] #8548: "Jastrow, חִסָּכוֹן"... OK (חסכון)
[28.5%] #8549: "Jastrow, חָסַל"... OK (חסל)
[28.5%] #8550: "Jastrow, חֲסַל"... duplicate
[28.5%] #8550: "Jastrow, חָסַם I"... OK (חסם)
[28.5%] #8551: "Jastrow, חֲסַם"... duplicate
[28.5%] #8551: "Jastrow, חָסַם II"... duplicate
[28.5%] #8551: "Jastrow, חֲסַם ²"... duplicate
[28.5%] #8551: "Jastrow, חֲסַן I"... OK (חסן)
[28.5%] #8552: "Jastrow, חֲסַן II"... duplicate
[28.5%] #8552: "Jastrow, חֹסֶן"... duplicate
[28.5%] #8552: "Jastrow, חִסְנָא"... OK (חסנא)
[28.5%] #8553: "Jastrow, חֲסַף I"... OK (חסף)
[28.5%] #8554: "Jastrow, חֲסַף II"... duplicate
[28.5%] #8554: "Jastrow, חַסְפָּא"... OK (חספא)
[28.5%] #8555: "Jastrow, חַסְפְּיָה"... OK (חספיה)
[28.5%] #8556: "Jastrow, חַסְפְּנִיתָא"... OK (חספניתא)
[28.5%] #8557: "Jastrow, חָסַר"... OK (חסר)
[28.5%] #8558: "Jastrow, חֲסַר"... duplicate
[28.5%] #8558: "Jastrow, חָסֵר II"... duplicate
[28.5%] #8558: "Jastrow, חָסֵר"... duplicate
[28.5%] #8558: "Jastrow, *חֶסֶר"... duplicate
[28.5%] #8558: "Jastrow, חֶסְרוֹן"... OK (חסרון)
[28.5%] #8559: "Jastrow, חֶסְרוֹנָא"... OK (חסרונא)
[28.5%] #8560: "Jastrow, חָף"... OK (חף)
[28.5%] #8561: "Jastrow, חָף ²"... duplicate
[28.5%] #8561: "Jastrow, חָפָא"... OK (חפא)
[28.5%] #8562: "Jastrow, חפאטיקון"... OK (חפאטיקון)
[28.5%] #8563: "Jastrow, חֳפָאִים"... OK (חפאים)
[28.5%] #8564: "Jastrow, חֵפָה"... OK (חפה)
[28.5%] #8565: "Jastrow, חָפָה"... duplicate
[28.5%] #8565: "Jastrow, חִפּוּי"... OK (חפוי)
[28.5%] #8566: "Jastrow, חִפּוּיָא"... OK (חפויא)
[28.6%] #8567: "Jastrow, חִפּוּפִיתָא"... OK (חפופיתא)
  [Saved progress: 8567 entries]
[28.6%] #8568: "Jastrow, חפופתא"... OK (חפופתא)
[28.6%] #8569: "Jastrow, חָפוֹר"... OK (חפור)
[28.6%] #8570: "Jastrow, חֲפוּרָא"... OK (חפורא)
[28.6%] #8571: "Jastrow, חֲפוּרָא ²"... duplicate
[28.6%] #8571: "Jastrow, חֲפוּרָה"... OK (חפורה)
[28.6%] #8572: "Jastrow, חֲפוּרָה ²"... duplicate
[28.6%] #8572: "Jastrow, חֲפוּרִית"... OK (חפורית)
[28.6%] #8573: "Jastrow, חֲפוּרְתָּא"... OK (חפורתא)
[28.6%] #8574: "Jastrow, *חֲפוּשִׁית"... OK (חפושית)
[28.6%] #8575: "Jastrow, חִפּוּשִׂית"... duplicate
[28.6%] #8575: "Jastrow, חָפַז"... OK (חפז)
[28.6%] #8576: "Jastrow, חִפָּזוֹן"... OK (חפזון)
[28.6%] #8577: "Jastrow, חָפֵי"... OK (חפי)
[28.6%] #8578: "Jastrow, חפי"... duplicate
[28.6%] #8578: "Jastrow, חֲפֵי"... duplicate
[28.6%] #8578: "Jastrow, חַפְיָא I"... OK (חפיא)
[28.6%] #8579: "Jastrow, חַפְיָא II"... duplicate
[28.6%] #8579: "Jastrow, חַפְיָה"... OK (חפיה)
[28.6%] #8580: "Jastrow, חֲפִינָה"... OK (חפינה)
[28.6%] #8581: "Jastrow, חֲפִיסָה"... OK (חפיסה)
[28.6%] #8582: "Jastrow, חֲפִיפָה I"... OK (חפיפה)
[28.6%] #8583: "Jastrow, חֲפִיפָה II"... duplicate
[28.6%] #8583: "Jastrow, *חפיפות"... OK (חפיפות)
[28.6%] #8584: "Jastrow, *חֲפִיפוּתָא I"... OK (חפיפותא)
[28.6%] #8585: "Jastrow, חֲפִיפוּתָא II"... duplicate
[28.6%] #8585: "Jastrow, חֲפִיצָה"... OK (חפיצה)
[28.6%] #8586: "Jastrow, חֲפִיר"... OK (חפיר)
[28.6%] #8587: "Jastrow, חֲפִירָה"... OK (חפירה)
[28.6%] #8588: "Jastrow, חֲפִישָׂה"... OK (חפישה)
[28.6%] #8589: "Jastrow, חֲפִישׁוּתָא"... OK (חפישותא)
[28.6%] #8590: "Jastrow, חָפִיתָא"... OK (חפיתא)
[28.6%] #8591: "Jastrow, חָפַן"... OK (חפן)
[28.6%] #8592: "Jastrow, חֲפַן"... duplicate
[28.6%] #8592: "Jastrow, חֹפֶן"... duplicate
[28.6%] #8592: "Jastrow, חָפְנָא"... OK (חפנא)
[28.6%] #8593: "Jastrow, *חֵפָנִי"... OK (חפני)
[28.6%] #8594: "Jastrow, חֲפַס"... OK (חפס)
[28.6%] #8595: "Jastrow, חָפַף I"... OK (חפף)
[28.6%] #8596: "Jastrow, חֲפַף"... duplicate
[28.6%] #8596: "Jastrow, חָפַף II"... duplicate
[28.6%] #8596: "Jastrow, חֲפַף ²"... duplicate
[28.6%] #8596: "Jastrow, חֲפָפִית"... OK (חפפית)
[28.7%] #8597: "Jastrow, חָפַץ"... OK (חפץ)
[28.7%] #8598: "Jastrow, חֵפֶץ"... duplicate
[28.7%] #8598: "Jastrow, חֶפְצָא"... OK (חפצא)
[28.7%] #8599: "Jastrow, חַפְצָא"... duplicate
[28.7%] #8599: "Jastrow, חפַר"... OK (חפר)
[28.7%] #8600: "Jastrow, חֲפַר I"... duplicate
[28.7%] #8600: "Jastrow, חֲפַר II"... duplicate
[28.7%] #8600: "Jastrow, חֵפֶר"... duplicate
[28.7%] #8600: "Jastrow, חַפְרִיתָה"... OK (חפריתה)
[28.7%] #8601: "Jastrow, חָפַשׂ"... OK (חפש)
[28.7%] #8602: "Jastrow, חֲפַשׂ"... duplicate
[28.7%] #8602: "Jastrow, חָפַשׁ"... duplicate
[28.7%] #8602: "Jastrow, חָפְשִׁי"... OK (חפשי)
[28.7%] #8603: "Jastrow, חַפְשׁוּשִׁיתָא"... OK (חפשושיתא)
[28.7%] #8604: "Jastrow, חֵפֶת"... OK (חפת)
[28.7%] #8605: "Jastrow, חָפַת"... duplicate
[28.7%] #8605: "Jastrow, חֲפַת"... duplicate
[28.7%] #8605: "Jastrow, חֵפְתָא"... OK (חפתא)
[28.7%] #8606: "Jastrow, חֵץ"... OK (חץ)
[28.7%] #8607: "Jastrow, חֲצָא"... OK (חצא)
[28.7%] #8608: "Jastrow, חָצַב"... OK (חצב)
[28.7%] #8609: "Jastrow, חֲצַב"... duplicate
[28.7%] #8609: "Jastrow, חַצָּב"... duplicate
[28.7%] #8609: "Jastrow, חָצָב"... duplicate
[28.7%] #8609: "Jastrow, חֲצָב I"... duplicate
[28.7%] #8609: "Jastrow, חֲצָב II"... duplicate
[28.7%] #8609: "Jastrow, חֲצָבָא"... OK (חצבא)
[28.7%] #8610: "Jastrow, חַצְבָּא"... duplicate
[28.7%] #8610: "Jastrow, חֲצָד"... OK (חצד)
[28.7%] #8611: "Jastrow, חֲצַד I"... duplicate
[28.7%] #8611: "Jastrow, חֲצַד II"... duplicate
[28.7%] #8611: "Jastrow, חֲצָדָא"... OK (חצדא)
[28.7%] #8612: "Jastrow, חֲצָדָא ²"... duplicate
[28.7%] #8612: "Jastrow, חַצָּדָא"... duplicate
[28.7%] #8612: "Jastrow, חַצְדָּד"... OK (חצדד)
[28.7%] #8613: "Jastrow, חָצָה"... OK (חצה)
[28.7%] #8614: "Jastrow, חָצוּב"... OK (חצוב)
[28.7%] #8615: "Jastrow, חֲצוּבָא I"... OK (חצובא)
[28.7%] #8616: "Jastrow, חֲצוּבָא II"... duplicate
[28.7%] #8616: "Jastrow, חֲצוּבָה I"... OK (חצובה)
[28.7%] #8617: "Jastrow, חֲצוּבָה II"... duplicate
[28.7%] #8617: "Jastrow, חָצוֹדָא"... OK (חצודא)
[28.7%] #8618: "Jastrow, חֲצוֹצְרָא"... OK (חצוצרא)
[28.7%] #8619: "Jastrow, חֲצוֹצְרָה"... OK (חצוצרה)
[28.7%] #8620: "Jastrow, חֲצוֹצֶרֶת"... OK (חצוצרת)
[28.7%] #8621: "Jastrow, חֲצוֹצַרְתָּא"... OK (חצוצרתא)
[28.7%] #8622: "Jastrow, חָצוּת"... OK (חצות)
[28.7%] #8623: "Jastrow, חצי"... OK (חצי)
[28.7%] #8624: "Jastrow, חֲצֵי"... duplicate
[28.7%] #8624: "Jastrow, חֵצִי"... duplicate
[28.7%] #8624: "Jastrow, חֲצִיבָא"... OK (חציבא)
[28.7%] #8625: "Jastrow, חציבא"... duplicate
[28.7%] #8625: "Jastrow, חֲצִיבָה"... OK (חציבה)
[28.7%] #8626: "Jastrow, חֲצִינָא"... OK (חצינא)
[28.8%] #8627: "Jastrow, חָצִיף"... OK (חציף)
[28.8%] #8628: "Jastrow, *חָצִיץ"... OK (חציץ)
[28.8%] #8629: "Jastrow, חציצא"... OK (חציצא)
[28.8%] #8630: "Jastrow, חֲצִיצָא"... duplicate
  [Saved progress: 8629 entries]
[28.8%] #8630: "Jastrow, חֲצִיצָה"... OK (חציצה)
[28.8%] #8631: "Jastrow, חֲצֵיר־"... OK (חציר)
[28.8%] #8632: "Jastrow, חָצִיר"... duplicate
[28.8%] #8632: "Jastrow, חֲצִירָא"... OK (חצירא)
[28.8%] #8633: "Jastrow, חָצַף"... OK (חצף)
[28.8%] #8634: "Jastrow, חֲצַף"... duplicate
[28.8%] #8634: "Jastrow, חָצַץ I"... OK (חצץ)
[28.8%] #8635: "Jastrow, חָצַץ II"... duplicate
[28.8%] #8635: "Jastrow, חָצָץ"... duplicate
[28.8%] #8635: "Jastrow, חֲצַץ"... duplicate
[28.8%] #8635: "Jastrow, חֲצָצָא"... OK (חצצא)
[28.8%] #8636: "Jastrow, *חֲצָצוֹת"... OK (חצצות)
[28.8%] #8637: "Jastrow, חַצְצַר"... OK (חצצר)
[28.8%] #8638: "Jastrow, חֲצֹצְרָא"... OK (חצצרא)
[28.8%] #8639: "Jastrow, חֲצַצְתָּא"... OK (חצצתא)
[28.8%] #8640: "Jastrow, *חֲצַר"... OK (חצר)
[28.8%] #8641: "Jastrow, חֲצַר"... duplicate
[28.8%] #8641: "Jastrow, חָצֵר"... duplicate
[28.8%] #8641: "Jastrow, חַצְרָא"... OK (חצרא)
[28.8%] #8642: "Jastrow, חָק"... OK (חק)
[28.8%] #8643: "Jastrow, חֹק"... duplicate
[28.8%] #8643: "Jastrow, חָקָה"... OK (חקה)
[28.8%] #8644: "Jastrow, חֲקוּלָא I"... OK (חקולא)
[28.8%] #8645: "Jastrow, חֲקוּלָא II"... duplicate
[28.8%] #8645: "Jastrow, חֲקוֹקָא"... OK (חקוקא)
[28.8%] #8646: "Jastrow, חִקּוּר"... OK (חקור)
[28.8%] #8647: "Jastrow, חקי"... OK (חקי)
[28.8%] #8648: "Jastrow, חקיין"... OK (חקיין)
[28.8%] #8649: "Jastrow, חֲקִיל"... OK (חקיל)
[28.8%] #8650: "Jastrow, חֲקִיק"... OK (חקיק)
[28.8%] #8651: "Jastrow, חֲקִיקָה"... OK (חקיקה)
[28.8%] #8652: "Jastrow, חֲקִירָה"... OK (חקירה)
[28.8%] #8653: "Jastrow, חֲקַל"... OK (חקל)
[28.8%] #8654: "Jastrow, חֲקַל ²"... duplicate
[28.8%] #8654: "Jastrow, חַקְלָאָה"... OK (חקלאה)
[28.8%] #8655: "Jastrow, חֲקַלְתָּא"... OK (חקלתא)
[28.8%] #8656: "Jastrow, חָקַק"... OK (חקק)
[28.9%] #8657: "Jastrow, חֲקַק"... duplicate
[28.9%] #8657: "Jastrow, חָקַר"... OK (חקר)
[28.9%] #8658: "Jastrow, חֲקַר"... duplicate
[28.9%] #8658: "Jastrow, חֵקֶר"... duplicate
[28.9%] #8658: "Jastrow, חָקָר"... duplicate
[28.9%] #8658: "Jastrow, חַקְרָא"... OK (חקרא)
[28.9%] #8659: "Jastrow, חַקְרָה"... OK (חקרה)
[28.9%] #8660: "Jastrow, *חַקְרָן"... OK (חקרן)
[28.9%] #8661: "Jastrow, חַר"... OK (חר)
[28.9%] #8662: "Jastrow, חֹר"... duplicate
[28.9%] #8662: "Jastrow, חֹרָא"... OK (חרא)
[28.9%] #8663: "Jastrow, חֲרָא"... duplicate
[28.9%] #8663: "Jastrow, חָרָא"... duplicate
[28.9%] #8663: "Jastrow, חָרִב I"... OK (חרב)
[28.9%] #8664: "Jastrow, חֲרֵב"... duplicate
[28.9%] #8664: "Jastrow, חָרֵב II"... duplicate
[28.9%] #8664: "Jastrow, חָרֵב"... duplicate
[28.9%] #8664: "Jastrow, חֶרֶב"... duplicate
[28.9%] #8664: "Jastrow, חָרֶב"... duplicate
[28.9%] #8664: "Jastrow, חָרֶב ²"... duplicate
[28.9%] #8664: "Jastrow, חָרְבָּא"... OK (חרבא)
[28.9%] #8665: "Jastrow, חַרְבָּה"... OK (חרבה)
[28.9%] #8666: "Jastrow, חָרְבָּה"... duplicate
[28.9%] #8666: "Jastrow, חַרְבּוּנָא"... OK (חרבונא)
[28.9%] #8667: "Jastrow, חַרְבוֹנָא"... duplicate
[28.9%] #8667: "Jastrow, חַרְבִּינִין"... OK (חרבינין)
[28.9%] #8668: "Jastrow, חָרְבָּן"... OK (חרבן)
[28.9%] #8669: "Jastrow, חרבריה"... OK (חרבריה)
[28.9%] #8670: "Jastrow, חַרְגָּא"... OK (חרגא)
[28.9%] #8671: "Jastrow, חִרְגָּא"... duplicate
[28.9%] #8671: "Jastrow, חַרְגּוֹל"... OK (חרגול)
[28.9%] #8672: "Jastrow, חַרְגּוֹלָא"... OK (חרגולא)
[28.9%] #8673: "Jastrow, חַרְגִּינִּין"... OK (חרגינין)
[28.9%] #8674: "Jastrow, חַרְגְּלָא"... OK (חרגלא)
[28.9%] #8675: "Jastrow, חָרֵד"... OK (חרד)
[28.9%] #8676: "Jastrow, חרדא"... OK (חרדא)
[28.9%] #8677: "Jastrow, חֲרָדָה"... OK (חרדה)
[28.9%] #8678: "Jastrow, חַרְדּוֹן"... OK (חרדון)
[28.9%] #8679: "Jastrow, חַרְדּוֹנָא"... OK (חרדונא)
[28.9%] #8680: "Jastrow, חַרְדָּל"... OK (חרדל)
[28.9%] #8681: "Jastrow, חַרְדְּלִי"... OK (חרדלי)
[28.9%] #8682: "Jastrow, חַרְדְּלִית"... OK (חרדלית)
[28.9%] #8683: "Jastrow, חַרְדְּנָא"... OK (חרדנא)
[28.9%] #8684: "Jastrow, חָרָה"... OK (חרה)
[28.9%] #8685: "Jastrow, חֲרַהּ"... duplicate
[28.9%] #8685: "Jastrow, חֲרוֹב"... OK (חרוב)
[28.9%] #8686: "Jastrow, חָרוֹב"... duplicate
[28.9%] #8686: "Jastrow, חֲרוּב I"... duplicate
[28.9%] #8686: "Jastrow, חֲרוּב II"... duplicate
[28.9%] #8686: "Jastrow, חֲרוּבָא"... OK (חרובא)
[29.0%] #8687: "Jastrow, חֲרוּבָא ²"... duplicate
[29.0%] #8687: "Jastrow, חרובות"... OK (חרובות)
[29.0%] #8688: "Jastrow, חֲרוּבִית"... OK (חרובית)
[29.0%] #8689: "Jastrow, חֲרוּבִיתָא"... OK (חרוביתא)
[29.0%] #8690: "Jastrow, חרוד"... OK (חרוד)
[29.0%] #8691: "Jastrow, חרודי"... OK (חרודי)
[29.0%] #8692: "Jastrow, חֶרְוָותָא"... OK (חרוותא)
[29.0%] #8693: "Jastrow, חָרוּז"... OK (חרוז)
[29.0%] #8694: "Jastrow, חָרוֹזָא"... OK (חרוזא)
[29.0%] #8695: "Jastrow, חֲרוּזִיתָא"... OK (חרוזיתא)
[29.0%] #8696: "Jastrow, חרויין"... OK (חרויין)
[29.0%] #8697: "Jastrow, חֲרוֹכָא"... OK (חרוכא)
[29.0%] #8698: "Jastrow, חָרוּל"... OK (חרול)
  [Saved progress: 8698 entries]
[29.0%] #8699: "Jastrow, חָרוּם"... OK (חרום)
[29.0%] #8700: "Jastrow, חִרוּם"... duplicate
[29.0%] #8700: "Jastrow, חָרוֹן"... OK (חרון)
[29.0%] #8701: "Jastrow, חֲרוֹסֶת"... OK (חרוסת)
[29.0%] #8702: "Jastrow, חֵרוּף"... OK (חרוף)
[29.0%] #8703: "Jastrow, חָרוֹפָה"... OK (חרופה)
[29.0%] #8704: "Jastrow, חֲרוּפָה"... duplicate
[29.0%] #8704: "Jastrow, חָרוּץ"... OK (חרוץ)
[29.0%] #8705: "Jastrow, חָרוֹרָא"... OK (חרורא)
[29.0%] #8706: "Jastrow, חרורו"... OK (חרורו)
[29.0%] #8707: "Jastrow, חֲרוּרִי"... OK (חרורי)
[29.0%] #8708: "Jastrow, חֲרוּרֵי"... duplicate
[29.0%] #8708: "Jastrow, חֲרוּשְׁתָּא"... OK (חרושתא)
[29.0%] #8709: "Jastrow, חֵרוּת"... OK (חרות)
[29.0%] #8710: "Jastrow, חָרוּת I"... duplicate
[29.0%] #8710: "Jastrow, חָרוּת II"... duplicate
[29.0%] #8710: "Jastrow, חֲרוּתָא"... OK (חרותא)
[29.0%] #8711: "Jastrow, חֵרוּתָא"... duplicate
[29.0%] #8711: "Jastrow, חָרוּתָא"... duplicate
[29.0%] #8711: "Jastrow, חָרַז"... OK (חרז)
[29.0%] #8712: "Jastrow, חֲרַז"... duplicate
[29.0%] #8712: "Jastrow, חִרְזָא"... OK (חרזא)
[29.0%] #8713: "Jastrow, חַרְזָא"... duplicate
[29.0%] #8713: "Jastrow, חַרְזֵק"... OK (חרזק)
[29.0%] #8714: "Jastrow, חֲרַח"... OK (חרח)
[29.0%] #8715: "Jastrow, חַרְחֲבִינָא"... OK (חרחבינא)
[29.0%] #8716: "Jastrow, חַרְחוֹר"... OK (חרחור)
[29.1%] #8717: "Jastrow, חַרְחוּר"... duplicate
[29.1%] #8717: "Jastrow, חַרְחוּרָא"... OK (חרחורא)
[29.1%] #8718: "Jastrow, חַרְחַלִּין"... OK (חרחלין)
[29.1%] #8719: "Jastrow, חַרְחַר"... OK (חרחר)
[29.1%] #8720: "Jastrow, חִרְחֵר"... duplicate
[29.1%] #8720: "Jastrow, חַרְחֵר"... duplicate
[29.1%] #8720: "Jastrow, חָרַט"... OK (חרט)
[29.1%] #8721: "Jastrow, חֲרַט"... duplicate
[29.1%] #8721: "Jastrow, חֲרָטָה"... OK (חרטה)
[29.1%] #8722: "Jastrow, חַרְטוּם"... OK (חרטום)
[29.1%] #8723: "Jastrow, חַרְטוֹם"... duplicate
[29.1%] #8723: "Jastrow, חַרְטוּמָא"... OK (חרטומא)
[29.1%] #8724: "Jastrow, חֹרֵי"... OK (חרי)
[29.1%] #8725: "Jastrow, חֳרִי"... duplicate
[29.1%] #8725: "Jastrow, חרי"... duplicate
[29.1%] #8725: "Jastrow, חֲרֵי"... duplicate
[29.1%] #8725: "Jastrow, חָרֵי"... duplicate
[29.1%] #8725: "Jastrow, חֶרְיָא"... OK (חריא)
[29.1%] #8726: "Jastrow, חָרֵיב"... OK (חריב)
[29.1%] #8727: "Jastrow, חָרֵיד"... OK (חריד)
[29.1%] #8728: "Jastrow, חרידן"... OK (חרידן)
[29.1%] #8729: "Jastrow, חֶרְיָה"... OK (חריה)
[29.1%] #8730: "Jastrow, חֶרְיוֹנִים"... OK (חריונים)
[29.1%] #8731: "Jastrow, חֶרְיָינָא"... OK (חריינא)
[29.1%] #8732: "Jastrow, חָרִיךְ"... OK (חריך)
[29.1%] #8733: "Jastrow, חֲרִיכָא"... OK (חריכא)
[29.1%] #8734: "Jastrow, חֲרִינָה"... OK (חרינה)
[29.1%] #8735: "Jastrow, חֶרְיָנָא"... OK (חרינא)
[29.1%] #8736: "Jastrow, חֶרְיָנוּתָא"... OK (חרינותא)
[29.1%] #8737: "Jastrow, חֲרִיסִית"... OK (חריסית)
[29.1%] #8738: "Jastrow, חֲרִיעַ"... OK (חריע)
[29.1%] #8739: "Jastrow, חֲרִיף"... OK (חריף)
[29.1%] #8740: "Jastrow, חָרִיף"... duplicate
[29.1%] #8740: "Jastrow, חֲרִיפָא"... OK (חריפא)
[29.1%] #8741: "Jastrow, חֲרִיפוּתָא"... OK (חריפותא)
[29.1%] #8742: "Jastrow, חֲרִיפְתָּא"... OK (חריפתא)
[29.1%] #8743: "Jastrow, חָרִיץ"... OK (חריץ)
[29.1%] #8744: "Jastrow, חֲרִיצָא"... OK (חריצא)
[29.1%] #8745: "Jastrow, חֲרִיצָה"... OK (חריצה)
[29.1%] #8746: "Jastrow, חריצותא"... OK (חריצותא)
[29.2%] #8747: "Jastrow, חֲרִיקָא"... OK (חריקא)
[29.2%] #8748: "Jastrow, חָרִיר"... OK (חריר)
[29.2%] #8749: "Jastrow, חֲרִיר"... duplicate
[29.2%] #8749: "Jastrow, חֲרִירָא"... OK (חרירא)
[29.2%] #8750: "Jastrow, חֲרִישׁ"... OK (חריש)
[29.2%] #8751: "Jastrow, חָרִישׁ"... duplicate
[29.2%] #8751: "Jastrow, חֲרִישָׁה I"... OK (חרישה)
[29.2%] #8752: "Jastrow, חֲרִישָׁה II"... duplicate
[29.2%] #8752: "Jastrow, חֲרִישָׁה III"... duplicate
[29.2%] #8752: "Jastrow, חֲרִישׁוּת"... OK (חרישות)
[29.2%] #8753: "Jastrow, חֲרִישׁוּתָא"... OK (חרישותא)
[29.2%] #8754: "Jastrow, חָרִית"... OK (חרית)
[29.2%] #8755: "Jastrow, חֶרְיָתָא"... OK (חריתא)
[29.2%] #8756: "Jastrow, חָרַךְ"... OK (חרך)
[29.2%] #8757: "Jastrow, חֲרַךְ"... duplicate
[29.2%] #8757: "Jastrow, חֵרֶךְ"... duplicate
[29.2%] #8757: "Jastrow, חֲרָךְ I"... duplicate
[29.2%] #8757: "Jastrow, *חֲרָךְ II"... duplicate
[29.2%] #8757: "Jastrow, חֲרַכָּא"... OK (חרכא)
[29.2%] #8758: "Jastrow, חֲרָכַיָּיא"... OK (חרכייא)
[29.2%] #8759: "Jastrow, חָרַם"... OK (חרם)
[29.2%] #8760: "Jastrow, חֲרַם"... duplicate
[29.2%] #8760: "Jastrow, חֵרֶם"... duplicate
[29.2%] #8760: "Jastrow, חָרָם"... duplicate
[29.2%] #8760: "Jastrow, חֶרְמָא"... OK (חרמא)
[29.2%] #8761: "Jastrow, חָרְמָא"... duplicate
[29.2%] #8761: "Jastrow, חרמיני"... OK (חרמיני)
[29.2%] #8762: "Jastrow, חֹרָן"... OK (חרן)
[29.2%] #8763: "Jastrow, חַרְנוֹגָא"... OK (חרנוגא)
[29.2%] #8764: "Jastrow, חֹרַנְתָּא"... OK (חרנתא)
[29.2%] #8765: "Jastrow, חֶרֶס I"... OK (חרס)
[29.2%] #8766: "Jastrow, חֶרֶס II"... duplicate
[29.2%] #8766: "Jastrow, חֶרֶס III"... duplicate
  [Saved progress: 8765 entries]
[29.2%] #8766: "Jastrow, חֲרַס"... duplicate
[29.2%] #8766: "Jastrow, חַרְסוּם"... OK (חרסום)
[29.2%] #8767: "Jastrow, חַרְסוּן"... OK (חרסון)
[29.2%] #8768: "Jastrow, חַרְסוֹנָא"... OK (חרסונא)
[29.2%] #8769: "Jastrow, חרסות"... OK (חרסות)
[29.2%] #8770: "Jastrow, חַרְסִית I"... OK (חרסית)
[29.2%] #8771: "Jastrow, חַרְסִית II"... duplicate
[29.2%] #8771: "Jastrow, חַרְסָן"... OK (חרסן)
[29.2%] #8772: "Jastrow, חַרְסָנָה"... OK (חרסנה)
[29.2%] #8773: "Jastrow, חרספותייא"... OK (חרספותייא)
[29.2%] #8774: "Jastrow, חַרְסְפִיתִין"... OK (חרספיתין)
[29.2%] #8775: "Jastrow, חֵרֶף"... OK (חרף)
[29.3%] #8776: "Jastrow, חָרַף"... duplicate
[29.3%] #8776: "Jastrow, חֲרַף"... duplicate
[29.3%] #8776: "Jastrow, חֹרֶף"... duplicate
[29.3%] #8776: "Jastrow, חֲרָפָא"... OK (חרפא)
[29.3%] #8777: "Jastrow, חֶרְפָּה"... OK (חרפה)
[29.3%] #8778: "Jastrow, חַרְפּוּפִיתָא"... OK (חרפופיתא)
[29.3%] #8779: "Jastrow, חֲרָפַיָּיא"... OK (חרפייא)
[29.3%] #8780: "Jastrow, חָרְפִּיתָא"... OK (חרפיתא)
[29.3%] #8781: "Jastrow, חֶרְפְּתָא"... OK (חרפתא)
[29.3%] #8782: "Jastrow, חֲרַפְתָּא"... duplicate
[29.3%] #8782: "Jastrow, חָרַץ"... OK (חרץ)
[29.3%] #8783: "Jastrow, חֲרַץ"... duplicate
[29.3%] #8783: "Jastrow, חֶרֶץ"... duplicate
[29.3%] #8783: "Jastrow, חֶרֶץ ²"... duplicate
[29.3%] #8783: "Jastrow, חַרְצָא I"... OK (חרצא)
[29.3%] #8784: "Jastrow, חַרְצָא II"... duplicate
[29.3%] #8784: "Jastrow, חַרְצִינִיתָא"... OK (חרציניתא)
[29.3%] #8785: "Jastrow, חַרְצַן"... OK (חרצן)
[29.3%] #8786: "Jastrow, חַרְצָנָה"... OK (חרצנה)
[29.3%] #8787: "Jastrow, חַרְצָנִיתָא"... OK (חרצניתא)
[29.3%] #8788: "Jastrow, חֵרֶק"... OK (חרק)
[29.3%] #8789: "Jastrow, חָרַק"... duplicate
[29.3%] #8789: "Jastrow, חֲרַק"... duplicate
[29.3%] #8789: "Jastrow, חִרְקָא"... OK (חרקא)
[29.3%] #8790: "Jastrow, חֲרָקַיָּיא"... OK (חרקייא)
[29.3%] #8791: "Jastrow, חָרַר I"... OK (חרר)
[29.3%] #8792: "Jastrow, חֲרַר"... duplicate
[29.3%] #8792: "Jastrow, חָרַר II"... duplicate
[29.3%] #8792: "Jastrow, חֲרַר ²"... duplicate
[29.3%] #8792: "Jastrow, חָרַר III"... duplicate
[29.3%] #8792: "Jastrow, חֲרַר ³"... duplicate
[29.3%] #8792: "Jastrow, חָרַר IV"... duplicate
[29.3%] #8792: "Jastrow, חֲרַר ⁴"... duplicate
[29.3%] #8792: "Jastrow, חֵרַר"... duplicate
[29.3%] #8792: "Jastrow, חָרָר"... duplicate
[29.3%] #8792: "Jastrow, חֲרָר"... duplicate
[29.3%] #8792: "Jastrow, חֲרָרָה"... OK (חררה)
[29.3%] #8793: "Jastrow, חֶרֶשׂ"... OK (חרש)
[29.3%] #8794: "Jastrow, חָרַשׁ I"... duplicate
[29.3%] #8794: "Jastrow, חָרַשׁ II"... duplicate
[29.3%] #8794: "Jastrow, חֲרַשׁ"... duplicate
[29.3%] #8794: "Jastrow, חָרָשׁ"... duplicate
[29.3%] #8794: "Jastrow, חָרָשׁ ²"... duplicate
[29.3%] #8794: "Jastrow, חֶרֶשׁ"... duplicate
[29.3%] #8794: "Jastrow, חֶרֶשׂ ²"... duplicate
[29.3%] #8794: "Jastrow, חֵרֵשׁ"... duplicate
[29.3%] #8794: "Jastrow, חַרְשָׁא"... OK (חרשא)
[29.3%] #8795: "Jastrow, חָרָשָׁא"... duplicate
[29.3%] #8795: "Jastrow, חַרְשֵׁי"... OK (חרשי)
[29.3%] #8796: "Jastrow, חַרְשְׁיוּתָא"... OK (חרשיותא)
[29.3%] #8797: "Jastrow, חַרְשִׁין"... OK (חרשין)
[29.3%] #8798: "Jastrow, חַרְשִׁיתָא"... OK (חרשיתא)
[29.3%] #8799: "Jastrow, חֲרַשְׁתָּא"... OK (חרשתא)
[29.3%] #8800: "Jastrow, חָ"... duplicate
[29.3%] #8800: "Jastrow, חֲרַת"... OK (חרת)
[29.3%] #8801: "Jastrow, חֶרֶת"... duplicate
[29.3%] #8801: "Jastrow, חַרְתָּא I"... OK (חרתא)
[29.3%] #8802: "Jastrow, חַרְתָּא II"... duplicate
[29.3%] #8802: "Jastrow, חֻרְתָּא"... duplicate
[29.3%] #8802: "Jastrow, חָרְתָּא"... duplicate
[29.3%] #8802: "Jastrow, חַרְתָּנָא"... OK (חרתנא)
[29.3%] #8803: "Jastrow, חָשׁ"... OK (חש)
[29.3%] #8804: "Jastrow, חֲשָׁא"... OK (חשא)
[29.3%] #8805: "Jastrow, חָשָׁא"... duplicate
[29.3%] #8805: "Jastrow, חֲשָׁאֵי"... OK (חשאי)
[29.3%] #8806: "Jastrow, חֲשַׁאי"... duplicate
[29.3%] #8806: "Jastrow, חֲשַׁאי ²"... duplicate
[29.3%] #8806: "Jastrow, חָשַׁב"... OK (חשב)
[29.4%] #8807: "Jastrow, חֲשֵׁב"... duplicate
[29.4%] #8807: "Jastrow, חַשָּׁבָא"... OK (חשבא)
[29.4%] #8808: "Jastrow, חֶשְׁבּוֹן"... OK (חשבון)
[29.4%] #8809: "Jastrow, חֶשְׁבּוֹנָא"... OK (חשבונא)
[29.4%] #8810: "Jastrow, חָשַׂד"... OK (חשד)
[29.4%] #8811: "Jastrow, חָשַׁד"... duplicate
[29.4%] #8811: "Jastrow, חֲשַׁד"... duplicate
[29.4%] #8811: "Jastrow, חָשֵׁד"... duplicate
[29.4%] #8811: "Jastrow, חֲשָׁד"... duplicate
[29.4%] #8811: "Jastrow, חֲשָׁדָא"... OK (חשדא)
[29.4%] #8812: "Jastrow, חָשָׁה"... OK (חשה)
[29.4%] #8813: "Jastrow, חָשׁוּ"... OK (חשו)
[29.4%] #8814: "Jastrow, חָשׁוּב"... OK (חשוב)
[29.4%] #8815: "Jastrow, חָשׁוּךְ"... OK (חשוך)
[29.4%] #8816: "Jastrow, חֲשׁוֹךְ"... duplicate
[29.4%] #8816: "Jastrow, חֲשׁוֹךְ ²"... duplicate
[29.4%] #8816: "Jastrow, חשוף"... OK (חשוף)
[29.4%] #8817: "Jastrow, חשופא"... OK (חשופא)
[29.4%] #8818: "Jastrow, חַשְׁחַשׁ"... OK (חשחש)
[29.4%] #8819: "Jastrow, חשי"... OK (חשי)
  [Saved progress: 8819 entries]
[29.4%] #8820: "Jastrow, חֲשִׁי"... duplicate
[29.4%] #8820: "Jastrow, חֲשַׁי"... duplicate
[29.4%] #8820: "Jastrow, חָשֵׁי"... duplicate
[29.4%] #8820: "Jastrow, חֲשִׁיב"... OK (חשיב)
[29.4%] #8821: "Jastrow, חֲשִׁיבָא"... OK (חשיבא)
[29.4%] #8822: "Jastrow, חֲשִׁיבוּתָא"... OK (חשיבותא)
[29.4%] #8823: "Jastrow, חֲשִׁיד"... OK (חשיד)
[29.4%] #8824: "Jastrow, חָשֵיךְ"... OK (חשיך)
[29.4%] #8825: "Jastrow, חֲשִׁיךְ"... duplicate
[29.4%] #8825: "Jastrow, חֲשִׁיךְ ²"... duplicate
[29.4%] #8825: "Jastrow, חֲשֵׁיכָה"... OK (חשיכה)
[29.4%] #8826: "Jastrow, חֲשִׁיכָה"... duplicate
[29.4%] #8826: "Jastrow, חֲשִׁיכְתָּא"... OK (חשיכתא)
[29.4%] #8827: "Jastrow, חֲשִׁיל"... OK (חשיל)
[29.4%] #8828: "Jastrow, חֲשִׁילָא"... OK (חשילא)
[29.4%] #8829: "Jastrow, חֲשִׁילְתָּא"... OK (חשילתא)
[29.4%] #8830: "Jastrow, חֲשִׂיפָה"... OK (חשיפה)
[29.4%] #8831: "Jastrow, חֲשִׁיקָה"... OK (חשיקה)
[29.4%] #8832: "Jastrow, חָשַׂךְ"... OK (חשך)
[29.4%] #8833: "Jastrow, חֲשַׂךְ"... duplicate
[29.4%] #8833: "Jastrow, חָשַׁךְ"... duplicate
[29.4%] #8833: "Jastrow, חֲשַׁךְ"... duplicate
[29.4%] #8833: "Jastrow, חֲשַׁךְ ²"... duplicate
[29.4%] #8833: "Jastrow, חשֶׁךְ"... duplicate
[29.4%] #8833: "Jastrow, חֶשְׁכָּא"... OK (חשכא)
[29.4%] #8834: "Jastrow, חֲשֵׁכָה"... OK (חשכה)
[29.4%] #8835: "Jastrow, חַשְׁכּוּתָא"... OK (חשכותא)
[29.4%] #8836: "Jastrow, חֲשֵׁכְתָּא"... OK (חשכתא)
[29.5%] #8837: "Jastrow, חֲשִׁכְתָּא"... duplicate
[29.5%] #8837: "Jastrow, חֲשַׂל"... OK (חשל)
[29.5%] #8838: "Jastrow, חָשַׁל"... duplicate
[29.5%] #8838: "Jastrow, חֲשַׁל"... duplicate
[29.5%] #8838: "Jastrow, חַשְׁלָא"... OK (חשלא)
[29.5%] #8839: "Jastrow, חַשְׁמוֹנַאי"... OK (חשמונאי)
[29.5%] #8840: "Jastrow, חַשְׁמַל"... OK (חשמל)
[29.5%] #8841: "Jastrow, חַשְׁמָל"... duplicate
[29.5%] #8841: "Jastrow, חשֶׁן"... OK (חשן)
[29.5%] #8842: "Jastrow, חָשַׁק"... OK (חשק)
[29.5%] #8843: "Jastrow, חֲשַׁק"... duplicate
[29.5%] #8843: "Jastrow, חָשַׁר"... OK (חשר)
[29.5%] #8844: "Jastrow, חֲשַׁר"... duplicate
[29.5%] #8844: "Jastrow, חָשַׁשׁ"... OK (חשש)
[29.5%] #8845: "Jastrow, חֲשַׁשׁ"... duplicate
[29.5%] #8845: "Jastrow, חֲשָׁשָׁא"... OK (חששא)
[29.5%] #8846: "Jastrow, חָתָא"... OK (חתא)
[29.5%] #8847: "Jastrow, חִתּוּי"... OK (חתוי)
[29.5%] #8848: "Jastrow, חִתּוּךְ"... OK (חתוך)
[29.5%] #8849: "Jastrow, חָתוּל"... OK (חתול)
[29.5%] #8850: "Jastrow, חָתוּל ²"... duplicate
[29.5%] #8850: "Jastrow, חִתּוּם"... OK (חתום)
[29.5%] #8851: "Jastrow, חָתוֹמָא"... OK (חתומא)
[29.5%] #8852: "Jastrow, חִתּוּן"... OK (חתון)
[29.5%] #8853: "Jastrow, חֲתוּנָּה"... OK (חתונה)
[29.5%] #8854: "Jastrow, חתות"... OK (חתות)
[29.5%] #8855: "Jastrow, חתי"... OK (חתי)
[29.5%] #8856: "Jastrow, חֲתֵי"... duplicate
[29.5%] #8856: "Jastrow, חתי ²"... duplicate
[29.5%] #8856: "Jastrow, חֲתִי"... duplicate
[29.5%] #8856: "Jastrow, חֲתִיָיה"... OK (חתייה)
[29.5%] #8857: "Jastrow, חֲתִיכָה"... OK (חתיכה)
[29.5%] #8858: "Jastrow, חֲתִים"... OK (חתים)
[29.5%] #8859: "Jastrow, חֲתִימָה"... OK (חתימה)
[29.5%] #8860: "Jastrow, חֲתִימוּתָא"... OK (חתימותא)
[29.5%] #8861: "Jastrow, חתימייא"... OK (חתימייא)
[29.5%] #8862: "Jastrow, חֲתִימְתָּא"... OK (חתימתא)
[29.5%] #8863: "Jastrow, חֲתִירָא"... OK (חתירא)
[29.5%] #8864: "Jastrow, חֲתִירָה"... OK (חתירה)
[29.5%] #8865: "Jastrow, חֲתִירְתָּא"... OK (חתירתא)
[29.5%] #8866: "Jastrow, חִתִּית"... OK (חתית)
[29.6%] #8867: "Jastrow, חָתַךְ"... OK (חתך)
[29.6%] #8868: "Jastrow, חֲתַךְ"... duplicate
[29.6%] #8868: "Jastrow, חֲתָךְ"... duplicate
[29.6%] #8868: "Jastrow, חָתַם"... OK (חתם)
[29.6%] #8869: "Jastrow, חֲתַם"... duplicate
[29.6%] #8869: "Jastrow, חַתְמָא"... OK (חתמא)
[29.6%] #8870: "Jastrow, חָתַן"... OK (חתן)
[29.6%] #8871: "Jastrow, חֲתַן"... duplicate
[29.6%] #8871: "Jastrow, חָתָן"... duplicate
[29.6%] #8871: "Jastrow, חַתְנָא"... OK (חתנא)
[29.6%] #8872: "Jastrow, חֲתָנוּת"... OK (חתנות)
[29.6%] #8873: "Jastrow, חַתְנוּתָא"... OK (חתנותא)
[29.6%] #8874: "Jastrow, חתנת"... OK (חתנת)
[29.6%] #8875: "Jastrow, חֲתַף"... OK (חתף)
[29.6%] #8876: "Jastrow, חָתַר"... OK (חתר)
[29.6%] #8877: "Jastrow, חֲתַר"... duplicate
[29.6%] #8877: "Jastrow, חֲתַרְתָּא"... OK (חתרתא)
[29.6%] #8878: "Jastrow, חָתַת"... OK (חתת)
[29.6%] #8879: "Jastrow, ט"... OK (ט)
[29.6%] #8880: "Jastrow, ט׳"... duplicate
[29.6%] #8880: "Jastrow, טא"... OK (טא)
[29.6%] #8881: "Jastrow, טְאֵב"... OK (טאב)
[29.6%] #8882: "Jastrow, טָאבָא"... OK (טאבא)
[29.6%] #8883: "Jastrow, טאוי"... OK (טאוי)
[29.6%] #8884: "Jastrow, טַאטֵא"... OK (טאטא)
[29.6%] #8885: "Jastrow, טָאטָא"... duplicate
[29.6%] #8885: "Jastrow, טְאֵיב"... OK (טאיב)
[29.6%] #8886: "Jastrow, טָאֵיס"... OK (טאיס)
[29.6%] #8887: "Jastrow, טָאֵיף"... OK (טאיף)
[29.6%] #8888: "Jastrow, טאירין"... OK (טאירין)
[29.6%] #8889: "Jastrow, *טאל"... OK (טאל)
  [Saved progress: 8889 entries]
[29.6%] #8890: "Jastrow, טַאֲנֵיס"... OK (טאניס)
[29.6%] #8891: "Jastrow, טָאֵס"... OK (טאס)
[29.6%] #8892: "Jastrow, טָאֵף"... OK (טאף)
[29.6%] #8893: "Jastrow, *טַארְגָא"... OK (טארגא)
[29.6%] #8894: "Jastrow, *טאריקי"... OK (טאריקי)
[29.6%] #8895: "Jastrow, טַב I"... OK (טב)
[29.6%] #8896: "Jastrow, טַב II"... duplicate
[29.6%] #8896: "Jastrow, טַב III"... duplicate
[29.6%] #8896: "Jastrow, טָבָא"... OK (טבא)
[29.7%] #8897: "Jastrow, טִבָּא"... duplicate
[29.7%] #8897: "Jastrow, טְבָא"... duplicate
[29.7%] #8897: "Jastrow, *טַבְאָג"... OK (טבאג)
[29.7%] #8898: "Jastrow, טָבָאוּת"... OK (טבאות)
[29.7%] #8899: "Jastrow, טַבַּאי"... OK (טבאי)
[29.7%] #8900: "Jastrow, טָבְאַל"... OK (טבאל)
[29.7%] #8901: "Jastrow, טבב"... OK (טבב)
[29.7%] #8902: "Jastrow, טַבְהַק"... OK (טבהק)
[29.7%] #8903: "Jastrow, טַבְוָא"... OK (טבוא)
[29.7%] #8904: "Jastrow, טַבְוָאוּת"... OK (טבואות)
[29.7%] #8905: "Jastrow, טָבוֹחַ"... OK (טבוח)
[29.7%] #8906: "Jastrow, טִבּוּל"... OK (טבול)
[29.7%] #8907: "Jastrow, טבוסה"... OK (טבוסה)
[29.7%] #8908: "Jastrow, טִבּוּעִין"... OK (טבועין)
[29.7%] #8909: "Jastrow, טַבּוּר"... OK (טבור)
[29.7%] #8910: "Jastrow, טָבוּת I"... OK (טבות)
[29.7%] #8911: "Jastrow, טָבוּת II"... duplicate
[29.7%] #8911: "Jastrow, טֵבוּתָא"... OK (טבותא)
[29.7%] #8912: "Jastrow, טַבְזָא"... OK (טבזא)
[29.7%] #8913: "Jastrow, טָבַח"... OK (טבח)
[29.7%] #8914: "Jastrow, טְבַח"... duplicate
[29.7%] #8914: "Jastrow, טֶבַח"... duplicate
[29.7%] #8914: "Jastrow, טַבָּח"... duplicate
[29.7%] #8914: "Jastrow, טַבָּחָא"... OK (טבחא)
[29.7%] #8915: "Jastrow, טבָחָא"... duplicate
[29.7%] #8915: "Jastrow, *טַבְּחוֹן"... OK (טבחון)
[29.7%] #8916: "Jastrow, טָבִי I"... OK (טבי)
[29.7%] #8917: "Jastrow, טָבִי II"... duplicate
[29.7%] #8917: "Jastrow, טַבְיָא"... OK (טביא)
[29.7%] #8918: "Jastrow, טַבְיוֹמִי"... OK (טביומי)
[29.7%] #8919: "Jastrow, טְבִיחָה"... OK (טביחה)
[29.7%] #8920: "Jastrow, טְבִילָה"... OK (טבילה)
[29.7%] #8921: "Jastrow, טְבִילוּתָא"... OK (טבילותא)
[29.7%] #8922: "Jastrow, טְבִילְתָּא"... OK (טבילתא)
[29.7%] #8923: "Jastrow, טְבִיעה I"... OK (טביעה)
[29.7%] #8924: "Jastrow, טְבִיעָה II"... duplicate
[29.7%] #8924: "Jastrow, טְבִיעוּת"... OK (טביעות)
[29.7%] #8925: "Jastrow, טְבִיעוּתָא"... OK (טביעותא)
[29.8%] #8926: "Jastrow, טְבִירְיָא"... OK (טביריא)
[29.8%] #8927: "Jastrow, טָבִיתָה"... OK (טביתה)
[29.8%] #8928: "Jastrow, טָבַל I"... OK (טבל)
[29.8%] #8929: "Jastrow, טְבַל"... duplicate
[29.8%] #8929: "Jastrow, טָבַל II"... duplicate
[29.8%] #8929: "Jastrow, טְבַל ²"... duplicate
[29.8%] #8929: "Jastrow, טֶבֶל"... duplicate
[29.8%] #8929: "Jastrow, טִבְלָא"... OK (טבלא)
[29.8%] #8930: "Jastrow, טַבְלָא I"... duplicate
[29.8%] #8930: "Jastrow, טַבְלָא II"... duplicate
[29.8%] #8930: "Jastrow, טַבְלָא III"... duplicate
[29.8%] #8930: "Jastrow, טַבְלַאי"... OK (טבלאי)
[29.8%] #8931: "Jastrow, טַבְלָה"... OK (טבלה)
[29.8%] #8932: "Jastrow, טַבְלַיי"... OK (טבליי)
[29.8%] #8933: "Jastrow, *טַבְלָר"... OK (טבלר)
[29.8%] #8934: "Jastrow, טַבְלָרָא"... OK (טבלרא)
[29.8%] #8935: "Jastrow, טָבַע I"... OK (טבע)
[29.8%] #8936: "Jastrow, טְבַע"... duplicate
[29.8%] #8936: "Jastrow, טָבַע II"... duplicate
[29.8%] #8936: "Jastrow, טְבַע ²"... duplicate
[29.8%] #8936: "Jastrow, טֶבַע"... duplicate
[29.8%] #8936: "Jastrow, טְבַע II"... duplicate
[29.8%] #8936: "Jastrow, טִבְעָא"... OK (טבעא)
[29.8%] #8937: "Jastrow, טִבְעוֹן"... OK (טבעון)
[29.8%] #8938: "Jastrow, טִבְעוֹנִי"... OK (טבעוני)
[29.8%] #8939: "Jastrow, טִבְעִים"... OK (טבעים)
[29.8%] #8940: "Jastrow, טַבַּעַת"... OK (טבעת)
[29.8%] #8941: "Jastrow, טברטי"... OK (טברטי)
[29.8%] #8942: "Jastrow, טְבַרְיָא"... OK (טבריא)
[29.8%] #8943: "Jastrow, טְבִרְיוֹס"... OK (טבריוס)
[29.8%] #8944: "Jastrow, טבריטי"... OK (טבריטי)
[29.8%] #8945: "Jastrow, טִבְרֵר"... OK (טברר)
[29.8%] #8946: "Jastrow, טֵבֵת"... OK (טבת)
[29.8%] #8947: "Jastrow, *טַבָּת"... duplicate
[29.8%] #8947: "Jastrow, טַבְתָא"... OK (טבתא)
[29.8%] #8948: "Jastrow, טגיות"... OK (טגיות)
[29.8%] #8949: "Jastrow, טגים"... OK (טגים)
[29.8%] #8950: "Jastrow, טָגַן"... OK (טגן)
[29.8%] #8951: "Jastrow, טִגְרוֹס"... OK (טגרוס)
[29.8%] #8952: "Jastrow, טָדִי"... OK (טדי)
[29.8%] #8953: "Jastrow, טָהוֹר"... OK (טהור)
[29.8%] #8954: "Jastrow, טָהֵר"... OK (טהר)
[29.8%] #8955: "Jastrow, טְהֵר"... duplicate
[29.8%] #8955: "Jastrow, טֹהַר"... duplicate
[29.8%] #8955: "Jastrow, טִהָר"... duplicate
[29.8%] #8955: "Jastrow, טָהֳרָה"... OK (טהרה)
[29.8%] #8956: "Jastrow, טְוָא"... OK (טוא)
[29.9%] #8957: "Jastrow, טוֹב I"... OK (טוב)
[29.9%] #8958: "Jastrow, טוֹב"... duplicate
[29.9%] #8958: "Jastrow, טוֹב II"... duplicate
[29.9%] #8958: "Jastrow, טוּב"... duplicate
[29.9%] #8958: "Jastrow, טוּבָא"... OK (טובא)
[29.9%] #8959: "Jastrow, טוֹבָה"... OK (טובה)
  [Saved progress: 8959 entries]
[29.9%] #8960: "Jastrow, טוֹבִי"... OK (טובי)
[29.9%] #8961: "Jastrow, טוֹבִיָּה"... OK (טוביה)
[29.9%] #8962: "Jastrow, טוֹבְיָנָא"... OK (טובינא)
[29.9%] #8963: "Jastrow, טוֹבִינָא"... duplicate
[29.9%] #8963: "Jastrow, טובלא"... OK (טובלא)
[29.9%] #8964: "Jastrow, טוֹבְלָן"... OK (טובלן)
[29.9%] #8965: "Jastrow, טוֹבַנְיָא"... OK (טובניא)
[29.9%] #8966: "Jastrow, טוֹבְעִין"... OK (טובעין)
[29.9%] #8967: "Jastrow, טוֹבְעָנָא"... OK (טובענא)
[29.9%] #8968: "Jastrow, טוֹבְעָנִי I"... OK (טובעני)
[29.9%] #8969: "Jastrow, טוֹבְעָנִי II"... duplicate
[29.9%] #8969: "Jastrow, טוּבְתָא"... OK (טובתא)
[29.9%] #8970: "Jastrow, *טוֹגָא"... OK (טוגא)
[29.9%] #8971: "Jastrow, טוֹהַר"... OK (טוהר)
[29.9%] #8972: "Jastrow, טְוָוא"... OK (טווא)
[29.9%] #8973: "Jastrow, טַוְוזָא"... OK (טווזא)
[29.9%] #8974: "Jastrow, *טַוְוזִיג"... OK (טווזיג)
[29.9%] #8975: "Jastrow, טְוָוח"... OK (טווח)
[29.9%] #8976: "Jastrow, טָווּי"... OK (טווי)
[29.9%] #8977: "Jastrow, טְוָוי"... duplicate
[29.9%] #8977: "Jastrow, טַוָּוס"... OK (טווס)
[29.9%] #8978: "Jastrow, טַוָּוסָא"... OK (טווסא)
[29.9%] #8979: "Jastrow, טַוְופָא"... OK (טוופא)
[29.9%] #8980: "Jastrow, טַוַּור"... OK (טוור)
[29.9%] #8981: "Jastrow, טַוְורוֹס"... OK (טוורוס)
[29.9%] #8982: "Jastrow, טְוָות"... OK (טוות)
[29.9%] #8983: "Jastrow, טוות"... duplicate
[29.9%] #8983: "Jastrow, טוּחַ I"... OK (טוח)
[29.9%] #8984: "Jastrow, טוּחַ"... duplicate
[29.9%] #8984: "Jastrow, טוּחַ II"... duplicate
[29.9%] #8984: "Jastrow, טוֹחֵן"... OK (טוחן)
[29.9%] #8985: "Jastrow, טוֹחֲנוֹת"... OK (טוחנות)
[29.9%] #8986: "Jastrow, טוֹט"... OK (טוט)
[30.0%] #8987: "Jastrow, טוֹטַלְוָותָא"... OK (טוטלוותא)
[30.0%] #8988: "Jastrow, טוֹטְפָא"... OK (טוטפא)
[30.0%] #8989: "Jastrow, טוֹטַפְרָאוֹת"... OK (טוטפראות)
[30.0%] #8990: "Jastrow, טוֹטָפֶת"... OK (טוטפת)
[30.0%] #8991: "Jastrow, טוֹטֶפְתָּא"... OK (טוטפתא)
[30.0%] #8992: "Jastrow, טוטרפליות"... OK (טוטרפליות)
[30.0%] #8993: "Jastrow, טוי"... OK (טוי)
[30.0%] #8994: "Jastrow, טְוִי I"... duplicate
[30.0%] #8994: "Jastrow, טְוִי II"... duplicate
[30.0%] #8994: "Jastrow, טֳוִי"... duplicate
[30.0%] #8994: "Jastrow, טָוִי"... duplicate
[30.0%] #8994: "Jastrow, *טָוַיָּא"... OK (טויא)
[30.0%] #8995: "Jastrow, טְוִיָּיה טְוִיָּה"... OK (טוייהטויה)
[30.0%] #8996: "Jastrow, טַוְיָה"... OK (טויה)
[30.0%] #8997: "Jastrow, טויסין"... OK (טויסין)
[30.0%] #8998: "Jastrow, טוֹל"... OK (טול)
[30.0%] #8999: "Jastrow, טוּל I"... duplicate
[30.0%] #8999: "Jastrow, טוּל"... duplicate
[30.0%] #8999: "Jastrow, טוּל II"... duplicate
[30.0%] #8999: "Jastrow, טוֹלָא"... OK (טולא)
[30.0%] #9000: "Jastrow, טוּלִימוֹתָא"... OK (טולימותא)
[30.0%] #9001: "Jastrow, טוּלְמָא I"... OK (טולמא)
[30.0%] #9002: "Jastrow, טוּלְמָא II"... duplicate
[30.0%] #9002: "Jastrow, טולמוסין"... OK (טולמוסין)
[30.0%] #9003: "Jastrow, טוֹלְמִיסִין"... OK (טולמיסין)
[30.0%] #9004: "Jastrow, טולר"... OK (טולר)
[30.0%] #9005: "Jastrow, טוּלְשׁא"... OK (טולשא)
[30.0%] #9006: "Jastrow, טוּם"... OK (טום)
[30.0%] #9007: "Jastrow, טוּם ²"... duplicate
[30.0%] #9007: "Jastrow, טוּמְאָה"... OK (טומאה)
[30.0%] #9008: "Jastrow, טוּמְאָה ²"... duplicate
[30.0%] #9008: "Jastrow, טוֹמוֹס"... OK (טומוס)
[30.0%] #9009: "Jastrow, טוּמְטוּם"... OK (טומטום)
[30.0%] #9010: "Jastrow, *טוּמַיָּיא"... OK (טומייא)
[30.0%] #9011: "Jastrow, טומיות"... OK (טומיות)
[30.0%] #9012: "Jastrow, טומיקון"... OK (טומיקון)
[30.0%] #9013: "Jastrow, טוּמְעָא"... OK (טומעא)
[30.0%] #9014: "Jastrow, טוּמְרָא"... OK (טומרא)
[30.0%] #9015: "Jastrow, טוּן"... OK (טון)
[30.0%] #9016: "Jastrow, טוּנָא I"... OK (טונא)
[30.1%] #9017: "Jastrow, *טוּנָא II"... duplicate
[30.1%] #9017: "Jastrow, טונוס"... OK (טונוס)
[30.1%] #9018: "Jastrow, טוּנֵס"... OK (טונס)
[30.1%] #9019: "Jastrow, טוּס"... OK (טוס)
[30.1%] #9020: "Jastrow, טוּס ²"... duplicate
[30.1%] #9020: "Jastrow, טַוָּס"... duplicate
[30.1%] #9020: "Jastrow, טוּעֵי"... OK (טועי)
[30.1%] #9021: "Jastrow, טוֹעַן"... OK (טוען)
[30.1%] #9022: "Jastrow, טוּעֲנָא"... OK (טוענא)
[30.1%] #9023: "Jastrow, טוּף"... OK (טוף)
[30.1%] #9024: "Jastrow, טופא"... OK (טופא)
[30.1%] #9025: "Jastrow, טְוָפָא"... duplicate
[30.1%] #9025: "Jastrow, טוֹפוֹס"... OK (טופוס)
[30.1%] #9026: "Jastrow, טוֹפֵחַ"... OK (טופח)
[30.1%] #9027: "Jastrow, טוֹפַח"... duplicate
[30.1%] #9027: "Jastrow, טוֹפֵיחַ"... OK (טופיח)
[30.1%] #9028: "Jastrow, טוּפְיָינָא"... OK (טופיינא)
[30.1%] #9029: "Jastrow, טופיסוס"... OK (טופיסוס)
[30.1%] #9030: "Jastrow, טופיתא"... OK (טופיתא)
[30.1%] #9031: "Jastrow, טוּפִיתָא"... duplicate
[30.1%] #9031: "Jastrow, טוּפְלָא"... OK (טופלא)
[30.1%] #9032: "Jastrow, טוֹפָנָא"... OK (טופנא)
[30.1%] #9033: "Jastrow, טוֹפֵס"... OK (טופס)
[30.1%] #9034: "Jastrow, טוּפְסָא"... OK (טופסא)
[30.1%] #9035: "Jastrow, טוּפְרָא"... OK (טופרא)
[30.1%] #9036: "Jastrow, טוּפְרָנָא"... OK (טופרנא)
[30.1%] #9037: "Jastrow, *טוֹפֶת"... OK (טופת)
  [Saved progress: 9037 entries]
[30.1%] #9038: "Jastrow, *טוק"... OK (טוק)
[30.1%] #9039: "Jastrow, טוּר I"... OK (טור)
[30.1%] #9040: "Jastrow, טוּר II"... duplicate
[30.1%] #9040: "Jastrow, טוּרָא II"... OK (טורא)
[30.1%] #9041: "Jastrow, *טוּרָא III"... duplicate
[30.1%] #9041: "Jastrow, טוּרְבִּיל"... OK (טורביל)
[30.1%] #9042: "Jastrow, טורגינוס"... OK (טורגינוס)
[30.1%] #9043: "Jastrow, *טוֹרוּס"... OK (טורוס)
[30.1%] #9044: "Jastrow, טוּרְזַיָּא"... OK (טורזיא)
[30.1%] #9045: "Jastrow, טוּרְזַיָּנָא"... OK (טורזינא)
[30.1%] #9046: "Jastrow, טוֹרַח"... OK (טורח)
[30.2%] #9047: "Jastrow, טוּרְחָא"... OK (טורחא)
[30.2%] #9048: "Jastrow, טוֹרְחוּתָא"... OK (טורחותא)
[30.2%] #9049: "Jastrow, טוּרְחָנָא"... OK (טורחנא)
[30.2%] #9050: "Jastrow, טוּרְחֲתָא"... OK (טורחתא)
[30.2%] #9051: "Jastrow, טוּרְטוּר"... OK (טורטור)
[30.2%] #9052: "Jastrow, טוּרְטִינִי"... OK (טורטיני)
[30.2%] #9053: "Jastrow, טוּרָיוֹת"... OK (טוריות)
[30.2%] #9054: "Jastrow, טוּרְיָיא"... OK (טורייא)
[30.2%] #9055: "Jastrow, טוּרְיָינָא"... OK (טוריינא)
[30.2%] #9056: "Jastrow, טוריסקי"... OK (טוריסקי)
[30.2%] #9057: "Jastrow, טורמוטא"... OK (טורמוטא)
[30.2%] #9058: "Jastrow, טוּרְמִי"... OK (טורמי)
[30.2%] #9059: "Jastrow, טורמיטא"... OK (טורמיטא)
[30.2%] #9060: "Jastrow, טוּרְמִיסִין"... OK (טורמיסין)
[30.2%] #9061: "Jastrow, טוּרְמִנְטִין"... OK (טורמנטין)
[30.2%] #9062: "Jastrow, טוּרָנָא"... OK (טורנא)
[30.2%] #9063: "Jastrow, *טוֹרְנוֹס"... OK (טורנוס)
[30.2%] #9064: "Jastrow, טוּרְנוֹס"... duplicate
[30.2%] #9064: "Jastrow, טורנסרופוס"... OK (טורנסרופוס)
[30.2%] #9065: "Jastrow, טוּרְסוֹס"... OK (טורסוס)
[30.2%] #9066: "Jastrow, טוּרְסִי"... OK (טורסי)
[30.2%] #9067: "Jastrow, טורפי"... OK (טורפי)
[30.2%] #9068: "Jastrow, טורקוס"... OK (טורקוס)
[30.2%] #9069: "Jastrow, טורתוק"... OK (טורתוק)
[30.2%] #9070: "Jastrow, טוּשׂ"... OK (טוש)
[30.2%] #9071: "Jastrow, טוּשׁ I"... duplicate
[30.2%] #9071: "Jastrow, טוּשׁ"... duplicate
[30.2%] #9071: "Jastrow, טוּשׁ II"... duplicate
[30.2%] #9071: "Jastrow, טְוָת"... OK (טות)
[30.2%] #9072: "Jastrow, טְחָא"... OK (טחא)
[30.2%] #9073: "Jastrow, טְחָאֵי"... OK (טחאי)
[30.2%] #9074: "Jastrow, *טַחַב"... OK (טחב)
[30.2%] #9075: "Jastrow, *טַחֲבוּת"... OK (טחבות)
[30.3%] #9076: "Jastrow, טְחוֹל"... OK (טחול)
[30.3%] #9077: "Jastrow, טְחוֹלָא"... OK (טחולא)
[30.3%] #9078: "Jastrow, טְחוֹן"... OK (טחון)
[30.3%] #9079: "Jastrow, טָחוֹנָא"... OK (טחונא)
[30.3%] #9080: "Jastrow, *טָחוֹר"... OK (טחור)
[30.3%] #9081: "Jastrow, טְחוֹרַיָּא"... OK (טחוריא)
[30.3%] #9082: "Jastrow, טְחִי"... OK (טחי)
[30.3%] #9083: "Jastrow, טִחְיָא"... OK (טחיא)
[30.3%] #9084: "Jastrow, טְחָיֵי"... OK (טחיי)
[30.3%] #9085: "Jastrow, טְחֵין"... OK (טחין)
[30.3%] #9086: "Jastrow, טְחִינָה"... OK (טחינה)
[30.3%] #9087: "Jastrow, טְחִינִין"... OK (טחינין)
[30.3%] #9088: "Jastrow, טַחֲלָא"... OK (טחלא)
[30.3%] #9089: "Jastrow, טָחַן"... OK (טחן)
[30.3%] #9090: "Jastrow, טְחַן"... duplicate
[30.3%] #9090: "Jastrow, טְחֹן"... duplicate
[30.3%] #9090: "Jastrow, טַחֲנָה"... OK (טחנה)
[30.3%] #9091: "Jastrow, *טָחַף"... OK (טחף)
[30.3%] #9092: "Jastrow, טְחַר"... OK (טחר)
[30.3%] #9093: "Jastrow, *טֹט"... OK (טט)
[30.3%] #9094: "Jastrow, *טַטְלָפוּשׁ"... OK (טטלפוש)
[30.3%] #9095: "Jastrow, טֹטַפְרָאוֹת"... OK (טטפראות)
[30.3%] #9096: "Jastrow, טֹטָפֶת"... OK (טטפת)
[30.3%] #9097: "Jastrow, טֶטְרָאמוּלִי"... OK (טטראמולי)
[30.3%] #9098: "Jastrow, טֶטְרָאפִילוֹת"... OK (טטראפילות)
[30.3%] #9099: "Jastrow, *טַטְרֵג"... OK (טטרג)
[30.3%] #9100: "Jastrow, טֶטְרָגוֹן"... OK (טטרגון)
[30.3%] #9101: "Jastrow, טֶטְרָגוֹנָא"... OK (טטרגונא)
[30.3%] #9102: "Jastrow, טטרוגא"... OK (טטרוגא)
[30.3%] #9103: "Jastrow, טַטְרוּגֵי"... OK (טטרוגי)
[30.3%] #9104: "Jastrow, טטרומולין"... OK (טטרומולין)
[30.3%] #9105: "Jastrow, טִטַרְטוֹן"... OK (טטרטון)
[30.3%] #9106: "Jastrow, טטרפאות"... OK (טטרפאות)
[30.4%] #9107: "Jastrow, טטרפלין"... OK (טטרפלין)
[30.4%] #9108: "Jastrow, טיאוניס"... OK (טיאוניס)
[30.4%] #9109: "Jastrow, טיאטרון"... OK (טיאטרון)
[30.4%] #9110: "Jastrow, טְיָארִין"... OK (טיארין)
[30.4%] #9111: "Jastrow, טִיב I"... OK (טיב)
[30.4%] #9112: "Jastrow, טִיב"... duplicate
[30.4%] #9112: "Jastrow, טִיב II"... duplicate
[30.4%] #9112: "Jastrow, טִיב ²"... duplicate
[30.4%] #9112: "Jastrow, טִיבָה"... OK (טיבה)
[30.4%] #9113: "Jastrow, טִיבוּ"... OK (טיבו)
[30.4%] #9114: "Jastrow, טִיבּוּל"... OK (טיבול)
[30.4%] #9115: "Jastrow, טִיבּוּלָא"... OK (טיבולא)
[30.4%] #9116: "Jastrow, טִיבּוּעִין"... OK (טיבועין)
[30.4%] #9117: "Jastrow, טִיבּוּר"... OK (טיבור)
[30.4%] #9118: "Jastrow, טִיבּוּרָא"... OK (טיבורא)
[30.4%] #9119: "Jastrow, טֵיבוּתָא"... OK (טיבותא)
[30.4%] #9120: "Jastrow, טִיבִירְיָא"... OK (טיביריא)
[30.4%] #9121: "Jastrow, טִיבְלָא"... OK (טיבלא)
[30.4%] #9122: "Jastrow, טִיבַרְיָאָה"... OK (טיבריאה)
[30.4%] #9123: "Jastrow, טִיבְרָנִי"... OK (טיברני)
[30.4%] #9124: "Jastrow, טִיגּוּן"... OK (טיגון)
[30.4%] #9125: "Jastrow, טִיגָּן"... OK (טיגן)
[30.4%] #9126: "Jastrow, טִיגָּנָא I"... OK (טיגנא)
  [Saved progress: 9126 entries]
[30.4%] #9127: "Jastrow, *טִיגָּנָא II"... duplicate
[30.4%] #9127: "Jastrow, טיגנו"... OK (טיגנו)
[30.4%] #9128: "Jastrow, טִיגְרוֹס"... OK (טיגרוס)
[30.4%] #9129: "Jastrow, טידיינא"... OK (טידיינא)
[30.4%] #9130: "Jastrow, טִיהָר"... OK (טיהר)
[30.4%] #9131: "Jastrow, טִיהֲרָא"... OK (טיהרא)
[30.4%] #9132: "Jastrow, טִיהֲרֵי"... OK (טיהרי)
[30.4%] #9133: "Jastrow, טִיּוּטָא"... OK (טיוטא)
[30.4%] #9134: "Jastrow, טִיּוּל"... OK (טיול)
[30.4%] #9135: "Jastrow, *טִיוְסִין"... OK (טיוסין)
[30.4%] #9136: "Jastrow, טְיוּפָא"... OK (טיופא)
[30.5%] #9137: "Jastrow, טְיוֹפָא"... duplicate
[30.5%] #9137: "Jastrow, טִיחַ"... OK (טיח)
[30.5%] #9138: "Jastrow, טִיחָה"... OK (טיחה)
[30.5%] #9139: "Jastrow, טִיחְיָא"... OK (טיחיא)
[30.5%] #9140: "Jastrow, טִיט"... OK (טיט)
[30.5%] #9141: "Jastrow, טיטויא"... OK (טיטויא)
[30.5%] #9142: "Jastrow, טִיטוֹס"... OK (טיטוס)
[30.5%] #9143: "Jastrow, טיטורא"... OK (טיטורא)
[30.5%] #9144: "Jastrow, טיטיון"... OK (טיטיון)
[30.5%] #9145: "Jastrow, טִיטָס"... OK (טיטס)
[30.5%] #9146: "Jastrow, *טִיטְרוֹס"... OK (טיטרוס)
[30.5%] #9147: "Jastrow, טִיטַרְטוֹן"... OK (טיטרטון)
[30.5%] #9148: "Jastrow, טִיטְרַפְלוֹן"... OK (טיטרפלון)
[30.5%] #9149: "Jastrow, טִיטְרַפְלִיּוֹת"... OK (טיטרפליות)
[30.5%] #9150: "Jastrow, טִיּיוּב"... OK (טייוב)
[30.5%] #9151: "Jastrow, *טַיְיזָן"... OK (טייזן)
[30.5%] #9152: "Jastrow, טַיֵּיט"... OK (טייט)
[30.5%] #9153: "Jastrow, טִיֵּיל"... OK (טייל)
[30.5%] #9154: "Jastrow, טַיָּיל"... duplicate
[30.5%] #9154: "Jastrow, טַיָּיל ²"... duplicate
[30.5%] #9154: "Jastrow, טיינון"... OK (טיינון)
[30.5%] #9155: "Jastrow, טָיִיס"... OK (טייס)
[30.5%] #9156: "Jastrow, טְיָיסָא"... OK (טייסא)
[30.5%] #9157: "Jastrow, טַיְיסָא"... duplicate
[30.5%] #9157: "Jastrow, *טַיְיסָן"... OK (טייסן)
[30.5%] #9158: "Jastrow, טַיְיעָא"... OK (טייעא)
[30.5%] #9159: "Jastrow, טַיָּיעוּת"... OK (טייעות)
[30.5%] #9160: "Jastrow, טַיַּיעְתָּא"... OK (טייעתא)
[30.5%] #9161: "Jastrow, טְיָיפָא"... OK (טייפא)
[30.5%] #9162: "Jastrow, טַיְיפָה"... OK (טייפה)
[30.5%] #9163: "Jastrow, טַיֵּיר"... OK (טייר)
[30.5%] #9164: "Jastrow, טַיִּיר"... duplicate
[30.5%] #9164: "Jastrow, טַיָּיר"... duplicate
[30.5%] #9164: "Jastrow, טייתא"... OK (טייתא)
[30.5%] #9165: "Jastrow, *טִיכּוּס"... OK (טיכוס)
[30.6%] #9166: "Jastrow, טִיכּוּסָא"... OK (טיכוסא)
[30.6%] #9167: "Jastrow, טִיכְנִי"... OK (טיכני)
[30.6%] #9168: "Jastrow, טִיכְסָא"... OK (טיכסא)
[30.6%] #9169: "Jastrow, טַיֵּל"... OK (טיל)
[30.6%] #9170: "Jastrow, טִילָא I"... OK (טילא)
[30.6%] #9171: "Jastrow, טִילָא II"... duplicate
[30.6%] #9171: "Jastrow, *טִילְוָא"... OK (טילוא)
[30.6%] #9172: "Jastrow, טִילּוּלַיָּא"... OK (טילוליא)
[30.6%] #9173: "Jastrow, טִילְטוּל"... OK (טילטול)
[30.6%] #9174: "Jastrow, טִילְיָא"... OK (טיליא)
[30.6%] #9175: "Jastrow, טִילְמָא"... OK (טילמא)
[30.6%] #9176: "Jastrow, טִילְפָא"... OK (טילפא)
[30.6%] #9177: "Jastrow, טִימָהָא"... OK (טימהא)
[30.6%] #9178: "Jastrow, טִימוֹס"... OK (טימוס)
[30.6%] #9179: "Jastrow, טימוק"... OK (טימוק)
[30.6%] #9180: "Jastrow, טִימוּרָא"... OK (טימורא)
[30.6%] #9181: "Jastrow, טִימוּרְתָּא"... OK (טימורתא)
[30.6%] #9182: "Jastrow, טִימְטוּם"... OK (טימטום)
[30.6%] #9183: "Jastrow, טִימְטֵם"... OK (טימטם)
[30.6%] #9184: "Jastrow, טִימִי I"... OK (טימי)
[30.6%] #9185: "Jastrow, *טִימִי II"... duplicate
[30.6%] #9185: "Jastrow, טִימְיוֹן"... OK (טימיון)
[30.6%] #9186: "Jastrow, טִימַיָּיא"... OK (טימייא)
[30.6%] #9187: "Jastrow, טִימִין I"... OK (טימין)
[30.6%] #9188: "Jastrow, טִימִין II"... duplicate
[30.6%] #9188: "Jastrow, טימיסמירות"... OK (טימיסמירות)
[30.6%] #9189: "Jastrow, טִימְיָקוֹן"... OK (טימיקון)
[30.6%] #9190: "Jastrow, טִימִיתָא"... OK (טימיתא)
[30.6%] #9191: "Jastrow, טימס"... OK (טימס)
[30.6%] #9192: "Jastrow, טִין"... OK (טין)
[30.6%] #9193: "Jastrow, טִין ²"... duplicate
[30.6%] #9193: "Jastrow, טִינָּא"... OK (טינא)
[30.6%] #9194: "Jastrow, טינדיסין"... OK (טינדיסין)
[30.6%] #9195: "Jastrow, טִינָּה"... OK (טינה)
[30.6%] #9196: "Jastrow, טינון"... OK (טינון)
[30.7%] #9197: "Jastrow, טִינּוּף"... OK (טינוף)
[30.7%] #9198: "Jastrow, טִינּוּפָא"... OK (טינופא)
[30.7%] #9199: "Jastrow, טִינּוֹפֶת"... OK (טינופת)
[30.7%] #9200: "Jastrow, טִינְנָא"... OK (טיננא)
[30.7%] #9201: "Jastrow, טינץ"... OK (טינץ)
[30.7%] #9202: "Jastrow, טִינָּר"... OK (טינר)
[30.7%] #9203: "Jastrow, טִינָּר ²"... duplicate
[30.7%] #9203: "Jastrow, טִינָתָא"... OK (טינתא)
[30.7%] #9204: "Jastrow, טִיסְבְּרָא"... OK (טיסברא)
[30.7%] #9205: "Jastrow, טִיסָה"... OK (טיסה)
[30.7%] #9206: "Jastrow, טִיסָנִי"... OK (טיסני)
[30.7%] #9207: "Jastrow, טִיסְקָא"... OK (טיסקא)
[30.7%] #9208: "Jastrow, טַיְעָא"... OK (טיעא)
[30.7%] #9209: "Jastrow, טִיף I"... OK (טיף)
[30.7%] #9210: "Jastrow, *טִיף II"... duplicate
[30.7%] #9210: "Jastrow, טִיף III"... duplicate
[30.7%] #9210: "Jastrow, טְיָפָא"... OK (טיפא)
[30.7%] #9211: "Jastrow, טִיפָּא"... duplicate
[30.7%] #9211: "Jastrow, טִיפָּה"... OK (טיפה)
  [Saved progress: 9211 entries]
[30.7%] #9212: "Jastrow, טִיפּוּחַ"... OK (טיפוח)
[30.7%] #9213: "Jastrow, טִיפּוּל"... OK (טיפול)
[30.7%] #9214: "Jastrow, טִיפוּנָא"... OK (טיפונא)
[30.7%] #9215: "Jastrow, טִיפּוּס"... OK (טיפוס)
[30.7%] #9216: "Jastrow, *טִיפַּח"... OK (טיפח)
[30.7%] #9217: "Jastrow, טִיפְטֵף"... OK (טיפטף)
[30.7%] #9218: "Jastrow, טיפיטיאות"... OK (טיפיטיאות)
[30.7%] #9219: "Jastrow, טִיפְסְרָא"... OK (טיפסרא)
[30.7%] #9220: "Jastrow, טִיפֵּשׁ"... OK (טיפש)
[30.7%] #9221: "Jastrow, טִיפְתָא"... OK (טיפתא)
[30.7%] #9222: "Jastrow, טִיקּוּסָא"... OK (טיקוסא)
[30.7%] #9223: "Jastrow, טִיקְסָא"... OK (טיקסא)
[30.7%] #9224: "Jastrow, טִיר"... OK (טיר)
[30.7%] #9225: "Jastrow, טירא"... OK (טירא)
[30.8%] #9226: "Jastrow, טִירָא"... duplicate
[30.8%] #9226: "Jastrow, טירבוס"... OK (טירבוס)
[30.8%] #9227: "Jastrow, טִירְדָּא"... OK (טירדא)
[30.8%] #9228: "Jastrow, טִירָה"... OK (טירה)
[30.8%] #9229: "Jastrow, טירודא"... OK (טירודא)
[30.8%] #9230: "Jastrow, טֵירוּדִין"... OK (טירודין)
[30.8%] #9231: "Jastrow, טִירוֹן I"... OK (טירון)
[30.8%] #9232: "Jastrow, *טִירוֹן II"... duplicate
[30.8%] #9232: "Jastrow, *טִירוֹנָא"... OK (טירונא)
[30.8%] #9233: "Jastrow, *טִירוּנָא"... duplicate
[30.8%] #9233: "Jastrow, *טִירוֹנְיָא"... OK (טירוניא)
[30.8%] #9234: "Jastrow, טִירוּנְיָא"... duplicate
[30.8%] #9234: "Jastrow, טֵירוּף"... OK (טירוף)
[30.8%] #9235: "Jastrow, טִירְחָא"... OK (טירחא)
[30.8%] #9236: "Jastrow, טִירְחוּת"... OK (טירחות)
[30.8%] #9237: "Jastrow, טִירְיָא"... OK (טיריא)
[30.8%] #9238: "Jastrow, טִירְיוֹן"... OK (טיריון)
[30.8%] #9239: "Jastrow, טִירָיוֹת"... OK (טיריות)
[30.8%] #9240: "Jastrow, טִירְיָיא"... OK (טירייא)
[30.8%] #9241: "Jastrow, טִירְיָינָא"... OK (טיריינא)
[30.8%] #9242: "Jastrow, טִירְיַיסְקֵי"... OK (טירייסקי)
[30.8%] #9243: "Jastrow, *טִירְיָנָא"... OK (טירינא)
[30.8%] #9244: "Jastrow, טירכי"... OK (טירכי)
[30.8%] #9245: "Jastrow, טירם"... OK (טירם)
[30.8%] #9246: "Jastrow, *טִירְנָאָה"... OK (טירנאה)
[30.8%] #9247: "Jastrow, טִירְסָאֵי"... OK (טירסאי)
[30.8%] #9248: "Jastrow, טִירְפָּא"... OK (טירפא)
[30.8%] #9249: "Jastrow, טירְפֵּס"... OK (טירפס)
[30.8%] #9250: "Jastrow, טירקסון"... OK (טירקסון)
[30.8%] #9251: "Jastrow, טִושָׁא"... OK (טושא)
[30.8%] #9252: "Jastrow, טִישְׁטוּשָׁא"... OK (טישטושא)
[30.8%] #9253: "Jastrow, טי"ת"... OK (טית)
[30.8%] #9254: "Jastrow, טכטכא"... OK (טכטכא)
[30.8%] #9255: "Jastrow, טִכְנִי"... OK (טכני)
[30.9%] #9256: "Jastrow, טָכַס"... OK (טכס)
[30.9%] #9257: "Jastrow, טְכַס"... duplicate
[30.9%] #9257: "Jastrow, טִכְסָא"... OK (טכסא)
[30.9%] #9258: "Jastrow, *טכסטסיס"... OK (טכסטסיס)
[30.9%] #9259: "Jastrow, טכסים"... OK (טכסים)
[30.9%] #9260: "Jastrow, טַכְסִיס"... OK (טכסיס)
[30.9%] #9261: "Jastrow, טַכְסַת"... OK (טכסת)
[30.9%] #9262: "Jastrow, טַל"... OK (טל)
[30.9%] #9263: "Jastrow, טַל ²"... duplicate
[30.9%] #9263: "Jastrow, טָלָא"... OK (טלא)
[30.9%] #9264: "Jastrow, טְלָאי"... OK (טלאי)
[30.9%] #9265: "Jastrow, טְלָאֵי I"... duplicate
[30.9%] #9265: "Jastrow, *טְלָאֵי II"... duplicate
[30.9%] #9265: "Jastrow, טָלֶה"... OK (טלה)
[30.9%] #9266: "Jastrow, טָלֵה"... duplicate
[30.9%] #9266: "Jastrow, *טָלוּי"... OK (טלוי)
[30.9%] #9267: "Jastrow, *טְלוֹי"... duplicate
[30.9%] #9267: "Jastrow, טָלוּל"... OK (טלול)
[30.9%] #9268: "Jastrow, טְלוּלָא"... OK (טלולא)
[30.9%] #9269: "Jastrow, טְלוּמָא"... OK (טלומא)
[30.9%] #9270: "Jastrow, טָלוֹמָא"... duplicate
[30.9%] #9270: "Jastrow, *טְלוֹמְיָא"... OK (טלומיא)
[30.9%] #9271: "Jastrow, טְלוֹפְחָא"... OK (טלופחא)
[30.9%] #9272: "Jastrow, טלותה"... OK (טלותה)
[30.9%] #9273: "Jastrow, *טְלַח"... OK (טלח)
[30.9%] #9274: "Jastrow, טִלְטוּל"... OK (טלטול)
[30.9%] #9275: "Jastrow, טִלְטוּל ²"... duplicate
[30.9%] #9275: "Jastrow, טַלְטוּלָא"... OK (טלטולא)
[30.9%] #9276: "Jastrow, טִלְטוּלַיָּא"... OK (טלטוליא)
[30.9%] #9277: "Jastrow, טִלְטֵל"... OK (טלטל)
[30.9%] #9278: "Jastrow, טַלְטֵל"... duplicate
[30.9%] #9278: "Jastrow, טלי"... OK (טלי)
[30.9%] #9279: "Jastrow, טְלֵי"... duplicate
[30.9%] #9279: "Jastrow, טֶלִי"... duplicate
[30.9%] #9279: "Jastrow, טָלֵי"... duplicate
[30.9%] #9279: "Jastrow, טַלְיוּ"... OK (טליו)
[30.9%] #9280: "Jastrow, טַלִּיוֹת"... OK (טליות)
[30.9%] #9281: "Jastrow, טַלְיוּתָא"... OK (טליותא)
[30.9%] #9282: "Jastrow, טְלָיוּתָא"... duplicate
[30.9%] #9282: "Jastrow, טַלְיְיתָא"... OK (טלייתא)
[30.9%] #9283: "Jastrow, טְלִימָא"... OK (טלימא)
[30.9%] #9284: "Jastrow, טְלִימוֹן"... OK (טלימון)
[30.9%] #9285: "Jastrow, *טְלִיקָא"... OK (טליקא)
[30.9%] #9286: "Jastrow, טַלִּית"... OK (טלית)
[31.0%] #9287: "Jastrow, טַלִּית ²"... duplicate
[31.0%] #9287: "Jastrow, טַלְיְתָא"... OK (טליתא)
[31.0%] #9288: "Jastrow, טְלָל"... OK (טלל)
[31.0%] #9289: "Jastrow, טָלַל"... duplicate
[31.0%] #9289: "Jastrow, טְלַל I"... duplicate
[31.0%] #9289: "Jastrow, טְלַל II"... duplicate
[31.0%] #9289: "Jastrow, טְלַל III"... duplicate
[31.0%] #9289: "Jastrow, טְלַם"... OK (טלם)
  [Saved progress: 9289 entries]
[31.0%] #9290: "Jastrow, טְלָמָא"... OK (טלמא)
[31.0%] #9291: "Jastrow, *טַלְמָיָא"... OK (טלמיא)
[31.0%] #9292: "Jastrow, טלמסן"... OK (טלמסן)
[31.0%] #9293: "Jastrow, טְלָנֵי"... OK (טלני)
[31.0%] #9294: "Jastrow, טְלָנֵיתָא"... OK (טלניתא)
[31.0%] #9295: "Jastrow, *טלנס"... OK (טלנס)
[31.0%] #9296: "Jastrow, טְלַע I"... OK (טלע)
[31.0%] #9297: "Jastrow, טְלַע II"... duplicate
[31.0%] #9297: "Jastrow, טֶלֶף"... OK (טלף)
[31.0%] #9298: "Jastrow, טְלַף"... duplicate
[31.0%] #9298: "Jastrow, טְלָפְחָא"... OK (טלפחא)
[31.0%] #9299: "Jastrow, טלפירא"... OK (טלפירא)
[31.0%] #9300: "Jastrow, טְלַק"... OK (טלק)
[31.0%] #9301: "Jastrow, *טְלָרִיתָא"... OK (טלריתא)
[31.0%] #9302: "Jastrow, טַלֵּת"... OK (טלת)
[31.0%] #9303: "Jastrow, טַמָּא"... OK (טמא)
[31.0%] #9304: "Jastrow, טָמֵא I"... duplicate
[31.0%] #9304: "Jastrow, טְמָא"... duplicate
[31.0%] #9304: "Jastrow, טָמֵא II"... duplicate
[31.0%] #9304: "Jastrow, טְמֵא"... duplicate
[31.0%] #9304: "Jastrow, טְמָאשָׁא"... OK (טמאשא)
[31.0%] #9305: "Jastrow, *טַמְדּוּרְיָא"... OK (טמדוריא)
[31.0%] #9306: "Jastrow, טמו"... OK (טמו)
[31.0%] #9307: "Jastrow, טֹמוֹס"... OK (טמוס)
[31.0%] #9308: "Jastrow, טְמוֹעָא"... OK (טמועא)
[31.0%] #9309: "Jastrow, טְמוֹר"... OK (טמור)
[31.0%] #9310: "Jastrow, טִמוּר"... duplicate
[31.0%] #9310: "Jastrow, טמורה"... OK (טמורה)
[31.0%] #9311: "Jastrow, טִמְטֵם"... OK (טמטם)
[31.0%] #9312: "Jastrow, טַמְטֵם"... duplicate
[31.0%] #9312: "Jastrow, טְמִי"... OK (טמי)
[31.0%] #9313: "Jastrow, טְמֵי"... duplicate
[31.0%] #9313: "Jastrow, טַמְיָא"... OK (טמיא)
[31.0%] #9314: "Jastrow, טַמַּיָּא"... duplicate
[31.0%] #9314: "Jastrow, טַמִיאוֹן"... OK (טמיאון)
[31.0%] #9315: "Jastrow, טַמְיוֹן"... OK (טמיון)
[31.1%] #9316: "Jastrow, טַמְּיוּתָא"... OK (טמיותא)
[31.1%] #9317: "Jastrow, טְמִינָה"... OK (טמינה)
[31.1%] #9318: "Jastrow, טַמְיָקָא"... OK (טמיקא)
[31.1%] #9319: "Jastrow, טַמְיָקוֹן"... OK (טמיקון)
[31.1%] #9320: "Jastrow, טָמִיר"... OK (טמיר)
[31.1%] #9321: "Jastrow, טָמַם"... OK (טמם)
[31.1%] #9322: "Jastrow, טְמַם"... duplicate
[31.1%] #9322: "Jastrow, טָמַן"... OK (טמן)
[31.1%] #9323: "Jastrow, טְמַן"... duplicate
[31.1%] #9323: "Jastrow, טמן"... duplicate
[31.1%] #9323: "Jastrow, טָמַע"... OK (טמע)
[31.1%] #9324: "Jastrow, טְמַע"... duplicate
[31.1%] #9324: "Jastrow, טְמַר"... OK (טמר)
[31.1%] #9325: "Jastrow, טְמַשׁ"... OK (טמש)
[31.1%] #9326: "Jastrow, *טמשא"... OK (טמשא)
[31.1%] #9327: "Jastrow, טַן"... OK (טן)
[31.1%] #9328: "Jastrow, טֶנֶא"... OK (טנא)
[31.1%] #9329: "Jastrow, טְנָאנָא"... OK (טנאנא)
[31.1%] #9330: "Jastrow, טַנְבּוּרָא"... OK (טנבורא)
[31.1%] #9331: "Jastrow, טַנְדּוּ"... OK (טנדו)
[31.1%] #9332: "Jastrow, טנדיסין"... OK (טנדיסין)
[31.1%] #9333: "Jastrow, *טנדס"... OK (טנדס)
[31.1%] #9334: "Jastrow, טִנּוּף"... OK (טנוף)
[31.1%] #9335: "Jastrow, טְנֵז"... OK (טנז)
[31.1%] #9336: "Jastrow, טְנִי"... OK (טני)
[31.1%] #9337: "Jastrow, טָנֵיס"... OK (טניס)
[31.1%] #9338: "Jastrow, טניף"... OK (טניף)
[31.1%] #9339: "Jastrow, טנכי"... OK (טנכי)
[31.1%] #9340: "Jastrow, טָנַן"... OK (טנן)
[31.1%] #9341: "Jastrow, טְנַן"... duplicate
[31.1%] #9341: "Jastrow, טְנָנָא"... OK (טננא)
[31.1%] #9342: "Jastrow, טְנָנוּתָא"... OK (טננותא)
[31.1%] #9343: "Jastrow, טָנַף"... OK (טנף)
[31.1%] #9344: "Jastrow, טְנַף"... duplicate
[31.1%] #9344: "Jastrow, טִנָּר"... OK (טנר)
[31.1%] #9345: "Jastrow, טָס"... OK (טס)
[31.1%] #9346: "Jastrow, טַס"... duplicate
[31.1%] #9346: "Jastrow, טָסָא"... OK (טסא)
[31.2%] #9347: "Jastrow, *טַסָּא II"... duplicate
[31.2%] #9347: "Jastrow, טסבלאות"... OK (טסבלאות)
[31.2%] #9348: "Jastrow, טִסְבְּרָא"... OK (טסברא)
[31.2%] #9349: "Jastrow, טסורא"... OK (טסורא)
[31.2%] #9350: "Jastrow, טסים"... OK (טסים)
[31.2%] #9351: "Jastrow, טְסָנִי"... OK (טסני)
[31.2%] #9352: "Jastrow, טַסְקָא"... OK (טסקא)
[31.2%] #9353: "Jastrow, טְעָא"... OK (טעא)
[31.2%] #9354: "Jastrow, טָעוּ"... OK (טעו)
[31.2%] #9355: "Jastrow, טְעוּן"... OK (טעון)
[31.2%] #9356: "Jastrow, טָעוּן"... duplicate
[31.2%] #9356: "Jastrow, טְעוּנָא"... OK (טעונא)
[31.2%] #9357: "Jastrow, טָעוּת"... OK (טעות)
[31.2%] #9358: "Jastrow, טָעוּתָא"... OK (טעותא)
[31.2%] #9359: "Jastrow, טעי"... OK (טעי)
[31.2%] #9360: "Jastrow, טְעֵי"... duplicate
[31.2%] #9360: "Jastrow, טְעֵים"... OK (טעים)
[31.2%] #9361: "Jastrow, טְעִימָה"... OK (טעימה)
[31.2%] #9362: "Jastrow, טְעֵין"... OK (טעין)
[31.2%] #9363: "Jastrow, טְעִין"... duplicate
[31.2%] #9363: "Jastrow, טְעִינָה"... OK (טעינה)
[31.2%] #9364: "Jastrow, טָעִיתָא"... OK (טעיתא)
[31.2%] #9365: "Jastrow, טָעַם"... OK (טעם)
[31.2%] #9366: "Jastrow, טְעַם"... duplicate
[31.2%] #9366: "Jastrow, טַעַם"... duplicate
[31.2%] #9366: "Jastrow, טְעַם ²"... duplicate
  [Saved progress: 9365 entries]
[31.2%] #9366: "Jastrow, טָעֲמָא"... OK (טעמא)
[31.2%] #9367: "Jastrow, טָעַן I"... OK (טען)
[31.2%] #9368: "Jastrow, טְעַן"... duplicate
[31.2%] #9368: "Jastrow, טָעַן II"... duplicate
[31.2%] #9368: "Jastrow, טְעַן ²"... duplicate
[31.2%] #9368: "Jastrow, טְעַן III"... duplicate
[31.2%] #9368: "Jastrow, טֹעַן"... duplicate
[31.2%] #9368: "Jastrow, טַעֲנָה"... OK (טענה)
[31.2%] #9369: "Jastrow, טַעַנְתָא"... OK (טענתא)
[31.2%] #9370: "Jastrow, *טְעַק"... OK (טעק)
[31.2%] #9371: "Jastrow, טַף"... OK (טף)
[31.2%] #9372: "Jastrow, טְפָא"... OK (טפא)
[31.2%] #9373: "Jastrow, טִפָּא"... duplicate
[31.2%] #9373: "Jastrow, טפו"... OK (טפו)
[31.2%] #9374: "Jastrow, טִפּוּחַ"... OK (טפוח)
[31.2%] #9375: "Jastrow, טָפוּחַ"... duplicate
[31.2%] #9375: "Jastrow, *טְפוּחָא"... OK (טפוחא)
[31.3%] #9376: "Jastrow, *טָפוֹחָא"... duplicate
[31.3%] #9376: "Jastrow, טפוטין"... OK (טפוטין)
[31.3%] #9377: "Jastrow, טִפּוּיִין"... OK (טפויין)
[31.3%] #9378: "Jastrow, טָפוּס"... OK (טפוס)
[31.3%] #9379: "Jastrow, טְפַז"... OK (טפז)
[31.3%] #9380: "Jastrow, טַפְזָא"... OK (טפזא)
[31.3%] #9381: "Jastrow, טָפַח I"... OK (טפח)
[31.3%] #9382: "Jastrow, טְפַח"... duplicate
[31.3%] #9382: "Jastrow, טָפַח II"... duplicate
[31.3%] #9382: "Jastrow, טֶפַח"... duplicate
[31.3%] #9382: "Jastrow, טפטיאות"... OK (טפטיאות)
[31.3%] #9383: "Jastrow, טפְטֵף"... OK (טפטף)
[31.3%] #9384: "Jastrow, טְפֵי"... OK (טפי)
[31.3%] #9385: "Jastrow, טְפֵי ²"... duplicate
[31.3%] #9385: "Jastrow, טְפֵי ³"... duplicate
[31.3%] #9385: "Jastrow, *טְפֵי"... duplicate
[31.3%] #9385: "Jastrow, טָפִי"... duplicate
[31.3%] #9385: "Jastrow, טַפְיָא"... OK (טפיא)
[31.3%] #9386: "Jastrow, טְפִיחַ I"... OK (טפיח)
[31.3%] #9387: "Jastrow, טְפִיחַ II"... duplicate
[31.3%] #9387: "Jastrow, טְפִיחָה"... OK (טפיחה)
[31.3%] #9388: "Jastrow, טַפִּיטָא"... OK (טפיטא)
[31.3%] #9389: "Jastrow, טַפִּיטָן"... OK (טפיטן)
[31.3%] #9390: "Jastrow, טַפְיָין"... OK (טפיין)
[31.3%] #9391: "Jastrow, טְפֵילָה טְפֵילָא"... OK (טפילהטפילא)
[31.3%] #9392: "Jastrow, טְפִילָה"... OK (טפילה)
[31.3%] #9393: "Jastrow, טפיסין"... OK (טפיסין)
[31.3%] #9394: "Jastrow, *טְפִיפִית"... OK (טפיפית)
[31.3%] #9395: "Jastrow, טְפֵישׁ"... OK (טפיש)
[31.3%] #9396: "Jastrow, טְפִיתָא"... OK (טפיתא)
[31.3%] #9397: "Jastrow, טָפַל"... OK (טפל)
[31.3%] #9398: "Jastrow, טְפַל"... duplicate
[31.3%] #9398: "Jastrow, טָפֵל"... duplicate
[31.3%] #9398: "Jastrow, טַפְלָא"... OK (טפלא)
[31.3%] #9399: "Jastrow, טְפֵלָא"... duplicate
[31.3%] #9399: "Jastrow, טְפֵלָה"... OK (טפלה)
[31.3%] #9400: "Jastrow, טַפְלוֹחָאֵי"... OK (טפלוחאי)
[31.3%] #9401: "Jastrow, טָפַס"... OK (טפס)
[31.3%] #9402: "Jastrow, טְפַס"... duplicate
[31.3%] #9402: "Jastrow, *טַפְסָא"... OK (טפסא)
[31.3%] #9403: "Jastrow, טַפְסָא"... duplicate
[31.3%] #9403: "Jastrow, *טַפְסָן"... OK (טפסן)
[31.3%] #9404: "Jastrow, טִפְסָר"... OK (טפסר)
[31.3%] #9405: "Jastrow, טַפְסְרָא"... OK (טפסרא)
[31.4%] #9406: "Jastrow, טָפַף I"... OK (טפף)
[31.4%] #9407: "Jastrow, טָפַף II"... duplicate
[31.4%] #9407: "Jastrow, טְפַף"... duplicate
[31.4%] #9407: "Jastrow, *טֶפֶף"... duplicate
[31.4%] #9407: "Jastrow, *טַפְקָא"... OK (טפקא)
[31.4%] #9408: "Jastrow, טְפַר"... OK (טפר)
[31.4%] #9409: "Jastrow, טְפָרִי"... OK (טפרי)
[31.4%] #9410: "Jastrow, טָפַשׁ"... OK (טפש)
[31.4%] #9411: "Jastrow, טְפֵשׁ"... duplicate
[31.4%] #9411: "Jastrow, טִפֵּשׁ"... duplicate
[31.4%] #9411: "Jastrow, טִפֵּשׁ ²"... duplicate
[31.4%] #9411: "Jastrow, טִפְּשׁוּת"... OK (טפשות)
[31.4%] #9412: "Jastrow, טַפְּשׁוּתָא"... OK (טפשותא)
[31.4%] #9413: "Jastrow, טִפְּשִׁית"... OK (טפשית)
[31.4%] #9414: "Jastrow, טַפְתָּא"... OK (טפתא)
[31.4%] #9415: "Jastrow, טִפְתָא"... duplicate
[31.4%] #9415: "Jastrow, *טַצְדְּקָא I"... OK (טצדקא)
[31.4%] #9416: "Jastrow, *טַצְדְּקָא II"... duplicate
[31.4%] #9416: "Jastrow, טַצְהַר"... OK (טצהר)
[31.4%] #9417: "Jastrow, טִקּוּס"... OK (טקוס)
[31.4%] #9418: "Jastrow, טקלין"... OK (טקלין)
[31.4%] #9419: "Jastrow, טָקַס"... OK (טקס)
[31.4%] #9420: "Jastrow, טְקַס"... duplicate
[31.4%] #9420: "Jastrow, טקסיווט"... OK (טקסיווט)
[31.4%] #9421: "Jastrow, טַקְסְיוֹטֵי"... OK (טקסיוטי)
[31.4%] #9422: "Jastrow, טקסים"... OK (טקסים)
[31.4%] #9423: "Jastrow, טַר"... OK (טר)
[31.4%] #9424: "Jastrow, טְרָא"... OK (טרא)
[31.4%] #9425: "Jastrow, טַרְאָקָא"... OK (טראקא)
[31.4%] #9426: "Jastrow, טַרְבִּל"... OK (טרבל)
[31.4%] #9427: "Jastrow, טרגול"... OK (טרגול)
[31.4%] #9428: "Jastrow, טַרְגּוֹנָא"... OK (טרגונא)
[31.4%] #9429: "Jastrow, טְרָגוֹס"... OK (טרגוס)
[31.4%] #9430: "Jastrow, טרגיא"... OK (טרגיא)
[31.4%] #9431: "Jastrow, טרגיאנוס"... OK (טרגיאנוס)
[31.4%] #9432: "Jastrow, טרגיה"... OK (טרגיה)
[31.4%] #9433: "Jastrow, טְרָגִימָא"... OK (טרגימא)
[31.4%] #9434: "Jastrow, טרגיס"... OK (טרגיס)
[31.4%] #9435: "Jastrow, טָרַד"... OK (טרד)
  [Saved progress: 9435 entries]
[31.4%] #9436: "Jastrow, טְרַד I"... duplicate
[31.4%] #9436: "Jastrow, טְרַד II"... duplicate
[31.4%] #9436: "Jastrow, טִרְדָּא"... OK (טרדא)
[31.5%] #9437: "Jastrow, טרדימר"... OK (טרדימר)
[31.5%] #9438: "Jastrow, טַרְדִּין"... OK (טרדין)
[31.5%] #9439: "Jastrow, טרוגינוס"... OK (טרוגינוס)
[31.5%] #9440: "Jastrow, טְרוֹגִימָא"... OK (טרוגימא)
[31.5%] #9441: "Jastrow, טָרוּד"... OK (טרוד)
[31.5%] #9442: "Jastrow, טָרוֹדָא"... OK (טרודא)
[31.5%] #9443: "Jastrow, *טַרְוַויָּא"... OK (טרוויא)
[31.5%] #9444: "Jastrow, טְרוּזָא"... OK (טרוזא)
[31.5%] #9445: "Jastrow, טָרוּט"... OK (טרוט)
[31.5%] #9446: "Jastrow, טְרוֹכְסִימוֹן"... OK (טרוכסימון)
[31.5%] #9447: "Jastrow, *טְרוֹמִיטָא"... OK (טרומיטא)
[31.5%] #9448: "Jastrow, *טָרוֹן"... OK (טרון)
[31.5%] #9449: "Jastrow, *טְרוּן"... duplicate
[31.5%] #9449: "Jastrow, טִרוּנָא"... OK (טרונא)
[31.5%] #9450: "Jastrow, טרונוס"... OK (טרונוס)
[31.5%] #9451: "Jastrow, טָרוּף"... OK (טרוף)
[31.5%] #9452: "Jastrow, טֵרוּף"... duplicate
[31.5%] #9452: "Jastrow, טְרוֹפָאָה"... OK (טרופאה)
[31.5%] #9453: "Jastrow, טרופי"... OK (טרופי)
[31.5%] #9454: "Jastrow, טרופין"... OK (טרופין)
[31.5%] #9455: "Jastrow, טְרוֹקְטִי"... OK (טרוקטי)
[31.5%] #9456: "Jastrow, טרוקי"... OK (טרוקי)
[31.5%] #9457: "Jastrow, *טרוקיתקא"... OK (טרוקיתקא)
[31.5%] #9458: "Jastrow, טרוקנין"... OK (טרוקנין)
[31.5%] #9459: "Jastrow, טְרוֹקְסִימָא"... OK (טרוקסימא)
[31.5%] #9460: "Jastrow, טָרִז"... OK (טרז)
[31.5%] #9461: "Jastrow, טַרְזַיָּא"... OK (טרזיא)
[31.5%] #9462: "Jastrow, טָרַח"... OK (טרח)
[31.5%] #9463: "Jastrow, טְרַח I"... duplicate
[31.5%] #9463: "Jastrow, טֹרַח"... duplicate
[31.5%] #9463: "Jastrow, טְרַח II"... duplicate
[31.5%] #9463: "Jastrow, טָרְחָא"... OK (טרחא)
[31.5%] #9464: "Jastrow, טִרְחָא"... duplicate
[31.5%] #9464: "Jastrow, טַרְחוּת"... OK (טרחות)
[31.5%] #9465: "Jastrow, טַרְחוּתָא"... OK (טרחותא)
[31.6%] #9466: "Jastrow, טרטא"... OK (טרטא)
[31.6%] #9467: "Jastrow, טרטון"... OK (טרטון)
[31.6%] #9468: "Jastrow, טִרְטֵט"... OK (טרטט)
[31.6%] #9469: "Jastrow, טַרְטְיָאוֹת"... OK (טרטיאות)
[31.6%] #9470: "Jastrow, טרטיוטין"... OK (טרטיוטין)
[31.6%] #9471: "Jastrow, טַרְטֵימַר"... OK (טרטימר)
[31.6%] #9472: "Jastrow, *טַרְטֵין"... OK (טרטין)
[31.6%] #9473: "Jastrow, טרטין"... duplicate
[31.6%] #9473: "Jastrow, טְרָטִין"... duplicate
[31.6%] #9473: "Jastrow, *טרטיס"... OK (טרטיס)
[31.6%] #9474: "Jastrow, טרטיסאות"... OK (טרטיסאות)
[31.6%] #9475: "Jastrow, *טִרְטֵף"... OK (טרטף)
[31.6%] #9476: "Jastrow, טַרְטְקָל"... OK (טרטקל)
[31.6%] #9477: "Jastrow, טרטר"... OK (טרטר)
[31.6%] #9478: "Jastrow, טְרִי"... OK (טרי)
[31.6%] #9479: "Jastrow, טָרִי"... duplicate
[31.6%] #9479: "Jastrow, טרי"... duplicate
[31.6%] #9479: "Jastrow, טִרְיָא"... OK (טריא)
[31.6%] #9480: "Jastrow, *טַרְיָא"... duplicate
[31.6%] #9480: "Jastrow, טריא"... duplicate
[31.6%] #9480: "Jastrow, טְרָיָא"... duplicate
[31.6%] #9480: "Jastrow, *טְרִיבָא"... OK (טריבא)
[31.6%] #9481: "Jastrow, טְרִיגוֹן"... OK (טריגון)
[31.6%] #9482: "Jastrow, טריגון"... duplicate
[31.6%] #9482: "Jastrow, טריגין"... OK (טריגין)
[31.6%] #9483: "Jastrow, טָרִיד"... OK (טריד)
[31.6%] #9484: "Jastrow, *טריין"... OK (טריין)
[31.6%] #9485: "Jastrow, טריין"... duplicate
[31.6%] #9485: "Jastrow, טריונין"... OK (טריונין)
[31.6%] #9486: "Jastrow, *טָרִיז"... OK (טריז)
[31.6%] #9487: "Jastrow, טָרִיזָא"... OK (טריזא)
[31.6%] #9488: "Jastrow, טָרֵיחַ"... OK (טריח)
[31.6%] #9489: "Jastrow, טְרִיחַ"... duplicate
[31.6%] #9489: "Jastrow, טְרִיחוּתָא"... OK (טריחותא)
[31.6%] #9490: "Jastrow, טְרִיטָא"... OK (טריטא)
[31.6%] #9491: "Jastrow, טְרִיטָנִי"... OK (טריטני)
[31.6%] #9492: "Jastrow, טַרְיִי"... OK (טריי)
[31.6%] #9493: "Jastrow, טְרָיָיא"... OK (טרייא)
[31.6%] #9494: "Jastrow, טְרִיָיא"... duplicate
[31.6%] #9494: "Jastrow, טְרִיָיאקוֹנְטָא"... OK (טרייאקונטא)
[31.6%] #9495: "Jastrow, טְרָיָינָא"... OK (טריינא)
[31.6%] #9496: "Jastrow, טְרָיָינוֹס"... OK (טריינוס)
[31.7%] #9497: "Jastrow, *טַרְיָיתָא"... OK (טרייתא)
[31.7%] #9498: "Jastrow, טָרֵיךְ"... OK (טריך)
[31.7%] #9499: "Jastrow, טריכונוס"... OK (טריכונוס)
[31.7%] #9500: "Jastrow, טריכסון"... OK (טריכסון)
[31.7%] #9501: "Jastrow, *טרים"... OK (טרים)
[31.7%] #9502: "Jastrow, טרִימָּא"... OK (טרימא)
[31.7%] #9503: "Jastrow, *טרימוטה"... OK (טרימוטה)
[31.7%] #9504: "Jastrow, טרימוסיאה"... OK (טרימוסיאה)
[31.7%] #9505: "Jastrow, טְרִימִיטְרָא"... OK (טרימיטרא)
[31.7%] #9506: "Jastrow, טְרִימִיסָא"... OK (טרימיסא)
[31.7%] #9507: "Jastrow, טְרָיָנָא"... OK (טרינא)
[31.7%] #9508: "Jastrow, טריסים"... OK (טריסים)
[31.7%] #9509: "Jastrow, טריסין"... OK (טריסין)
[31.7%] #9510: "Jastrow, טְרִיסִין"... duplicate
[31.7%] #9510: "Jastrow, טריסיס"... OK (טריסיס)
[31.7%] #9511: "Jastrow, טְרִיסִית"... OK (טריסית)
[31.7%] #9512: "Jastrow, טְרֵיפָא"... OK (טריפא)
[31.7%] #9513: "Jastrow, טְרִיפָה"... OK (טריפה)
[31.7%] #9514: "Jastrow, טְרֵיפָה"... duplicate
[31.7%] #9514: "Jastrow, טְרִיפוֹלָאֵי"... OK (טריפולאי)
  [Saved progress: 9514 entries]
[31.7%] #9515: "Jastrow, טְרִיפוֹן"... OK (טריפון)
[31.7%] #9516: "Jastrow, *טְרִיפְתָּא"... OK (טריפתא)
[31.7%] #9517: "Jastrow, טְרֵיפְתָּא"... duplicate
[31.7%] #9517: "Jastrow, טְרִיקָא"... OK (טריקא)
[31.7%] #9518: "Jastrow, טְרִיקְטָא"... OK (טריקטא)
[31.7%] #9519: "Jastrow, טריקטי"... OK (טריקטי)
[31.7%] #9520: "Jastrow, טְרִיקַיָּיא"... OK (טריקייא)
[31.7%] #9521: "Jastrow, טריקלונא"... OK (טריקלונא)
[31.7%] #9522: "Jastrow, טְרִיקְלִילִין"... OK (טריקלילין)
[31.7%] #9523: "Jastrow, טְרִיקְלִין"... OK (טריקלין)
[31.7%] #9524: "Jastrow, טְרִיקְלִינָא"... OK (טריקלינא)
[31.7%] #9525: "Jastrow, טריקסימון"... OK (טריקסימון)
[31.8%] #9526: "Jastrow, טְרִיקְסִין"... OK (טריקסין)
[31.8%] #9527: "Jastrow, טָרִית"... OK (טרית)
[31.8%] #9528: "Jastrow, טָרִיתָא"... OK (טריתא)
[31.8%] #9529: "Jastrow, טֶרֶךְ"... OK (טרך)
[31.8%] #9530: "Jastrow, טָרֵךְ"... duplicate
[31.8%] #9530: "Jastrow, טְרָכוֹנָא"... OK (טרכונא)
[31.8%] #9531: "Jastrow, טַרְכּוּנְתָּא"... OK (טרכונתא)
[31.8%] #9532: "Jastrow, טרכוס"... OK (טרכוס)
[31.8%] #9533: "Jastrow, טרכינוס"... OK (טרכינוס)
[31.8%] #9534: "Jastrow, טַרְכָן"... OK (טרכן)
[31.8%] #9535: "Jastrow, טַרְכָנוּתָא"... OK (טרכנותא)
[31.8%] #9536: "Jastrow, טְרַכְסִיד"... OK (טרכסיד)
[31.8%] #9537: "Jastrow, טְרַכְסִימוֹן"... OK (טרכסימון)
[31.8%] #9538: "Jastrow, טַרְכֵּשׁ"... OK (טרכש)
[31.8%] #9539: "Jastrow, טַרְלוֹסָה"... OK (טרלוסה)
[31.8%] #9540: "Jastrow, טרמוסיא"... OK (טרמוסיא)
[31.8%] #9541: "Jastrow, טרמיות"... OK (טרמיות)
[31.8%] #9542: "Jastrow, טַרְמִיטָא"... OK (טרמיטא)
[31.8%] #9543: "Jastrow, טרמנטן"... OK (טרמנטן)
[31.8%] #9544: "Jastrow, טרמסין"... OK (טרמסין)
[31.8%] #9545: "Jastrow, *טְרַס"... OK (טרס)
[31.8%] #9546: "Jastrow, טֶרֶס"... duplicate
[31.8%] #9546: "Jastrow, טַרְסָאָה"... OK (טרסאה)
[31.8%] #9547: "Jastrow, טַרְסוֹס"... OK (טרסוס)
[31.8%] #9548: "Jastrow, טַרְסִי I"... OK (טרסי)
[31.8%] #9549: "Jastrow, טַרְסִי II"... duplicate
[31.8%] #9549: "Jastrow, טרסיאות"... OK (טרסיאות)
[31.8%] #9550: "Jastrow, טַרְסַיי"... OK (טרסיי)
[31.8%] #9551: "Jastrow, טַרְסִיס"... OK (טרסיס)
[31.8%] #9552: "Jastrow, טְרִסְקֵל"... OK (טרסקל)
[31.8%] #9553: "Jastrow, טְרַסְקָל"... duplicate
[31.8%] #9553: "Jastrow, טְרַסְקְלִין"... OK (טרסקלין)
[31.8%] #9554: "Jastrow, טרסקמון"... OK (טרסקמון)
[31.8%] #9555: "Jastrow, טְרַעְפִּיקָא"... OK (טרעפיקא)
[31.9%] #9556: "Jastrow, טָרַף"... OK (טרף)
[31.9%] #9557: "Jastrow, טְרַף I"... duplicate
[31.9%] #9557: "Jastrow, טְרַף II"... duplicate
[31.9%] #9557: "Jastrow, טֶרֶף"... duplicate
[31.9%] #9557: "Jastrow, טָרָף"... duplicate
[31.9%] #9557: "Jastrow, טַרְפָא I"... OK (טרפא)
[31.9%] #9558: "Jastrow, טַרְפָא II"... duplicate
[31.9%] #9558: "Jastrow, טרפא"... duplicate
[31.9%] #9558: "Jastrow, טִרְפָּא"... duplicate
[31.9%] #9558: "Jastrow, טְרִפָא"... duplicate
[31.9%] #9558: "Jastrow, טַרְפוֹן"... OK (טרפון)
[31.9%] #9559: "Jastrow, טרפוניטיס"... OK (טרפוניטיס)
[31.9%] #9560: "Jastrow, טרפזין"... OK (טרפזין)
[31.9%] #9561: "Jastrow, טַרְפַּחַת"... OK (טרפחת)
[31.9%] #9562: "Jastrow, טרפידא"... OK (טרפידא)
[31.9%] #9563: "Jastrow, טְרַפִּיזָא"... OK (טרפיזא)
[31.9%] #9564: "Jastrow, טְרַפִּיזִיטֵיס"... OK (טרפיזיטיס)
[31.9%] #9565: "Jastrow, טְרַפִּיזִין"... OK (טרפיזין)
[31.9%] #9566: "Jastrow, טרפירא"... OK (טרפירא)
[31.9%] #9567: "Jastrow, טַרְפִּישָׁא"... OK (טרפישא)
[31.9%] #9568: "Jastrow, טָרָפִיתָא"... OK (טרפיתא)
[31.9%] #9569: "Jastrow, טַרְפִיתָא"... duplicate
[31.9%] #9569: "Jastrow, טִרְפֵּס"... OK (טרפס)
[31.9%] #9570: "Jastrow, טַרְפֵּס"... duplicate
[31.9%] #9570: "Jastrow, טְרַפְסִיטֵיס"... OK (טרפסיטיס)
[31.9%] #9571: "Jastrow, טַרְפְּעִיק"... OK (טרפעיק)
[31.9%] #9572: "Jastrow, טרפקעי"... OK (טרפקעי)
[31.9%] #9573: "Jastrow, טַרְפְּשָׁא"... OK (טרפשא)
[31.9%] #9574: "Jastrow, טָרַק"... OK (טרק)
[31.9%] #9575: "Jastrow, טְרַק I"... duplicate
[31.9%] #9575: "Jastrow, טְרַק II"... duplicate
[31.9%] #9575: "Jastrow, טַרְקָא"... OK (טרקא)
[31.9%] #9576: "Jastrow, טָרָקָא"... duplicate
[31.9%] #9576: "Jastrow, טרקארין"... OK (טרקארין)
[31.9%] #9577: "Jastrow, טרקווינוס"... OK (טרקווינוס)
[31.9%] #9578: "Jastrow, טַרְקוֹשׁ"... OK (טרקוש)
[31.9%] #9579: "Jastrow, טְרַקְטָא"... OK (טרקטא)
[31.9%] #9580: "Jastrow, טרקי"... OK (טרקי)
[31.9%] #9581: "Jastrow, טַרְקְיָא"... OK (טרקיא)
[31.9%] #9582: "Jastrow, טרקילין"... OK (טרקילין)
[31.9%] #9583: "Jastrow, טְרַקְלִילָא"... OK (טרקלילא)
[31.9%] #9584: "Jastrow, טְרַקְלִין"... OK (טרקלין)
[31.9%] #9585: "Jastrow, טָרְקְלָרִין"... OK (טרקלרין)
[31.9%] #9586: "Jastrow, טרקנין"... OK (טרקנין)
[32.0%] #9587: "Jastrow, טְרַקְסָאוֹת"... OK (טרקסאות)
[32.0%] #9588: "Jastrow, טְרַקְסִין"... OK (טרקסין)
[32.0%] #9589: "Jastrow, טרקסמון"... OK (טרקסמון)
[32.0%] #9590: "Jastrow, טְרַשׁ I"... OK (טרש)
[32.0%] #9591: "Jastrow, טְרַשׁ II"... duplicate
[32.0%] #9591: "Jastrow, טֶרֶשׁ"... duplicate
[32.0%] #9591: "Jastrow, טַרְשָׁא"... OK (טרשא)
[32.0%] #9592: "Jastrow, טַרְשִׁי"... OK (טרשי)
[32.0%] #9593: "Jastrow, טָשּׁ"... OK (טש)
[32.0%] #9594: "Jastrow, טִשְׁטוּשָׁא"... OK (טשטושא)
  [Saved progress: 9594 entries]
[32.0%] #9595: "Jastrow, *טַשְׁטְקֵי"... OK (טשטקי)
[32.0%] #9596: "Jastrow, טִשְׁטֵשׁ"... OK (טשטש)
[32.0%] #9597: "Jastrow, טְשֵׁי"... OK (טשי)
[32.0%] #9598: "Jastrow, טַשְׁיוּתָא"... OK (טשיותא)
[32.0%] #9599: "Jastrow, י"... OK (י)
[32.0%] #9600: "Jastrow, י׳"... duplicate
[32.0%] #9600: "Jastrow, יֵא"... OK (יא)
[32.0%] #9601: "Jastrow, יֵא ²"... duplicate
[32.0%] #9601: "Jastrow, יָאֶה"... OK (יאה)
[32.0%] #9602: "Jastrow, יָאוּ"... OK (יאו)
[32.0%] #9603: "Jastrow, יַאֲוָון"... OK (יאוון)
[32.0%] #9604: "Jastrow, יְאוֹר"... OK (יאור)
[32.0%] #9605: "Jastrow, יְאוֹרָא"... OK (יאורא)
[32.0%] #9606: "Jastrow, יֵאוּשׁ"... OK (יאוש)
[32.0%] #9607: "Jastrow, יֵאוּשָׁא"... OK (יאושא)
[32.0%] #9608: "Jastrow, יָאוּת"... OK (יאות)
[32.0%] #9609: "Jastrow, יֵאוּתָא"... OK (יאותא)
[32.0%] #9610: "Jastrow, יָאֵי"... OK (יאי)
[32.0%] #9611: "Jastrow, יָאֲיוּתָא"... OK (יאיותא)
[32.0%] #9612: "Jastrow, יָאיָיא"... OK (יאייא)
[32.0%] #9613: "Jastrow, יָאִיר"... OK (יאיר)
[32.0%] #9614: "Jastrow, יָאֲיָתָא"... OK (יאיתא)
[32.0%] #9615: "Jastrow, יָאַל"... OK (יאל)
[32.0%] #9616: "Jastrow, יאנא"... OK (יאנא)
[32.1%] #9617: "Jastrow, יָאנִיבָא"... OK (יאניבא)
[32.1%] #9618: "Jastrow, יָאסְיָן"... OK (יאסין)
[32.1%] #9619: "Jastrow, יָארוֹד"... OK (יארוד)
[32.1%] #9620: "Jastrow, יָאַשׁ"... OK (יאש)
[32.1%] #9621: "Jastrow, יְאַשׁ"... duplicate
[32.1%] #9621: "Jastrow, יֹאשִׁיָּה"... OK (יאשיה)
[32.1%] #9622: "Jastrow, יָאֲתָא"... OK (יאתא)
[32.1%] #9623: "Jastrow, יַב"... OK (יב)
[32.1%] #9624: "Jastrow, יֵבָא"... OK (יבא)
[32.1%] #9625: "Jastrow, יָבַב"... OK (יבב)
[32.1%] #9626: "Jastrow, יְבַב"... duplicate
[32.1%] #9626: "Jastrow, יבבא"... OK (יבבא)
[32.1%] #9627: "Jastrow, יַבָּבָא"... duplicate
[32.1%] #9627: "Jastrow, יַבָּבָה"... OK (יבבה)
[32.1%] #9628: "Jastrow, יַבָּבוּתָא"... OK (יבבותא)
[32.1%] #9629: "Jastrow, יבבי"... OK (יבבי)
[32.1%] #9630: "Jastrow, יַבַּבְתָּא"... OK (יבבתא)
[32.1%] #9631: "Jastrow, יְבַד"... OK (יבד)
[32.1%] #9632: "Jastrow, יְבוּל"... OK (יבול)
[32.1%] #9633: "Jastrow, יִבּוּם"... OK (יבום)
[32.1%] #9634: "Jastrow, יַבּוֹלֶת"... OK (יבולת)
[32.1%] #9635: "Jastrow, יַבְחוּשׁ"... OK (יבחוש)
[32.1%] #9636: "Jastrow, יְבִימָא"... OK (יבימא)
[32.1%] #9637: "Jastrow, יְבִימְתָּא"... OK (יבימתא)
[32.1%] #9638: "Jastrow, יְבֵישּׁ"... OK (יביש)
[32.1%] #9639: "Jastrow, יַבִּישׁ"... duplicate
[32.1%] #9639: "Jastrow, יְבֵישָׁה"... OK (יבישה)
[32.1%] #9640: "Jastrow, יַבִּישְׁתָּא"... OK (יבישתא)
[32.1%] #9641: "Jastrow, יָבַל I"... OK (יבל)
[32.1%] #9642: "Jastrow, יְבַל"... duplicate
[32.1%] #9642: "Jastrow, יָבַל II"... duplicate
[32.1%] #9642: "Jastrow, יִבְלָא I"... OK (יבלא)
[32.1%] #9643: "Jastrow, *יִבְלָא II"... duplicate
[32.1%] #9643: "Jastrow, יַבְלָא"... duplicate
[32.1%] #9643: "Jastrow, יבלונה"... OK (יבלונה)
[32.1%] #9644: "Jastrow, יַבְלִית"... OK (יבלית)
[32.1%] #9645: "Jastrow, יַבְּלָן"... OK (יבלן)
[32.1%] #9646: "Jastrow, יַבֶּלֶת"... OK (יבלת)
[32.2%] #9647: "Jastrow, יָבָם"... OK (יבם)
[32.2%] #9648: "Jastrow, יִבֵּם"... duplicate
[32.2%] #9648: "Jastrow, יַבֵּם"... duplicate
[32.2%] #9648: "Jastrow, יָבָם ²"... duplicate
[32.2%] #9648: "Jastrow, יְבָמָה"... OK (יבמה)
[32.2%] #9649: "Jastrow, יַבָּמוּת"... OK (יבמות)
[32.2%] #9650: "Jastrow, יְבַמְתָּא"... OK (יבמתא)
[32.2%] #9651: "Jastrow, יַבְנֶה"... OK (יבנה)
[32.2%] #9652: "Jastrow, יַבְּקָא"... OK (יבקא)
[32.2%] #9653: "Jastrow, יַבְרוּחַ"... OK (יברוח)
[32.2%] #9654: "Jastrow, יַבְרוּחָא"... OK (יברוחא)
[32.2%] #9655: "Jastrow, יָבֵשׁ I"... OK (יבש)
[32.2%] #9656: "Jastrow, יָבֵשׁ"... duplicate
[32.2%] #9656: "Jastrow, יָבֵשׁ II"... duplicate
[32.2%] #9656: "Jastrow, יְבֵשׁ"... duplicate
[32.2%] #9656: "Jastrow, יַבָּשָׁה"... OK (יבשה)
[32.2%] #9657: "Jastrow, יַבֶּשֶׁת"... OK (יבשת)
[32.2%] #9658: "Jastrow, יַבַּשְׁתָּא"... OK (יבשתא)
[32.2%] #9659: "Jastrow, יגא"... OK (יגא)
[32.2%] #9660: "Jastrow, יַגְדִּי"... OK (יגדי)
[32.2%] #9661: "Jastrow, יָגָה"... OK (יגה)
[32.2%] #9662: "Jastrow, יגוד"... OK (יגוד)
[32.2%] #9663: "Jastrow, יְגוּדְיָא"... OK (יגודיא)
[32.2%] #9664: "Jastrow, יָגוֹן"... OK (יגון)
[32.2%] #9665: "Jastrow, יְגוֹר"... OK (יגור)
[32.2%] #9666: "Jastrow, יגי"ל"... OK (יגיל)
[32.2%] #9667: "Jastrow, יָגֵיעַ"... OK (יגיע)
[32.2%] #9668: "Jastrow, יְגִיעַ"... duplicate
[32.2%] #9668: "Jastrow, יְגִיעָה"... OK (יגיעה)
[32.2%] #9669: "Jastrow, יג"ל"... OK (יגל)
[32.2%] #9670: "Jastrow, יָגַע"... OK (יגע)
[32.2%] #9671: "Jastrow, יָגֵעַ"... duplicate
[32.2%] #9671: "Jastrow, יָגָע"... duplicate
[32.2%] #9671: "Jastrow, יְגָר"... OK (יגר)
[32.2%] #9672: "Jastrow, יַגְרִי"... OK (יגרי)
[32.2%] #9673: "Jastrow, יָד"... OK (יד)
[32.2%] #9674: "Jastrow, יַד"... duplicate
[32.2%] #9674: "Jastrow, *יְדַד"... OK (ידד)
  [Saved progress: 9674 entries]
[32.2%] #9675: "Jastrow, יָדָה"... OK (ידה)
[32.3%] #9676: "Jastrow, יַדּוּעַ"... OK (ידוע)
[32.3%] #9677: "Jastrow, יִדּוֹעַ"... duplicate
[32.3%] #9677: "Jastrow, יָדוּעַ"... duplicate
[32.3%] #9677: "Jastrow, ידי"... OK (ידי)
[32.3%] #9678: "Jastrow, יְדִי"... duplicate
[32.3%] #9678: "Jastrow, יָדִיד"... OK (ידיד)
[32.3%] #9679: "Jastrow, יְדִידוּת"... OK (ידידות)
[32.3%] #9680: "Jastrow, יְדִיעָה"... OK (ידיעה)
[32.3%] #9681: "Jastrow, יְדִיעֲתָא"... OK (ידיעתא)
[32.3%] #9682: "Jastrow, יָדַע"... OK (ידע)
[32.3%] #9683: "Jastrow, יְדַע"... duplicate
[32.3%] #9683: "Jastrow, יִדְעוֹנִי"... OK (ידעוני)
[32.3%] #9684: "Jastrow, יְדַעְיָה"... OK (ידעיה)
[32.3%] #9685: "Jastrow, יָדְפָת"... OK (ידפת)
[32.3%] #9686: "Jastrow, יָדְקֶרֶת"... OK (ידקרת)
[32.3%] #9687: "Jastrow, יָהּ"... OK (יה)
[32.3%] #9688: "Jastrow, יָהּ II"... duplicate
[32.3%] #9688: "Jastrow, יְהַב"... OK (יהב)
[32.3%] #9689: "Jastrow, יְהָבָא"... OK (יהבא)
[32.3%] #9690: "Jastrow, יְהָבִית"... OK (יהבית)
[32.3%] #9691: "Jastrow, יַהֲדוּת"... OK (יהדות)
[32.3%] #9692: "Jastrow, יֵהוּא"... OK (יהוא)
[32.3%] #9693: "Jastrow, יְהוּד"... OK (יהוד)
[32.3%] #9694: "Jastrow, יְהוּדָא"... OK (יהודא)
[32.3%] #9695: "Jastrow, יְהוּדָאָה"... OK (יהודאה)
[32.3%] #9696: "Jastrow, *יְהוּדָאִיקִי"... OK (יהודאיקי)
[32.3%] #9697: "Jastrow, יְהוּדָאִית"... OK (יהודאית)
[32.3%] #9698: "Jastrow, יְהוּדָה"... OK (יהודה)
[32.3%] #9699: "Jastrow, יְהוּדִי"... OK (יהודי)
[32.3%] #9700: "Jastrow, יְהוּדִיָּה"... OK (יהודיה)
[32.3%] #9701: "Jastrow, *יְהוּדִינְיִי"... OK (יהודיניי)
[32.3%] #9702: "Jastrow, יְהוּדִית"... OK (יהודית)
[32.3%] #9703: "Jastrow, יהודת"... OK (יהודת)
[32.3%] #9704: "Jastrow, יְהוֹיָדָע"... OK (יהוידע)
[32.3%] #9705: "Jastrow, יְהוֹיָקִים"... OK (יהויקים)
[32.4%] #9706: "Jastrow, יְהוֹיָרִיב"... OK (יהויריב)
[32.4%] #9707: "Jastrow, יְהוֹנָתָן"... OK (יהונתן)
[32.4%] #9708: "Jastrow, יְהוֹרָם"... OK (יהורם)
[32.4%] #9709: "Jastrow, יְהוֹשׁוּעַ"... OK (יהושוע)
[32.4%] #9710: "Jastrow, יְהוֹשַׁעְיָא"... OK (יהושעיא)
[32.4%] #9711: "Jastrow, יְהוֹשָׁפָט"... OK (יהושפט)
[32.4%] #9712: "Jastrow, יהט"... OK (יהט)
[32.4%] #9713: "Jastrow, יְהִי"... OK (יהי)
[32.4%] #9714: "Jastrow, יָהִיר"... OK (יהיר)
[32.4%] #9715: "Jastrow, יָהִיר ²"... duplicate
[32.4%] #9715: "Jastrow, יְהִירוּתָא"... OK (יהירותא)
[32.4%] #9716: "Jastrow, יָהִר"... OK (יהר)
[32.4%] #9717: "Jastrow, יָהַר"... duplicate
[32.4%] #9717: "Jastrow, יְהַר"... duplicate
[32.4%] #9717: "Jastrow, יוֹאָב"... OK (יואב)
[32.4%] #9718: "Jastrow, יוֹאֵל"... OK (יואל)
[32.4%] #9719: "Jastrow, יואני"... OK (יואני)
[32.4%] #9720: "Jastrow, יוֹאָשׁ"... OK (יואש)
[32.4%] #9721: "Jastrow, יוּבְדָּנָא"... OK (יובדנא)
[32.4%] #9722: "Jastrow, יוֹבֵילָא"... OK (יובילא)
[32.4%] #9723: "Jastrow, יוֹבֵל"... OK (יובל)
[32.4%] #9724: "Jastrow, יוּבְלָא"... OK (יובלא)
[32.4%] #9725: "Jastrow, יוֹבֶלֶת"... OK (יובלת)
[32.4%] #9726: "Jastrow, יוּבְּקָא"... OK (יובקא)
[32.4%] #9727: "Jastrow, יוֹבֶשׁ"... OK (יובש)
[32.4%] #9728: "Jastrow, יוֹבְשָׁנִי"... OK (יובשני)
[32.4%] #9729: "Jastrow, יו"ד"... OK (יוד)
[32.4%] #9730: "Jastrow, יוּד"... duplicate
[32.4%] #9730: "Jastrow, יוּדָא"... OK (יודא)
[32.4%] #9731: "Jastrow, *יוּדַאי"... OK (יודאי)
[32.4%] #9732: "Jastrow, יודאפא"... OK (יודאפא)
[32.4%] #9733: "Jastrow, יוּדָה"... OK (יודה)
[32.4%] #9734: "Jastrow, יודייה"... OK (יודייה)
[32.4%] #9735: "Jastrow, יודיקי"... OK (יודיקי)
[32.5%] #9736: "Jastrow, יוּדָן"... OK (יודן)
[32.5%] #9737: "Jastrow, יוּדֵן"... duplicate
[32.5%] #9737: "Jastrow, יוּדָנָה"... OK (יודנה)
[32.5%] #9738: "Jastrow, יוֹדְפָאָה"... OK (יודפאה)
[32.5%] #9739: "Jastrow, יוֹדְפָת"... OK (יודפת)
[32.5%] #9740: "Jastrow, יודקו"... OK (יודקו)
[32.5%] #9741: "Jastrow, יוֹדְקֶרֶת"... OK (יודקרת)
[32.5%] #9742: "Jastrow, יוֹהֲרָא"... OK (יוהרא)
[32.5%] #9743: "Jastrow, יָוָון"... OK (יוון)
[32.5%] #9744: "Jastrow, יוֹזִיף"... OK (יוזיף)
[32.5%] #9745: "Jastrow, יוֹחַאי"... OK (יוחאי)
[32.5%] #9746: "Jastrow, יוֹחָנָא I"... OK (יוחנא)
[32.5%] #9747: "Jastrow, יוֹחָנָא II"... duplicate
[32.5%] #9747: "Jastrow, יוֹחָנִי"... OK (יוחני)
[32.5%] #9748: "Jastrow, יוֹחָנָן"... OK (יוחנן)
[32.5%] #9749: "Jastrow, יוֹחָס"... OK (יוחס)
[32.5%] #9750: "Jastrow, יוֹכֶבֶד"... OK (יוכבד)
[32.5%] #9751: "Jastrow, יוּכְלָא"... OK (יוכלא)
[32.5%] #9752: "Jastrow, יוֹכָנִי"... OK (יוכני)
[32.5%] #9753: "Jastrow, יָוַל"... OK (יול)
[32.5%] #9754: "Jastrow, יוּלָּד"... OK (יולד)
[32.5%] #9755: "Jastrow, יוֹלֵד"... duplicate
[32.5%] #9755: "Jastrow, יוֹלֵדָה"... OK (יולדה)
[32.5%] #9756: "Jastrow, יוֹלַדְתָּא"... OK (יולדתא)
[32.5%] #9757: "Jastrow, יוֹלֵיד"... OK (יוליד)
[32.5%] #9758: "Jastrow, *יוֹלִימְנָא"... OK (יולימנא)
[32.5%] #9759: "Jastrow, יולין"... OK (יולין)
[32.5%] #9760: "Jastrow, יוּלְפָנָא"... OK (יולפנא)
[32.5%] #9761: "Jastrow, יוֹם"... OK (יום)
[32.5%] #9762: "Jastrow, יוֹם ²"... duplicate
  [Saved progress: 9761 entries]
[32.5%] #9762: "Jastrow, יוֹמָחְרָא"... OK (יומחרא)
[32.5%] #9763: "Jastrow, יוֹמָנָא"... OK (יומנא)
[32.5%] #9764: "Jastrow, יָוֵן"... OK (יון)
[32.5%] #9765: "Jastrow, יָוָן"... duplicate
[32.5%] #9765: "Jastrow, יוֹן"... duplicate
[32.5%] #9765: "Jastrow, יְוָנָאָה"... OK (יונאה)
[32.6%] #9766: "Jastrow, יוֹנָה I"... OK (יונה)
[32.6%] #9767: "Jastrow, יוֹנָה II"... duplicate
[32.6%] #9767: "Jastrow, יונוס"... OK (יונוס)
[32.6%] #9768: "Jastrow, יְוֵנִי"... OK (יוני)
[32.6%] #9769: "Jastrow, יְוָנִי"... duplicate
[32.6%] #9769: "Jastrow, *יוֹנָס"... OK (יונס)
[32.6%] #9770: "Jastrow, יוֹנֵק"... OK (יונק)
[32.6%] #9771: "Jastrow, יוֹנְקָא"... OK (יונקא)
[32.6%] #9772: "Jastrow, יוֹנֶקֶת"... OK (יונקת)
[32.6%] #9773: "Jastrow, יוֹנְתָא"... OK (יונתא)
[32.6%] #9774: "Jastrow, יוֹנָתָן"... OK (יונתן)
[32.6%] #9775: "Jastrow, יוֹסָא"... OK (יוסא)
[32.6%] #9776: "Jastrow, יוּסְטָא"... OK (יוסטא)
[32.6%] #9777: "Jastrow, יוּסְטִינָה"... OK (יוסטינה)
[32.6%] #9778: "Jastrow, יוסטתה"... OK (יוסטתה)
[32.6%] #9779: "Jastrow, יוֹסֵי"... OK (יוסי)
[32.6%] #9780: "Jastrow, יוֹסִינָא"... OK (יוסינא)
[32.6%] #9781: "Jastrow, יוֹסֵף"... OK (יוסף)
[32.6%] #9782: "Jastrow, יוסתיניא"... OK (יוסתיניא)
[32.6%] #9783: "Jastrow, יוֹעֶזֶר"... OK (יועזר)
[32.6%] #9784: "Jastrow, יוֹפִי"... OK (יופי)
[32.6%] #9785: "Jastrow, יוֹפִיאֵל"... OK (יופיאל)
[32.6%] #9786: "Jastrow, יוֹפְיוּת"... OK (יופיות)
[32.6%] #9787: "Jastrow, יוֹצְאָנִית"... OK (יוצאנית)
[32.6%] #9788: "Jastrow, יוֹצֵאת"... OK (יוצאת)
[32.6%] #9789: "Jastrow, יוּצְפָּא"... OK (יוצפא)
[32.6%] #9790: "Jastrow, יוֹצֵר"... OK (יוצר)
[32.6%] #9791: "Jastrow, יוצרה"... OK (יוצרה)
[32.6%] #9792: "Jastrow, יוֹקֵידְתָּא"... OK (יוקידתא)
[32.6%] #9793: "Jastrow, יוֹקְיָנוֹס"... OK (יוקינוס)
[32.6%] #9794: "Jastrow, יוקפא"... OK (יוקפא)
[32.6%] #9795: "Jastrow, יוֹקֶר"... OK (יוקר)
[32.6%] #9796: "Jastrow, יוֹקְרָא"... OK (יוקרא)
[32.7%] #9797: "Jastrow, יוֹקֶרֶת"... OK (יוקרת)
[32.7%] #9798: "Jastrow, יורדא"... OK (יורדא)
[32.7%] #9799: "Jastrow, יוֹרְדְּנָא"... OK (יורדנא)
[32.7%] #9800: "Jastrow, יוֹרֶדֶת"... OK (יורדת)
[32.7%] #9801: "Jastrow, יוֹרֶה I"... OK (יורה)
[32.7%] #9802: "Jastrow, יוֹרֶה II"... duplicate
[32.7%] #9802: "Jastrow, יורית"... OK (יורית)
[32.7%] #9803: "Jastrow, יורכין"... OK (יורכין)
[32.7%] #9804: "Jastrow, יוֹרָם"... OK (יורם)
[32.7%] #9805: "Jastrow, יורם"... duplicate
[32.7%] #9805: "Jastrow, יוּרְקָא"... OK (יורקא)
[32.7%] #9806: "Jastrow, *יוּרְקָמִי"... OK (יורקמי)
[32.7%] #9807: "Jastrow, יוּרְקָנָא"... OK (יורקנא)
[32.7%] #9808: "Jastrow, יוֹרֵשׁ"... OK (יורש)
[32.7%] #9809: "Jastrow, יוֹשֶׁן"... OK (יושן)
[32.7%] #9810: "Jastrow, יוֹשֶׁר"... OK (יושר)
[32.7%] #9811: "Jastrow, יוֹתָא"... OK (יותא)
[32.7%] #9812: "Jastrow, יוֹתָם"... OK (יותם)
[32.7%] #9813: "Jastrow, יוּתָּן"... OK (יותן)
[32.7%] #9814: "Jastrow, יוֹתְפָאָה"... OK (יותפאה)
[32.7%] #9815: "Jastrow, יוֹתֵר"... OK (יותר)
[32.7%] #9816: "Jastrow, יוֹתִר"... duplicate
[32.7%] #9816: "Jastrow, יוּתְרָן"... OK (יותרן)
[32.7%] #9817: "Jastrow, יוֹתֶרֶת"... OK (יותרת)
[32.7%] #9818: "Jastrow, יְזוּפְתָּא"... OK (יזופתא)
[32.7%] #9819: "Jastrow, יְזִיף"... OK (יזיף)
[32.7%] #9820: "Jastrow, יָזַן"... OK (יזן)
[32.7%] #9821: "Jastrow, יָזַע"... OK (יזע)
[32.7%] #9822: "Jastrow, *יָזַף"... OK (יזף)
[32.7%] #9823: "Jastrow, יִזַף"... duplicate
[32.7%] #9823: "Jastrow, יַזְפָא"... OK (יזפא)
[32.7%] #9824: "Jastrow, יָזֵק"... OK (יזק)
[32.7%] #9825: "Jastrow, יְחָא"... OK (יחא)
[32.8%] #9826: "Jastrow, יָחַד"... OK (יחד)
[32.8%] #9827: "Jastrow, יְחַד"... duplicate
[32.8%] #9827: "Jastrow, יִחוּד"... OK (יחוד)
[32.8%] #9828: "Jastrow, יִחוּד ²"... duplicate
[32.8%] #9828: "Jastrow, יִחוּל"... OK (יחול)
[32.8%] #9829: "Jastrow, יִחוּס"... OK (יחוס)
[32.8%] #9830: "Jastrow, יֵחוּס"... duplicate
[32.8%] #9830: "Jastrow, יְחוּסָא"... OK (יחוסא)
[32.8%] #9831: "Jastrow, יִחוּף"... OK (יחוף)
[32.8%] #9832: "Jastrow, יָחוֹפָה"... OK (יחופה)
[32.8%] #9833: "Jastrow, יִחוּר"... OK (יחור)
[32.8%] #9834: "Jastrow, יְחֶזְקֵאל"... OK (יחזקאל)
[32.8%] #9835: "Jastrow, יָחַט"... OK (יחט)
[32.8%] #9836: "Jastrow, יְחַט"... duplicate
[32.8%] #9836: "Jastrow, יַחֲטָא"... OK (יחטא)
[32.8%] #9837: "Jastrow, יְחִי"... OK (יחי)
[32.8%] #9838: "Jastrow, יָחִיד"... OK (יחיד)
[32.8%] #9839: "Jastrow, יָחִיד ²"... duplicate
[32.8%] #9839: "Jastrow, יְחִידָאָה"... OK (יחידאה)
[32.8%] #9840: "Jastrow, יְחִידִי"... OK (יחידי)
[32.8%] #9841: "Jastrow, יְחִידִי ²"... duplicate
[32.8%] #9841: "Jastrow, יְחִידְתָּא"... OK (יחידתא)
[32.8%] #9842: "Jastrow, יחֵיף"... OK (יחיף)
[32.8%] #9843: "Jastrow, יְחֵיפָה"... OK (יחיפה)
[32.8%] #9844: "Jastrow, *יַחְכִּים"... OK (יחכים)
[32.8%] #9845: "Jastrow, יָחַל"... OK (יחל)
[32.8%] #9846: "Jastrow, *יָחַם"... OK (יחם)
[32.8%] #9847: "Jastrow, יְחַם"... duplicate
  [Saved progress: 9846 entries]
[32.8%] #9847: "Jastrow, *יַחֲמָא"... OK (יחמא)
[32.8%] #9848: "Jastrow, יַחְמוּר"... OK (יחמור)
[32.8%] #9849: "Jastrow, יַחְמוּרָא"... OK (יחמורא)
[32.8%] #9850: "Jastrow, יַחַן"... OK (יחן)
[32.8%] #9851: "Jastrow, יַחְנוּן"... OK (יחנון)
[32.8%] #9852: "Jastrow, יָחַס"... OK (יחס)
[32.8%] #9853: "Jastrow, יְחַס"... duplicate
[32.8%] #9853: "Jastrow, יַחַס"... duplicate
[32.8%] #9853: "Jastrow, יַחֲסוּתָא"... OK (יחסותא)
[32.8%] #9854: "Jastrow, יָחֵף I"... OK (יחף)
[32.8%] #9855: "Jastrow, יָחֵף"... duplicate
[32.8%] #9855: "Jastrow, יָחֵף II"... duplicate
[32.8%] #9855: "Jastrow, יְחֵף"... duplicate
[32.8%] #9855: "Jastrow, יַחַף"... duplicate
[32.8%] #9855: "Jastrow, יְטָא"... OK (יטא)
[32.9%] #9856: "Jastrow, יָטַב"... OK (יטב)
[32.9%] #9857: "Jastrow, יְטַב"... duplicate
[32.9%] #9857: "Jastrow, יָטְבַת"... OK (יטבת)
[32.9%] #9858: "Jastrow, *יְטוּר I"... OK (יטור)
[32.9%] #9859: "Jastrow, יְטוּר II"... duplicate
[32.9%] #9859: "Jastrow, יְטִי"... OK (יטי)
[32.9%] #9860: "Jastrow, יטסם"... OK (יטסם)
[32.9%] #9861: "Jastrow, יט"ת"... OK (יטת)
[32.9%] #9862: "Jastrow, יֳי"... OK (יי)
[32.9%] #9863: "Jastrow, יִי"... duplicate
[32.9%] #9863: "Jastrow, ַיי"... duplicate
[32.9%] #9863: "Jastrow, יְיָא"... OK (ייא)
[32.9%] #9864: "Jastrow, יֵיא"... duplicate
[32.9%] #9864: "Jastrow, יָיָא"... duplicate
[32.9%] #9864: "Jastrow, יֵיבָא"... OK (ייבא)
[32.9%] #9865: "Jastrow, יֵיאבָךְ"... OK (ייאבך)
[32.9%] #9866: "Jastrow, ַיְידָא"... OK (יידא)
[32.9%] #9867: "Jastrow, יִיח־"... OK (ייח)
[32.9%] #9868: "Jastrow, יְיטוּר"... OK (ייטור)
[32.9%] #9869: "Jastrow, ייכא"... OK (ייכא)
[32.9%] #9870: "Jastrow, יָילָא"... OK (יילא)
[32.9%] #9871: "Jastrow, יילעו"... OK (יילעו)
[32.9%] #9872: "Jastrow, יֵימִים"... OK (יימים)
[32.9%] #9873: "Jastrow, יֵימַר"... OK (יימר)
[32.9%] #9874: "Jastrow, יַיִן"... OK (יין)
[32.9%] #9875: "Jastrow, יָינוּבְרִיס"... OK (יינובריס)
[32.9%] #9876: "Jastrow, יִינוֹמְלִים"... OK (יינומלים)
[32.9%] #9877: "Jastrow, יִינוּן"... OK (יינון)
[32.9%] #9878: "Jastrow, יינס"... OK (יינס)
[32.9%] #9879: "Jastrow, ייס"... OK (ייס)
[32.9%] #9880: "Jastrow, יִיסּוּר"... OK (ייסור)
[32.9%] #9881: "Jastrow, *ייסי"... OK (ייסי)
[32.9%] #9882: "Jastrow, יָיעָא"... OK (ייעא)
[32.9%] #9883: "Jastrow, יִיעוּד"... OK (ייעוד)
[32.9%] #9884: "Jastrow, יִיצְפָּא"... OK (ייצפא)
[32.9%] #9885: "Jastrow, יָיקִינְטִין"... OK (ייקינטין)
[33.0%] #9886: "Jastrow, יירינון"... OK (יירינון)
[33.0%] #9887: "Jastrow, יִירָךְ"... OK (יירך)
[33.0%] #9888: "Jastrow, יַירְעִין"... OK (יירעין)
[33.0%] #9889: "Jastrow, יִישּׁוּב"... OK (יישוב)
[33.0%] #9890: "Jastrow, יֵישׁוּעַ"... OK (יישוע)
[33.0%] #9891: "Jastrow, יִישַׁר"... OK (יישר)
[33.0%] #9892: "Jastrow, יִיתּוּר"... OK (ייתור)
[33.0%] #9893: "Jastrow, יַיתֵי"... OK (ייתי)
[33.0%] #9894: "Jastrow, יַיתִּיךְ"... OK (ייתיך)
[33.0%] #9895: "Jastrow, יִיתַּם"... OK (ייתם)
[33.0%] #9896: "Jastrow, יָכוֹל"... OK (יכול)
[33.0%] #9897: "Jastrow, יְכוֹלְנִי"... OK (יכולני)
[33.0%] #9898: "Jastrow, יכולני"... duplicate
[33.0%] #9898: "Jastrow, יְכוֹלֶת"... OK (יכולת)
[33.0%] #9899: "Jastrow, יְכוּלְתָּא"... OK (יכולתא)
[33.0%] #9900: "Jastrow, יָכַח"... OK (יכח)
[33.0%] #9901: "Jastrow, יְכִיל"... OK (יכיל)
[33.0%] #9902: "Jastrow, יָכֹל"... OK (יכל)
[33.0%] #9903: "Jastrow, יכרותה"... OK (יכרותה)
[33.0%] #9904: "Jastrow, יָלָא"... OK (ילא)
[33.0%] #9905: "Jastrow, יָלַד"... OK (ילד)
[33.0%] #9906: "Jastrow, יְלֵד"... duplicate
[33.0%] #9906: "Jastrow, יֶלֶד"... duplicate
[33.0%] #9906: "Jastrow, יַלְדּוּת"... OK (ילדות)
[33.0%] #9907: "Jastrow, יַלְדּוּתָא"... OK (ילדותא)
[33.0%] #9908: "Jastrow, יַלָּדוּתָא"... duplicate
[33.0%] #9908: "Jastrow, יְלַדְתָּא"... OK (ילדתא)
[33.0%] #9909: "Jastrow, יַלִּדְתָּא"... duplicate
[33.0%] #9909: "Jastrow, יָלוּד"... OK (ילוד)
[33.0%] #9910: "Jastrow, יָלוּד ²"... duplicate
[33.0%] #9910: "Jastrow, יִלּוֹד"... duplicate
[33.0%] #9910: "Jastrow, יַלּוֹלָא"... OK (ילולא)
[33.0%] #9911: "Jastrow, יְלֵיד"... OK (יליד)
[33.0%] #9912: "Jastrow, יָלִיד"... duplicate
[33.0%] #9912: "Jastrow, יְלִיד"... duplicate
[33.0%] #9912: "Jastrow, יָלֵידְתָּא"... OK (ילידתא)
[33.0%] #9913: "Jastrow, יַלֵּיל"... OK (יליל)
[33.0%] #9914: "Jastrow, יָלֵיל"... duplicate
[33.0%] #9914: "Jastrow, יְלִילָא"... OK (ילילא)
[33.0%] #9915: "Jastrow, יְלֵילָא"... duplicate
[33.0%] #9915: "Jastrow, יִלֵּין"... OK (ילין)
[33.1%] #9916: "Jastrow, יְלֵיף"... OK (יליף)
[33.1%] #9917: "Jastrow, יָלַךְ"... OK (ילך)
[33.1%] #9918: "Jastrow, יָלַל I"... OK (ילל)
[33.1%] #9919: "Jastrow, יָלַל II"... duplicate
[33.1%] #9919: "Jastrow, יְלֵל"... duplicate
[33.1%] #9919: "Jastrow, יְלָלָא"... OK (יללא)
[33.1%] #9920: "Jastrow, יְלָלָה"... OK (יללה)
[33.1%] #9921: "Jastrow, יְלַלְתָּא"... OK (יללתא)
  [Saved progress: 9921 entries]
[33.1%] #9922: "Jastrow, *ילע"... OK (ילע)
[33.1%] #9923: "Jastrow, יְלֵף"... OK (ילף)
[33.1%] #9924: "Jastrow, יִלְפָא"... OK (ילפא)
[33.1%] #9925: "Jastrow, יַלֶּפֶת"... OK (ילפת)
[33.1%] #9926: "Jastrow, יֶלֶק"... OK (ילק)
[33.1%] #9927: "Jastrow, ילקן"... OK (ילקן)
[33.1%] #9928: "Jastrow, יַלְתָּא"... OK (ילתא)
[33.1%] #9929: "Jastrow, יָם"... OK (ים)
[33.1%] #9930: "Jastrow, יַמָּא"... OK (ימא)
[33.1%] #9931: "Jastrow, יַמְבְּרִיס"... OK (ימבריס)
[33.1%] #9932: "Jastrow, יַמָּה"... OK (ימה)
[33.1%] #9933: "Jastrow, יְמוֹת"... OK (ימות)
[33.1%] #9934: "Jastrow, יַמֵּי"... OK (ימי)
[33.1%] #9935: "Jastrow, יְמֵי"... duplicate
[33.1%] #9935: "Jastrow, יָמִים"... OK (ימים)
[33.1%] #9936: "Jastrow, *יֵמִים"... duplicate
[33.1%] #9936: "Jastrow, יָמִין"... OK (ימין)
[33.1%] #9937: "Jastrow, יַמִּינָא"... OK (ימינא)
[33.1%] #9938: "Jastrow, יְמִינִי"... OK (ימיני)
[33.1%] #9939: "Jastrow, יְמָם"... OK (ימם)
[33.1%] #9940: "Jastrow, יְמָמָא"... OK (יממא)
[33.1%] #9941: "Jastrow, יַמְמֵי"... OK (יממי)
[33.1%] #9942: "Jastrow, יממיא"... OK (יממיא)
[33.1%] #9943: "Jastrow, יָמַן"... OK (ימן)
[33.1%] #9944: "Jastrow, יְמַן"... duplicate
[33.1%] #9944: "Jastrow, יְמָנִי"... OK (ימני)
[33.1%] #9945: "Jastrow, יְמַס"... OK (ימס)
[33.1%] #9946: "Jastrow, יָמַר"... OK (ימר)
[33.2%] #9947: "Jastrow, יַמרִיס"... OK (ימריס)
[33.2%] #9948: "Jastrow, יְנָא"... OK (ינא)
[33.2%] #9949: "Jastrow, יַנַּאי"... OK (ינאי)
[33.2%] #9950: "Jastrow, יָנָה"... OK (ינה)
[33.2%] #9951: "Jastrow, יָנוּבְרִיס"... OK (ינובריס)
[33.2%] #9952: "Jastrow, יִנוּן"... OK (ינון)
[33.2%] #9953: "Jastrow, יִנּוֹן"... duplicate
[33.2%] #9953: "Jastrow, יָנוּקָא I"... OK (ינוקא)
[33.2%] #9954: "Jastrow, יָנוּקָא II"... duplicate
[33.2%] #9954: "Jastrow, יַנּוֹקָא"... duplicate
[33.2%] #9954: "Jastrow, יָנוּקְתָּא"... OK (ינוקתא)
[33.2%] #9955: "Jastrow, יָנַח"... OK (ינח)
[33.2%] #9956: "Jastrow, יני"... OK (יני)
[33.2%] #9957: "Jastrow, יְנִי I"... duplicate
[33.2%] #9957: "Jastrow, יְנִי II"... duplicate
[33.2%] #9957: "Jastrow, יָנִיבָא"... OK (יניבא)
[33.2%] #9958: "Jastrow, יניכא"... OK (יניכא)
[33.2%] #9959: "Jastrow, יַנִּיס"... OK (יניס)
[33.2%] #9960: "Jastrow, יַנִּיק"... OK (יניק)
[33.2%] #9961: "Jastrow, *יָנַן"... OK (ינן)
[33.2%] #9962: "Jastrow, יְנַץ"... OK (ינץ)
[33.2%] #9963: "Jastrow, יָנַק"... OK (ינק)
[33.2%] #9964: "Jastrow, יְנַק"... duplicate
[33.2%] #9964: "Jastrow, יַנְקָא I"... OK (ינקא)
[33.2%] #9965: "Jastrow, יַנְקָא II"... duplicate
[33.2%] #9965: "Jastrow, יַנְקוּתָא"... OK (ינקותא)
[33.2%] #9966: "Jastrow, יַנְקָנָא"... OK (ינקנא)
[33.2%] #9967: "Jastrow, יַסָּא"... OK (יסא)
[33.2%] #9968: "Jastrow, יָסַד"... OK (יסד)
[33.2%] #9969: "Jastrow, יְסַד"... duplicate
[33.2%] #9969: "Jastrow, יַסָּה"... OK (יסה)
[33.2%] #9970: "Jastrow, יִסּוּד"... OK (יסוד)
[33.2%] #9971: "Jastrow, יְסוֹד"... duplicate
[33.2%] #9971: "Jastrow, יְסוֹדָא"... OK (יסודא)
[33.2%] #9972: "Jastrow, *יִסּוֹף"... OK (יסוף)
[33.2%] #9973: "Jastrow, יִסּוּר"... OK (יסור)
[33.2%] #9974: "Jastrow, יִסּוּרָא"... OK (יסורא)
[33.2%] #9975: "Jastrow, יָסַט"... OK (יסט)
[33.3%] #9976: "Jastrow, יסטיבס"... OK (יסטיבס)
[33.3%] #9977: "Jastrow, *יַסֵּי"... OK (יסי)
[33.3%] #9978: "Jastrow, יסיח"... OK (יסיח)
[33.3%] #9979: "Jastrow, יִסְכָּה"... OK (יסכה)
[33.3%] #9980: "Jastrow, יָסַם"... OK (יסם)
[33.3%] #9981: "Jastrow, יַסְמִין"... OK (יסמין)
[33.3%] #9982: "Jastrow, יָסַף"... OK (יסף)
[33.3%] #9983: "Jastrow, יְסַף"... duplicate
[33.3%] #9983: "Jastrow, יָסַר"... OK (יסר)
[33.3%] #9984: "Jastrow, יְסַר"... duplicate
[33.3%] #9984: "Jastrow, *יָסַת"... OK (יסת)
[33.3%] #9985: "Jastrow, יְעָא"... OK (יעא)
[33.3%] #9986: "Jastrow, יָעָא"... duplicate
[33.3%] #9986: "Jastrow, יַעְבֵּץ"... OK (יעבץ)
[33.3%] #9987: "Jastrow, יָעַד"... OK (יעד)
[33.3%] #9988: "Jastrow, יְעַד"... duplicate
[33.3%] #9988: "Jastrow, יְעָדָה"... OK (יעדה)
[33.3%] #9989: "Jastrow, יַעֲדוּט"... OK (יעדוט)
[33.3%] #9990: "Jastrow, יִעוּד"... OK (יעוד)
[33.3%] #9991: "Jastrow, יַעְזֵק"... OK (יעזק)
[33.3%] #9992: "Jastrow, יְעַט"... OK (יעט)
[33.3%] #9993: "Jastrow, יְעִידָה"... OK (יעידה)
[33.3%] #9994: "Jastrow, יְעֵילָא"... OK (יעילא)
[33.3%] #9995: "Jastrow, *יָעַל"... OK (יעל)
[33.3%] #9996: "Jastrow, יָעֵל I"... duplicate
[33.3%] #9996: "Jastrow, יָעֵל II"... duplicate
[33.3%] #9996: "Jastrow, יַעֲלָא"... OK (יעלא)
[33.3%] #9997: "Jastrow, יְעֵלָה"... OK (יעלה)
[33.3%] #9998: "Jastrow, יַעַן"... OK (יען)
[33.3%] #9999: "Jastrow, יַעֲנָה"... OK (יענה)
[33.3%] #10000: "Jastrow, *יָעֵף"... OK (יעף)
[33.3%] #10001: "Jastrow, יָעַץ"... OK (יעץ)
[33.3%] #10002: "Jastrow, יְעַץ"... duplicate
[33.3%] #10002: "Jastrow, *יְעַק"... OK (יעק)
  [Saved progress: 10002 entries]
[33.3%] #10003: "Jastrow, יַעֲקֹב"... OK (יעקב)
[33.3%] #10004: "Jastrow, יַעַר"... OK (יער)
[33.3%] #10005: "Jastrow, יַעְרָא I"... OK (יערא)
[33.4%] #10006: "Jastrow, יַעְרָא II"... duplicate
[33.4%] #10006: "Jastrow, יָפֶה"... OK (יפה)
[33.4%] #10007: "Jastrow, יִפָּה"... duplicate
[33.4%] #10007: "Jastrow, יָפוֹ"... OK (יפו)
[33.4%] #10008: "Jastrow, יִפּוּי"... OK (יפוי)
[33.4%] #10009: "Jastrow, *יַפַּח"... OK (יפח)
[33.4%] #10010: "Jastrow, יָפְיוּת"... OK (יפיות)
[33.4%] #10011: "Jastrow, יְפֵיפָה"... OK (יפיפה)
[33.4%] #10012: "Jastrow, יָפְיָפוּת"... OK (יפיפות)
[33.4%] #10013: "Jastrow, יְפֵיפִי"... OK (יפיפי)
[33.4%] #10014: "Jastrow, יְפִיפְיָהּ"... OK (יפיפיה)
[33.4%] #10015: "Jastrow, יָפַךְ"... OK (יפך)
[33.4%] #10016: "Jastrow, יָפַע"... OK (יפע)
[33.4%] #10017: "Jastrow, יְפַע"... duplicate
[33.4%] #10017: "Jastrow, יֶפֶת"... OK (יפת)
[33.4%] #10018: "Jastrow, יִפְתָּח"... OK (יפתח)
[33.4%] #10019: "Jastrow, יָצָא"... OK (יצא)
[33.4%] #10020: "Jastrow, יצָא"... duplicate
[33.4%] #10020: "Jastrow, יצאה"... OK (יצאה)
[33.4%] #10021: "Jastrow, יָצַב"... OK (יצב)
[33.4%] #10022: "Jastrow, יְצַב"... duplicate
[33.4%] #10022: "Jastrow, יִצְהָר I"... OK (יצהר)
[33.4%] #10023: "Jastrow, יִצְהָר II"... duplicate
[33.4%] #10023: "Jastrow, *יָצוּל"... OK (יצול)
[33.4%] #10024: "Jastrow, יָצוּעַ"... OK (יצוע)
[33.4%] #10025: "Jastrow, יָצוּק"... OK (יצוק)
[33.4%] #10026: "Jastrow, יָצוּר"... OK (יצור)
[33.4%] #10027: "Jastrow, יִצְחָק"... OK (יצחק)
[33.4%] #10028: "Jastrow, יְצִיאָה"... OK (יציאה)
[33.4%] #10029: "Jastrow, יַצִּיב"... OK (יציב)
[33.4%] #10030: "Jastrow, יַצִּיב ²"... duplicate
[33.4%] #10030: "Jastrow, יְצִיבָה"... OK (יציבה)
[33.4%] #10031: "Jastrow, יצידין"... OK (יצידין)
[33.4%] #10032: "Jastrow, יָצִיעַ I"... OK (יציע)
[33.4%] #10033: "Jastrow, יָצִיעַ II"... duplicate
[33.4%] #10033: "Jastrow, יְצֵיף"... OK (יציף)
[33.4%] #10034: "Jastrow, יציציין"... OK (יציציין)
[33.4%] #10035: "Jastrow, יְצִיקָה"... OK (יציקה)
[33.5%] #10036: "Jastrow, יְצִיר"... OK (יציר)
[33.5%] #10037: "Jastrow, יְצִירָה"... OK (יצירה)
[33.5%] #10038: "Jastrow, *יְצִירִין"... OK (יצירין)
[33.5%] #10039: "Jastrow, יָצַע"... OK (יצע)
[33.5%] #10040: "Jastrow, יְצַע"... duplicate
[33.5%] #10040: "Jastrow, יְצָעִים"... OK (יצעים)
[33.5%] #10041: "Jastrow, *יָצָף"... OK (יצף)
[33.5%] #10042: "Jastrow, יָצַף"... duplicate
[33.5%] #10042: "Jastrow, יְצֵף"... duplicate
[33.5%] #10042: "Jastrow, יְצַף"... duplicate
[33.5%] #10042: "Jastrow, יָצַק"... OK (יצק)
[33.5%] #10043: "Jastrow, יָצַר"... OK (יצר)
[33.5%] #10044: "Jastrow, יְצַר"... duplicate
[33.5%] #10044: "Jastrow, יֵצֶר"... duplicate
[33.5%] #10044: "Jastrow, יֵצֶר ²"... duplicate
[33.5%] #10044: "Jastrow, יָצַת"... OK (יצת)
[33.5%] #10045: "Jastrow, *יָקָא"... OK (יקא)
[33.5%] #10046: "Jastrow, יָקַב"... OK (יקב)
[33.5%] #10047: "Jastrow, יֶקֶב"... duplicate
[33.5%] #10047: "Jastrow, יָקַד"... OK (יקד)
[33.5%] #10048: "Jastrow, יְקַד"... duplicate
[33.5%] #10048: "Jastrow, יְקֵדָא"... OK (יקדא)
[33.5%] #10049: "Jastrow, יָקֶה"... OK (יקה)
[33.5%] #10050: "Jastrow, *יְקוֹד"... OK (יקוד)
[33.5%] #10051: "Jastrow, יָקוּם"... OK (יקום)
[33.5%] #10052: "Jastrow, יְקוּם"... duplicate
[33.5%] #10052: "Jastrow, יְקוּמָא"... OK (יקומא)
[33.5%] #10053: "Jastrow, יקומוני"... OK (יקומוני)
[33.5%] #10054: "Jastrow, יָקוּשׁ"... OK (יקוש)
[33.5%] #10055: "Jastrow, יְקֵיד"... OK (יקיד)
[33.5%] #10056: "Jastrow, יָקִיד"... duplicate
[33.5%] #10056: "Jastrow, יְקֵידָא"... OK (יקידא)
[33.5%] #10057: "Jastrow, יְקִידָה"... OK (יקידה)
[33.5%] #10058: "Jastrow, יְקֵידוּתָא"... OK (יקידותא)
[33.5%] #10059: "Jastrow, יְקִידְתָּא"... OK (יקידתא)
[33.5%] #10060: "Jastrow, יָקִים"... OK (יקים)
[33.5%] #10061: "Jastrow, יָקִינְטִין"... OK (יקינטין)
[33.5%] #10062: "Jastrow, יַקִּיר"... OK (יקיר)
[33.5%] #10063: "Jastrow, יַקִּיר ²"... duplicate
[33.5%] #10063: "Jastrow, יַקִּירוּ"... OK (יקירו)
[33.5%] #10064: "Jastrow, יקירן"... OK (יקירן)
[33.5%] #10065: "Jastrow, *יֶקֶם"... OK (יקם)
[33.6%] #10066: "Jastrow, יִקְנָאוֹת"... OK (יקנאות)
[33.6%] #10067: "Jastrow, יָקַר"... OK (יקר)
[33.6%] #10068: "Jastrow, יְקַר"... duplicate
[33.6%] #10068: "Jastrow, יָקָר"... duplicate
[33.6%] #10068: "Jastrow, יְקָר"... duplicate
[33.6%] #10068: "Jastrow, יְקָר ²"... duplicate
[33.6%] #10068: "Jastrow, יַקִּר"... duplicate
[33.6%] #10068: "Jastrow, יַקְרוּת"... OK (יקרות)
[33.6%] #10069: "Jastrow, יקרי"... OK (יקרי)
[33.6%] #10070: "Jastrow, יְקַרְתָּא"... OK (יקרתא)
[33.6%] #10071: "Jastrow, יָקַשׁ"... OK (יקש)
[33.6%] #10072: "Jastrow, יַקְשָׁן"... OK (יקשן)
[33.6%] #10073: "Jastrow, יָרֵא"... OK (ירא)
[33.6%] #10074: "Jastrow, יִרְאָה"... OK (יראה)
[33.6%] #10075: "Jastrow, יָראוּי"... OK (יראוי)
[33.6%] #10076: "Jastrow, יַרְבּוּז"... OK (ירבוז)
[33.6%] #10077: "Jastrow, יַרְבּוּזָא"... OK (ירבוזא)
  [Saved progress: 10077 entries]
[33.6%] #10078: "Jastrow, יָרָבְעָם"... OK (ירבעם)
[33.6%] #10079: "Jastrow, יָרַד"... OK (ירד)
[33.6%] #10080: "Jastrow, ירדינון"... OK (ירדינון)
[33.6%] #10081: "Jastrow, יַרְדֵּן"... OK (ירדן)
[33.6%] #10082: "Jastrow, יַרְדְּנָא"... OK (ירדנא)
[33.6%] #10083: "Jastrow, יָרָה"... OK (ירה)
[33.6%] #10084: "Jastrow, *יְרוֹאָר"... OK (ירואר)
[33.6%] #10085: "Jastrow, יָרוּד"... OK (ירוד)
[33.6%] #10086: "Jastrow, *יָרוֹד I"... duplicate
[33.6%] #10086: "Jastrow, יָרוֹד II"... duplicate
[33.6%] #10086: "Jastrow, יָרוֹד"... duplicate
[33.6%] #10086: "Jastrow, ירוית"... OK (ירוית)
[33.6%] #10087: "Jastrow, יָרוֹק"... OK (ירוק)
[33.6%] #10088: "Jastrow, יָרוֹק ²"... duplicate
[33.6%] #10088: "Jastrow, ירָוֹקָה"... OK (ירוקה)
[33.6%] #10089: "Jastrow, ירוקמי"... OK (ירוקמי)
[33.6%] #10090: "Jastrow, יֵרוֹקָנָא"... OK (ירוקנא)
[33.6%] #10091: "Jastrow, יְרוֹקֶת"... OK (ירוקת)
[33.6%] #10092: "Jastrow, יְרוּקְתָּא"... OK (ירוקתא)
[33.6%] #10093: "Jastrow, יָרוֹר"... OK (ירור)
[33.6%] #10094: "Jastrow, יְרוּשָּׁה"... OK (ירושה)
[33.6%] #10095: "Jastrow, יְרוּשָׁלַיִם"... OK (ירושלים)
[33.7%] #10096: "Jastrow, יְרוּשְׁלֵם"... OK (ירושלם)
[33.7%] #10097: "Jastrow, יְרוּשַׁלְמִי"... OK (ירושלמי)
[33.7%] #10098: "Jastrow, יָרוֹתָא"... OK (ירותא)
[33.7%] #10099: "Jastrow, יְרוּתָּא"... duplicate
[33.7%] #10099: "Jastrow, יָרֵחַ"... OK (ירח)
[33.7%] #10100: "Jastrow, יֶרַח"... duplicate
[33.7%] #10100: "Jastrow, יְרַח"... duplicate
[33.7%] #10100: "Jastrow, יְרֵחוֹ"... OK (ירחו)
[33.7%] #10101: "Jastrow, יַרְחִינָאָה"... OK (ירחינאה)
[33.7%] #10102: "Jastrow, ירי"... OK (ירי)
[33.7%] #10103: "Jastrow, ירי ²"... duplicate
[33.7%] #10103: "Jastrow, יִרִי"... duplicate
[33.7%] #10103: "Jastrow, יְרֵיאָה"... OK (יריאה)
[33.7%] #10104: "Jastrow, יָרִיד"... OK (יריד)
[33.7%] #10105: "Jastrow, יְרִידָה I"... OK (ירידה)
[33.7%] #10106: "Jastrow, יְרִידָה II"... duplicate
[33.7%] #10106: "Jastrow, יְרִיָיה"... OK (ירייה)
[33.7%] #10107: "Jastrow, יָרֵיךְ"... OK (יריך)
[33.7%] #10108: "Jastrow, יְרֵיכוֹנָא"... OK (יריכונא)
[33.7%] #10109: "Jastrow, ירינון"... OK (ירינון)
[33.7%] #10110: "Jastrow, יְרִיעָה"... OK (יריעה)
[33.7%] #10111: "Jastrow, יְרִיעֲתָא"... OK (יריעתא)
[33.7%] #10112: "Jastrow, יְרִיקָה"... OK (יריקה)
[33.7%] #10113: "Jastrow, יְרֵית"... OK (ירית)
[33.7%] #10114: "Jastrow, יָרֵךְ"... OK (ירך)
[33.7%] #10115: "Jastrow, יְרַךְ"... duplicate
[33.7%] #10115: "Jastrow, יַרְכוּנָא"... OK (ירכונא)
[33.7%] #10116: "Jastrow, יַרְמוּךְ"... OK (ירמוך)
[33.7%] #10117: "Jastrow, יַרְמַטְיָא"... OK (ירמטיא)
[33.7%] #10118: "Jastrow, יִרְמְיָה"... OK (ירמיה)
[33.7%] #10119: "Jastrow, ירנקא"... OK (ירנקא)
[33.7%] #10120: "Jastrow, יִרְסָא"... OK (ירסא)
[33.7%] #10121: "Jastrow, יָרַע"... OK (ירע)
[33.7%] #10122: "Jastrow, ירַע"... duplicate
[33.7%] #10122: "Jastrow, *יַרְעָנָה"... OK (ירענה)
[33.7%] #10123: "Jastrow, יָרַק I"... OK (ירק)
[33.7%] #10124: "Jastrow, יְרַק"... duplicate
[33.7%] #10124: "Jastrow, יָרַק II"... duplicate
[33.7%] #10124: "Jastrow, יְרַק ²"... duplicate
[33.7%] #10124: "Jastrow, יֶרֶק"... duplicate
[33.7%] #10124: "Jastrow, יַרְקָא"... OK (ירקא)
[33.7%] #10125: "Jastrow, ירקומי"... OK (ירקומי)
[33.8%] #10126: "Jastrow, יֵרָקוֹן"... OK (ירקון)
[33.8%] #10127: "Jastrow, יַרְקוֹנָא"... OK (ירקונא)
[33.8%] #10128: "Jastrow, יְרָקוֹנָא"... duplicate
[33.8%] #10128: "Jastrow, יַרְקָן"... OK (ירקן)
[33.8%] #10129: "Jastrow, יַרְקָנָא"... OK (ירקנא)
[33.8%] #10130: "Jastrow, יְרַקְרוֹקֶת"... OK (ירקרוקת)
[33.8%] #10131: "Jastrow, יְרַקְרֵיקָא"... OK (ירקריקא)
[33.8%] #10132: "Jastrow, יְרַקְרַק"... OK (ירקרק)
[33.8%] #10133: "Jastrow, יַרְקְתָא"... OK (ירקתא)
[33.8%] #10134: "Jastrow, יָרַשׁ"... OK (ירש)
[33.8%] #10135: "Jastrow, יְרֵת"... OK (ירת)
[33.8%] #10136: "Jastrow, יַרְתָא"... OK (ירתא)
[33.8%] #10137: "Jastrow, יְרֻתָּא"... duplicate
[33.8%] #10137: "Jastrow, יֵרְתוּ"... OK (ירתו)
[33.8%] #10138: "Jastrow, יֵשׁ"... OK (יש)
[33.8%] #10139: "Jastrow, יָשַׁב"... OK (ישב)
[33.8%] #10140: "Jastrow, יְשַׁב"... duplicate
[33.8%] #10140: "Jastrow, יֶשֶׁבְאָב"... OK (ישבאב)
[33.8%] #10141: "Jastrow, יְשֵׁבָב"... OK (ישבב)
[33.8%] #10142: "Jastrow, יִשְׁבִּי"... OK (ישבי)
[33.8%] #10143: "Jastrow, יֵשׁוּ"... OK (ישו)
[33.8%] #10144: "Jastrow, יִשּׁוּב"... OK (ישוב)
[33.8%] #10145: "Jastrow, יִשְׁוִין"... OK (ישוין)
[33.8%] #10146: "Jastrow, יִשּׁוּן"... OK (ישון)
[33.8%] #10147: "Jastrow, יֵשׁוּעַ"... OK (ישוע)
[33.8%] #10148: "Jastrow, יְשׁוּעָה"... OK (ישועה)
[33.8%] #10149: "Jastrow, *יָשַׁט"... OK (ישט)
[33.8%] #10150: "Jastrow, יְשַׁט"... duplicate
[33.8%] #10150: "Jastrow, יִשַׁי"... OK (ישי)
[33.8%] #10151: "Jastrow, יְשִׁיבָה"... OK (ישיבה)
[33.8%] #10152: "Jastrow, *יְשִׁיוִין"... OK (ישיוין)
[33.8%] #10153: "Jastrow, יְשִׁיטָא"... OK (ישיטא)
[33.8%] #10154: "Jastrow, יְשֵׁינ־"... OK (ישינ)
[33.8%] #10155: "Jastrow, יָשִׁישׁ"... OK (ישיש)
[33.9%] #10156: "Jastrow, יִשְׁמָעֵאל"... OK (ישמעאל)
[33.9%] #10157: "Jastrow, יִשְׁמְעֵאלִי"... OK (ישמעאלי)
  [Saved progress: 10157 entries]
[33.9%] #10158: "Jastrow, יָשֵׁן I"... OK (ישן)
[33.9%] #10159: "Jastrow, יָשֵׁן II"... duplicate
[33.9%] #10159: "Jastrow, יָשַׁן"... duplicate
[33.9%] #10159: "Jastrow, יָשָׁן"... duplicate
[33.9%] #10159: "Jastrow, יָשַׁע"... OK (ישע)
[33.9%] #10160: "Jastrow, *יְשַׁף"... OK (ישף)
[33.9%] #10161: "Jastrow, יָשְׁפֵּה"... OK (ישפה)
[33.9%] #10162: "Jastrow, יָשַׁר"... OK (ישר)
[33.9%] #10163: "Jastrow, יְשַׁר"... duplicate
[33.9%] #10163: "Jastrow, יָשָׁר"... duplicate
[33.9%] #10163: "Jastrow, יַשְׁרָא"... OK (ישרא)
[33.9%] #10164: "Jastrow, יִשְׂרָאֵל"... OK (ישראל)
[33.9%] #10165: "Jastrow, יִשְׂרְאֵלִי"... OK (ישראלי)
[33.9%] #10166: "Jastrow, יַשְׁרוּת"... OK (ישרות)
[33.9%] #10167: "Jastrow, יַשְׁרוּתָא"... OK (ישרותא)
[33.9%] #10168: "Jastrow, יַת"... OK (ית)
[33.9%] #10169: "Jastrow, יתֵב"... OK (יתב)
[33.9%] #10170: "Jastrow, יְתֵב II"... duplicate
[33.9%] #10170: "Jastrow, יָתֵב"... duplicate
[33.9%] #10170: "Jastrow, יָתְבָא"... OK (יתבא)
[33.9%] #10171: "Jastrow, יָתֵד"... OK (יתד)
[33.9%] #10172: "Jastrow, יָתוֹבָא"... OK (יתובא)
[33.9%] #10173: "Jastrow, יִתּוּבָא"... duplicate
[33.9%] #10173: "Jastrow, יַתּוּךְ"... OK (יתוך)
[33.9%] #10174: "Jastrow, יָתוֹם"... OK (יתום)
[33.9%] #10175: "Jastrow, יָתוֹם ²"... duplicate
[33.9%] #10175: "Jastrow, יִתּוּר"... OK (יתור)
[33.9%] #10176: "Jastrow, יִתּוּרָא"... OK (יתורא)
[33.9%] #10177: "Jastrow, יַתּוּשׁ"... OK (יתוש)
[33.9%] #10178: "Jastrow, יַתּוּשָׁא"... OK (יתושא)
[33.9%] #10179: "Jastrow, יֵתֵי"... OK (יתי)
[33.9%] #10180: "Jastrow, יְתֵיב"... OK (יתיב)
[33.9%] #10181: "Jastrow, יָתֵיב"... duplicate
[33.9%] #10181: "Jastrow, יָתֵיבְתָּא"... OK (יתיבתא)
[33.9%] #10182: "Jastrow, יְתֵידָה"... OK (יתידה)
[33.9%] #10183: "Jastrow, יַתְיַין"... OK (יתיין)
[33.9%] #10184: "Jastrow, יַתִּיךְ"... OK (יתיך)
[33.9%] #10185: "Jastrow, יְתִימְתָּא"... OK (יתימתא)
[34.0%] #10186: "Jastrow, יַתְיַן"... OK (יתין)
[34.0%] #10187: "Jastrow, יַתִינְיָא"... OK (יתיניא)
[34.0%] #10188: "Jastrow, יָתֵיר"... OK (יתיר)
[34.0%] #10189: "Jastrow, יַתִּור I"... duplicate
[34.0%] #10189: "Jastrow, יַתִּיר II"... duplicate
[34.0%] #10189: "Jastrow, יְתֵירָא"... OK (יתירא)
[34.0%] #10190: "Jastrow, יְתֵירָה"... OK (יתירה)
[34.0%] #10191: "Jastrow, יַתִּירְתָּא"... OK (יתירתא)
[34.0%] #10192: "Jastrow, *יתך"... OK (יתך)
[34.0%] #10193: "Jastrow, יָתַם"... OK (יתם)
[34.0%] #10194: "Jastrow, יִתַּם"... duplicate
[34.0%] #10194: "Jastrow, יתניא"... OK (יתניא)
[34.0%] #10195: "Jastrow, יָתַר"... OK (יתר)
[34.0%] #10196: "Jastrow, יְתַר"... duplicate
[34.0%] #10196: "Jastrow, יָתֵר"... duplicate
[34.0%] #10196: "Jastrow, יֶתֶר I"... duplicate
[34.0%] #10196: "Jastrow, יֶתֶר II"... duplicate
[34.0%] #10196: "Jastrow, יִתְרָא"... OK (יתרא)
[34.0%] #10197: "Jastrow, יִתְרָא II"... duplicate
[34.0%] #10197: "Jastrow, יְתִרָה"... OK (יתרה)
[34.0%] #10198: "Jastrow, יִתְרוֹ"... OK (יתרו)
[34.0%] #10199: "Jastrow, יִתְרוֹן"... OK (יתרון)
[34.0%] #10200: "Jastrow, יִתְרָן"... OK (יתרן)
[34.0%] #10201: "Jastrow, יְתֶרֶת"... OK (יתרת)
[34.0%] #10202: "Jastrow, כ"... OK (כ)
[34.0%] #10203: "Jastrow, כ׳"... duplicate
[34.0%] #10203: "Jastrow, כְּ־"... duplicate
[34.0%] #10203: "Jastrow, כָּא"... OK (כא)
[34.0%] #10204: "Jastrow, כָּאֵב"... OK (כאב)
[34.0%] #10205: "Jastrow, כְּאֵב I"... duplicate
[34.0%] #10205: "Jastrow, כְּאֵב II"... duplicate
[34.0%] #10205: "Jastrow, כְּאֵבָא"... OK (כאבא)
[34.0%] #10206: "Jastrow, כאגני"... OK (כאגני)
[34.0%] #10207: "Jastrow, כַּאֲוָותָא"... OK (כאוותא)
[34.0%] #10208: "Jastrow, כָּאוּר"... OK (כאור)
[34.0%] #10209: "Jastrow, כְּאוֹרָה"... OK (כאורה)
[34.0%] #10210: "Jastrow, כָּאוֶרֶת"... OK (כאורת)
[34.0%] #10211: "Jastrow, כְּאֵי"... OK (כאי)
[34.0%] #10212: "Jastrow, כְּאֵיבָא"... OK (כאיבא)
[34.0%] #10213: "Jastrow, כָּאִיל"... OK (כאיל)
[34.0%] #10214: "Jastrow, כָּאִיף"... OK (כאיף)
[34.0%] #10215: "Jastrow, כְּאֵיצַד"... OK (כאיצד)
[34.1%] #10216: "Jastrow, כָּאלָא"... OK (כאלא)
[34.1%] #10217: "Jastrow, כאליריקין"... OK (כאליריקין)
[34.1%] #10218: "Jastrow, כאמי"... OK (כאמי)
[34.1%] #10219: "Jastrow, כַּאַן"... OK (כאן)
[34.1%] #10220: "Jastrow, כַּאר"... OK (כאר)
[34.1%] #10221: "Jastrow, כָּאַר"... duplicate
[34.1%] #10221: "Jastrow, כַּבָּא"... OK (כבא)
[34.1%] #10222: "Jastrow, כֻּבָּא"... duplicate
[34.1%] #10222: "Jastrow, כבאי"... OK (כבאי)
[34.1%] #10223: "Jastrow, כְּבָאסָא"... OK (כבאסא)
[34.1%] #10224: "Jastrow, *כְּבַב"... OK (כבב)
[34.1%] #10225: "Jastrow, כַּבָּבָא"... OK (כבבא)
[34.1%] #10226: "Jastrow, כָּבֵד I"... OK (כבד)
[34.1%] #10227: "Jastrow, כְּבַד"... duplicate
[34.1%] #10227: "Jastrow, כֹּבֶד"... duplicate
[34.1%] #10227: "Jastrow, כָּבֵד II"... duplicate
[34.1%] #10227: "Jastrow, כָּבֵד III"... duplicate
[34.1%] #10227: "Jastrow, כַּבְדָּא"... OK (כבדא)
[34.1%] #10228: "Jastrow, כָּבָה"... OK (כבה)
[34.1%] #10229: "Jastrow, כָּבוֹד"... OK (כבוד)
  [Saved progress: 10229 entries]
[34.1%] #10230: "Jastrow, כִּבּוּד"... duplicate
[34.1%] #10230: "Jastrow, *כְּבוּיָא"... OK (כבויא)
[34.1%] #10231: "Jastrow, כָּבוּל I"... OK (כבול)
[34.1%] #10232: "Jastrow, כָּבוּל II"... duplicate
[34.1%] #10232: "Jastrow, כְּבוּנָא"... OK (כבונא)
[34.1%] #10233: "Jastrow, כִּבּוּס"... OK (כבוס)
[34.1%] #10234: "Jastrow, כְּבוּסָה"... OK (כבוסה)
[34.1%] #10235: "Jastrow, כבוסין"... OK (כבוסין)
[34.1%] #10236: "Jastrow, כִּבּוּשׁ"... OK (כבוש)
[34.1%] #10237: "Jastrow, כבי"... OK (כבי)
[34.1%] #10238: "Jastrow, כְּבִי"... duplicate
[34.1%] #10238: "Jastrow, כְּבֵיד־"... OK (כביד)
[34.1%] #10239: "Jastrow, כְּבֵינָא"... OK (כבינא)
[34.1%] #10240: "Jastrow, כְּבֵינָה"... OK (כבינה)
[34.1%] #10241: "Jastrow, כְּבֵינְתָּא"... OK (כבינתא)
[34.1%] #10242: "Jastrow, כְּבִיסָה"... OK (כביסה)
[34.1%] #10243: "Jastrow, כְּבֵישׁ"... OK (כביש)
[34.1%] #10244: "Jastrow, כְּבִישׁ"... duplicate
[34.1%] #10244: "Jastrow, כְּבִישָׁה"... OK (כבישה)
[34.1%] #10245: "Jastrow, כבישן"... OK (כבישן)
[34.2%] #10246: "Jastrow, כְּבִישְׁתָּא"... OK (כבישתא)
[34.2%] #10247: "Jastrow, כַּבְכָּב"... OK (כבכב)
[34.2%] #10248: "Jastrow, כָּבַל"... OK (כבל)
[34.2%] #10249: "Jastrow, כְּבַל"... duplicate
[34.2%] #10249: "Jastrow, כֶּבֶל"... duplicate
[34.2%] #10249: "Jastrow, כַּבְלָא"... OK (כבלא)
[34.2%] #10250: "Jastrow, כָּבַן"... OK (כבן)
[34.2%] #10251: "Jastrow, כְּבַן"... duplicate
[34.2%] #10251: "Jastrow, כְּבֵנָה"... OK (כבנה)
[34.2%] #10252: "Jastrow, כָּבַס"... OK (כבס)
[34.2%] #10253: "Jastrow, כְּבַס"... duplicate
[34.2%] #10253: "Jastrow, *כֶּבֶס"... duplicate
[34.2%] #10253: "Jastrow, כְּבָסָא"... OK (כבסא)
[34.2%] #10254: "Jastrow, כְּבָר I"... OK (כבר)
[34.2%] #10255: "Jastrow, כְּבָר II"... duplicate
[34.2%] #10255: "Jastrow, כְּבַר I"... duplicate
[34.2%] #10255: "Jastrow, כָּבַר"... duplicate
[34.2%] #10255: "Jastrow, כְּבַר II"... duplicate
[34.2%] #10255: "Jastrow, *כְּבַר III"... duplicate
[34.2%] #10255: "Jastrow, כְּבָרָה"... OK (כברה)
[34.2%] #10256: "Jastrow, כַּבָּרִיתָא"... OK (כבריתא)
[34.2%] #10257: "Jastrow, כַּבְרִיתָא I"... duplicate
[34.2%] #10257: "Jastrow, כַּבְרִיתָא II"... duplicate
[34.2%] #10257: "Jastrow, כָּבַשׁ"... OK (כבש)
[34.2%] #10258: "Jastrow, כְּבַשׁ"... duplicate
[34.2%] #10258: "Jastrow, כֶּבֶשׂ"... duplicate
[34.2%] #10258: "Jastrow, כֶּבֶשׁ"... duplicate
[34.2%] #10258: "Jastrow, כֵּבַשׁ I"... duplicate
[34.2%] #10258: "Jastrow, כֵּבַשׁ II"... duplicate
[34.2%] #10258: "Jastrow, כַּבְשָׁא"... OK (כבשא)
[34.2%] #10259: "Jastrow, כִּבְשָׂה"... OK (כבשה)
[34.2%] #10260: "Jastrow, כִּבְשׁוֹן"... OK (כבשון)
[34.2%] #10261: "Jastrow, כַּבְשִׁישִׁין"... OK (כבשישין)
[34.2%] #10262: "Jastrow, כִּבְשָׁן"... OK (כבשן)
[34.2%] #10263: "Jastrow, כבשנית"... OK (כבשנית)
[34.2%] #10264: "Jastrow, כַּבֶּשֶׁת"... OK (כבשת)
[34.2%] #10265: "Jastrow, כבתה"... OK (כבתה)
[34.2%] #10266: "Jastrow, כבתותא"... OK (כבתותא)
[34.2%] #10267: "Jastrow, כְּגוֹן"... OK (כגון)
[34.2%] #10268: "Jastrow, כגני"... OK (כגני)
[34.2%] #10269: "Jastrow, כַּד I"... OK (כד)
[34.2%] #10270: "Jastrow, כַּד II"... duplicate
[34.2%] #10270: "Jastrow, כַּדָּא"... OK (כדא)
[34.2%] #10271: "Jastrow, כְּדָא"... duplicate
[34.2%] #10271: "Jastrow, כְּדַאי"... OK (כדאי)
[34.2%] #10272: "Jastrow, כְּדַב"... OK (כדב)
[34.2%] #10273: "Jastrow, כַּדְבָא"... OK (כדבא)
[34.2%] #10274: "Jastrow, כַּדָּבָא"... duplicate
[34.2%] #10274: "Jastrow, כַּדְבֵּב"... OK (כדבב)
[34.2%] #10275: "Jastrow, כִּדְ׳ כַּדְבוּבָא"... OK (כדכדבובא)
[34.3%] #10276: "Jastrow, כַּדָּבוּתָא"... OK (כדבותא)
[34.3%] #10277: "Jastrow, כָּדַד"... OK (כדד)
[34.3%] #10278: "Jastrow, כַּדָּד"... duplicate
[34.3%] #10278: "Jastrow, כַּדָּה"... OK (כדה)
[34.3%] #10279: "Jastrow, כְּדוּ"... OK (כדו)
[34.3%] #10280: "Jastrow, כדוכסין"... OK (כדוכסין)
[34.3%] #10281: "Jastrow, *כַּדּוּם"... OK (כדום)
[34.3%] #10282: "Jastrow, כדום"... duplicate
[34.3%] #10282: "Jastrow, כְּדוּן"... OK (כדון)
[34.3%] #10283: "Jastrow, כדופסלא"... OK (כדופסלא)
[34.3%] #10284: "Jastrow, כַּדּוּר"... OK (כדור)
[34.3%] #10285: "Jastrow, כַּדּוּרָא"... OK (כדורא)
[34.3%] #10286: "Jastrow, כַּדּוֹרִית"... OK (כדורית)
[34.3%] #10287: "Jastrow, כְּדִי I"... OK (כדי)
[34.3%] #10288: "Jastrow, *כְּדִי II"... duplicate
[34.3%] #10288: "Jastrow, כְּדַי"... duplicate
[34.3%] #10288: "Jastrow, כְּדֵי"... duplicate
[34.3%] #10288: "Jastrow, כְּדִיב"... OK (כדיב)
[34.3%] #10289: "Jastrow, כְּדִידִית"... OK (כדידית)
[34.3%] #10290: "Jastrow, כִּדִּיּוֹת"... OK (כדיות)
[34.3%] #10291: "Jastrow, כְּדָיי"... OK (כדיי)
[34.3%] #10292: "Jastrow, כְּדָיי ²"... duplicate
[34.3%] #10292: "Jastrow, כְּדָיִן"... OK (כדין)
[34.3%] #10293: "Jastrow, כְּדֵין"... duplicate
[34.3%] #10293: "Jastrow, כַּדְכֹּד"... OK (כדכד)
[34.3%] #10294: "Jastrow, כַּדְכְּדָא"... OK (כדכדא)
[34.3%] #10295: "Jastrow, כַּדְכְּדוֹן"... OK (כדכדון)
[34.3%] #10296: "Jastrow, כדכדיינון"... OK (כדכדיינון)
[34.3%] #10297: "Jastrow, כַּדְכּוֹדָא"... OK (כדכודא)
[34.3%] #10298: "Jastrow, כדכודי"... OK (כדכודי)
  [Saved progress: 10298 entries]
[34.3%] #10299: "Jastrow, *כַּדְכּוֹר"... OK (כדכור)
[34.3%] #10300: "Jastrow, כדכיאות"... OK (כדכיאות)
[34.3%] #10301: "Jastrow, כדכריינון"... OK (כדכריינון)
[34.3%] #10302: "Jastrow, כדמת"... OK (כדמת)
[34.3%] #10303: "Jastrow, כָּדַן"... OK (כדן)
[34.3%] #10304: "Jastrow, *כַּדְנָא"... OK (כדנא)
[34.3%] #10305: "Jastrow, כְּדֵנָא"... duplicate
[34.3%] #10305: "Jastrow, כִּדְנְוָן"... OK (כדנון)
[34.4%] #10306: "Jastrow, כָּדַר"... OK (כדר)
[34.4%] #10307: "Jastrow, כַּדָּר"... duplicate
[34.4%] #10307: "Jastrow, כֹּה"... OK (כה)
[34.4%] #10308: "Jastrow, כָּה"... duplicate
[34.4%] #10308: "Jastrow, כְּהָא"... OK (כהא)
[34.4%] #10309: "Jastrow, כֵּהֶה"... OK (כהה)
[34.4%] #10310: "Jastrow, כְּהוּנָּה"... OK (כהונה)
[34.4%] #10311: "Jastrow, כְּהוּנְּתָא"... OK (כהונתא)
[34.4%] #10312: "Jastrow, כֵּהוּת"... OK (כהות)
[34.4%] #10313: "Jastrow, כָּהוּתָא"... OK (כהותא)
[34.4%] #10314: "Jastrow, כהי"... OK (כהי)
[34.4%] #10315: "Jastrow, כְּהִי"... duplicate
[34.4%] #10315: "Jastrow, כֵּהָיוֹן"... OK (כהיון)
[34.4%] #10316: "Jastrow, כַּהֲיוּתָא"... OK (כהיותא)
[34.4%] #10317: "Jastrow, *כַּהֲיִי"... OK (כהיי)
[34.4%] #10318: "Jastrow, כָּהֵיל"... OK (כהיל)
[34.4%] #10319: "Jastrow, כָּהֵין"... OK (כהין)
[34.4%] #10320: "Jastrow, כֹּהֵן"... OK (כהן)
[34.4%] #10321: "Jastrow, כָּהַן"... duplicate
[34.4%] #10321: "Jastrow, כָּהֵן"... duplicate
[34.4%] #10321: "Jastrow, כָּהֵן ²"... duplicate
[34.4%] #10321: "Jastrow, כַּהֲנוּתָא"... OK (כהנותא)
[34.4%] #10322: "Jastrow, כֹּהֲנִי"... OK (כהני)
[34.4%] #10323: "Jastrow, *כַּהֲנָכָא"... OK (כהנכא)
[34.4%] #10324: "Jastrow, כֹּהֶנֶת"... OK (כהנת)
[34.4%] #10325: "Jastrow, כַּהַנְתָּא"... OK (כהנתא)
[34.4%] #10326: "Jastrow, כַּו"... OK (כו)
[34.4%] #10327: "Jastrow, כְּוָא"... OK (כוא)
[34.4%] #10328: "Jastrow, כַּוַָּא"... duplicate
[34.4%] #10328: "Jastrow, כְּוָאָה"... OK (כואה)
[34.4%] #10329: "Jastrow, *כְּוָאנָא"... OK (כואנא)
[34.4%] #10330: "Jastrow, כְּוַאנְגַּר"... OK (כואנגר)
[34.4%] #10331: "Jastrow, כַּוָּארָא"... OK (כוארא)
[34.4%] #10332: "Jastrow, כּוּב"... OK (כוב)
[34.4%] #10333: "Jastrow, כּוּבָּא I"... OK (כובא)
[34.4%] #10334: "Jastrow, כּוּבָּא II"... duplicate
[34.4%] #10334: "Jastrow, כּוּבָּא III"... duplicate
[34.4%] #10334: "Jastrow, כובאי"... OK (כובאי)
[34.4%] #10335: "Jastrow, כּוֹבֶד"... OK (כובד)
[34.4%] #10336: "Jastrow, כובדים"... OK (כובדים)
[34.5%] #10337: "Jastrow, כּוּבְיָא"... OK (כוביא)
[34.5%] #10338: "Jastrow, *כּוּבִּיתָא"... OK (כוביתא)
[34.5%] #10339: "Jastrow, כובליאר"... OK (כובליאר)
[34.5%] #10340: "Jastrow, כּוֹבְלִין"... OK (כובלין)
[34.5%] #10341: "Jastrow, כּוֹבֶלֶת"... OK (כובלת)
[34.5%] #10342: "Jastrow, כּוֹבֵס"... OK (כובס)
[34.5%] #10343: "Jastrow, כּוּבְסָא"... OK (כובסא)
[34.5%] #10344: "Jastrow, כּוֹבַע"... OK (כובע)
[34.5%] #10345: "Jastrow, כּוֹבְעָא"... OK (כובעא)
[34.5%] #10346: "Jastrow, כּוֹבְעָה"... OK (כובעה)
[34.5%] #10347: "Jastrow, כוברים"... OK (כוברים)
[34.5%] #10348: "Jastrow, כּוּבְרִיתָא"... OK (כובריתא)
[34.5%] #10349: "Jastrow, כּוֹבֵשׁ"... OK (כובש)
[34.5%] #10350: "Jastrow, כּוּבְשָׁנָא"... OK (כובשנא)
[34.5%] #10351: "Jastrow, כּוּבֶּשֶׁת"... OK (כובשת)
[34.5%] #10352: "Jastrow, כּוּד"... OK (כוד)
[34.5%] #10353: "Jastrow, *כּוּדָא"... OK (כודא)
[34.5%] #10354: "Jastrow, כּוּדְנָא"... OK (כודנא)
[34.5%] #10355: "Jastrow, כָּוָה"... OK (כוה)
[34.5%] #10356: "Jastrow, כּוֹהֵן"... OK (כוהן)
[34.5%] #10357: "Jastrow, כַּוָּוא"... OK (כווא)
[34.5%] #10358: "Jastrow, כַּוָּואָה"... OK (כוואה)
[34.5%] #10359: "Jastrow, כָּוָוה"... OK (כווה)
[34.5%] #10360: "Jastrow, כַּוָּוי"... OK (כווי)
[34.5%] #10361: "Jastrow, *כַּוָּון"... OK (כוון)
[34.5%] #10362: "Jastrow, כִּוּוּן"... duplicate
[34.5%] #10362: "Jastrow, כֵּוָונָא"... OK (כוונא)
[34.5%] #10363: "Jastrow, כַּוָּונָה"... OK (כוונה)
[34.5%] #10364: "Jastrow, כֵּוָונִיתָא"... OK (כווניתא)
[34.5%] #10365: "Jastrow, כְּוַוץ"... OK (כווץ)
[34.5%] #10366: "Jastrow, כַּוְורָא"... OK (כוורא)
[34.6%] #10367: "Jastrow, כוורדקי"... OK (כוורדקי)
[34.6%] #10368: "Jastrow, כַּוָּורִיתָא"... OK (כווריתא)
[34.6%] #10369: "Jastrow, כְּוַורְנָק"... OK (כוורנק)
[34.6%] #10370: "Jastrow, כְּוֶורֶת"... OK (כוורת)
[34.6%] #10371: "Jastrow, כְּוַורְתָּא"... OK (כוורתא)
[34.6%] #10372: "Jastrow, כְּוָות"... OK (כוות)
[34.6%] #10373: "Jastrow, כַּוְּותָא I"... OK (כוותא)
[34.6%] #10374: "Jastrow, כַּוְּותָא II"... duplicate
[34.6%] #10374: "Jastrow, כּוּז"... OK (כוז)
[34.6%] #10375: "Jastrow, כּוּזָא"... OK (כוזא)
[34.6%] #10376: "Jastrow, כּוֹזָב"... OK (כוזב)
[34.6%] #10377: "Jastrow, כּוֹזְכָא"... OK (כוזכא)
[34.6%] #10378: "Jastrow, כּוּזָה"... OK (כוזה)
[34.6%] #10379: "Jastrow, כּוֹזִיבָא"... OK (כוזיבא)
[34.6%] #10380: "Jastrow, כּוּזִית"... OK (כוזית)
[34.6%] #10381: "Jastrow, כוזני"... OK (כוזני)
[34.6%] #10382: "Jastrow, כּוּזַנְתָּא"... OK (כוזנתא)
[34.6%] #10383: "Jastrow, כּוּזְתָא"... OK (כוזתא)
[34.6%] #10384: "Jastrow, כּוּחַ"... OK (כוח)
[34.6%] #10385: "Jastrow, כּוֹחַ"... duplicate
[34.6%] #10385: "Jastrow, כּוֹחִילְנָא"... OK (כוחילנא)
  [Saved progress: 10385 entries]
[34.6%] #10386: "Jastrow, כּוֹחָל"... OK (כוחל)
[34.6%] #10387: "Jastrow, כּוֹחֲלָא"... OK (כוחלא)
[34.6%] #10388: "Jastrow, כּוֹחֲלִי"... OK (כוחלי)
[34.6%] #10389: "Jastrow, כּוֹחֲלִין"... OK (כוחלין)
[34.6%] #10390: "Jastrow, כּוֹחֲלִית"... OK (כוחלית)
[34.6%] #10391: "Jastrow, כוי"... OK (כוי)
[34.6%] #10392: "Jastrow, כְּוִי"... duplicate
[34.6%] #10392: "Jastrow, כּוֹי"... duplicate
[34.6%] #10392: "Jastrow, כְּוֵיץ"... OK (כויץ)
[34.6%] #10393: "Jastrow, כּוּךְ"... OK (כוך)
[34.6%] #10394: "Jastrow, כּוּךְ ²"... duplicate
[34.6%] #10394: "Jastrow, כּוֹכָב"... OK (כוכב)
[34.6%] #10395: "Jastrow, כּוֹכָב ²"... duplicate
[34.6%] #10395: "Jastrow, כּוֹכְבִיתָא"... OK (כוכביתא)
[34.6%] #10396: "Jastrow, כּוֹכֶבֶת"... OK (כוכבת)
[34.7%] #10397: "Jastrow, כּוֹכַבְתָּא"... OK (כוכבתא)
[34.7%] #10398: "Jastrow, *כּוּכְיָא"... OK (כוכיא)
[34.7%] #10399: "Jastrow, כוכיתא"... OK (כוכיתא)
[34.7%] #10400: "Jastrow, כּוֹכְלִיאָר"... OK (כוכליאר)
[34.7%] #10401: "Jastrow, כּוֹכְלִיאָס"... OK (כוכליאס)
[34.7%] #10402: "Jastrow, *כּוֹכֶלֶת"... OK (כוכלת)
[34.7%] #10403: "Jastrow, כּוּל"... OK (כול)
[34.7%] #10404: "Jastrow, כּוּל ²"... duplicate
[34.7%] #10404: "Jastrow, כּוּלּ־"... duplicate
[34.7%] #10404: "Jastrow, כּוֹל"... duplicate
[34.7%] #10404: "Jastrow, כּוּלָב"... OK (כולב)
[34.7%] #10405: "Jastrow, כּוּלְבּוּס"... OK (כולבוס)
[34.7%] #10406: "Jastrow, כולבסין"... OK (כולבסין)
[34.7%] #10407: "Jastrow, כּוּלָה"... OK (כולה)
[34.7%] #10408: "Jastrow, כּוֹלָה"... duplicate
[34.7%] #10408: "Jastrow, כולוניס"... OK (כולוניס)
[34.7%] #10409: "Jastrow, כולי"... OK (כולי)
[34.7%] #10410: "Jastrow, כּוֹלְיָא"... OK (כוליא)
[34.7%] #10411: "Jastrow, כוליאר"... OK (כוליאר)
[34.7%] #10412: "Jastrow, כּוּלְיָה"... OK (כוליה)
[34.7%] #10413: "Jastrow, כּוֹלִיקוֹס"... OK (כוליקוס)
[34.7%] #10414: "Jastrow, כּוּלָּךְ"... OK (כולך)
[34.7%] #10415: "Jastrow, כּוּלְּכָא"... OK (כולכא)
[34.7%] #10416: "Jastrow, כולכסין"... OK (כולכסין)
[34.7%] #10417: "Jastrow, כולם"... OK (כולם)
[34.7%] #10418: "Jastrow, כולמתא"... OK (כולמתא)
[34.7%] #10419: "Jastrow, כּוּלְנִיתָא"... OK (כולניתא)
[34.7%] #10420: "Jastrow, כולסא"... OK (כולסא)
[34.7%] #10421: "Jastrow, כּוֹלֵף"... OK (כולף)
[34.7%] #10422: "Jastrow, כולפסון"... OK (כולפסון)
[34.7%] #10423: "Jastrow, כולקוס"... OK (כולקוס)
[34.7%] #10424: "Jastrow, *כּוֹלֶּקְטָר"... OK (כולקטר)
[34.7%] #10425: "Jastrow, כּוּלְתָא"... OK (כולתא)
[34.8%] #10426: "Jastrow, כּוּמָז"... OK (כומז)
[34.8%] #10427: "Jastrow, *כּוּמְנִי"... OK (כומני)
[34.8%] #10428: "Jastrow, כּוֹמְסָה"... OK (כומסה)
[34.8%] #10429: "Jastrow, כּוּמְצָא"... OK (כומצא)
[34.8%] #10430: "Jastrow, כּוֹמֶר I"... OK (כומר)
[34.8%] #10431: "Jastrow, כּוֹמֶר II"... duplicate
[34.8%] #10431: "Jastrow, כּוּמָרָא"... OK (כומרא)
[34.8%] #10432: "Jastrow, כּוּמְרָא II"... duplicate
[34.8%] #10432: "Jastrow, כּוּמְרָנָא"... OK (כומרנא)
[34.8%] #10433: "Jastrow, כּוּמְתָא"... OK (כומתא)
[34.8%] #10434: "Jastrow, כּוּן"... OK (כון)
[34.8%] #10435: "Jastrow, כּוּן ²"... duplicate
[34.8%] #10435: "Jastrow, כֵּוָן"... duplicate
[34.8%] #10435: "Jastrow, כַּוְנָא"... OK (כונא)
[34.8%] #10436: "Jastrow, כּוּנְדָּא"... OK (כונדא)
[34.8%] #10437: "Jastrow, כונדקא"... OK (כונדקא)
[34.8%] #10438: "Jastrow, כונדת׳"... OK (כונדת)
[34.8%] #10439: "Jastrow, כַּוָּנָה"... OK (כונה)
[34.8%] #10440: "Jastrow, כַּוָּנוּתָא"... OK (כונותא)
[34.8%] #10441: "Jastrow, כַּוָּנִים"... OK (כונים)
[34.8%] #10442: "Jastrow, כּוּנִישְׁרָא"... OK (כונישרא)
[34.8%] #10443: "Jastrow, כּוֹנָן"... OK (כונן)
[34.8%] #10444: "Jastrow, כּוֹנָנִית"... OK (כוננית)
[34.8%] #10445: "Jastrow, כּוֹנֵס"... OK (כונס)
[34.8%] #10446: "Jastrow, כּוֹנְסָה"... OK (כונסה)
[34.8%] #10447: "Jastrow, כּוּנְשְׁרָא"... OK (כונשרא)
[34.8%] #10448: "Jastrow, כַּוַּנְתָּא"... OK (כונתא)
[34.8%] #10449: "Jastrow, כּוּנְתָּא"... duplicate
[34.8%] #10449: "Jastrow, כּוֹס I"... OK (כוס)
[34.8%] #10450: "Jastrow, *כּוֹס II"... duplicate
[34.8%] #10450: "Jastrow, כּוֹס III"... duplicate
[34.8%] #10450: "Jastrow, כּוֹסָא"... OK (כוסא)
[34.8%] #10451: "Jastrow, כּוֹסָא ²"... duplicate
[34.8%] #10451: "Jastrow, כּוֹסָאתָא"... OK (כוסאתא)
[34.8%] #10452: "Jastrow, כּוּסְבָּר"... OK (כוסבר)
[34.8%] #10453: "Jastrow, כּוּסְבַּר"... duplicate
[34.8%] #10453: "Jastrow, כוסטריינים"... OK (כוסטריינים)
[34.8%] #10454: "Jastrow, כוסיא"... OK (כוסיא)
[34.8%] #10455: "Jastrow, כוסיות"... OK (כוסיות)
[34.8%] #10456: "Jastrow, כּוֹסֵילְתָּא"... OK (כוסילתא)
[34.9%] #10457: "Jastrow, כּוּסְכּוּס"... OK (כוסכוס)
[34.9%] #10458: "Jastrow, כּוּסְלָא"... OK (כוסלא)
[34.9%] #10459: "Jastrow, כּוּסְּמִים"... OK (כוסמים)
[34.9%] #10460: "Jastrow, כּוּסֶּמֶת"... OK (כוסמת)
[34.9%] #10461: "Jastrow, כּוּסְפָּא"... OK (כוספא)
[34.9%] #10462: "Jastrow, כּוּסְפָן"... OK (כוספן)
[34.9%] #10463: "Jastrow, *כּוּסְתָּא"... OK (כוסתא)
[34.9%] #10464: "Jastrow, כּוּף I"... OK (כוף)
[34.9%] #10465: "Jastrow, כּוּף"... duplicate
[34.9%] #10465: "Jastrow, כּוּף II"... duplicate
[34.9%] #10465: "Jastrow, כּוּפָּה"... OK (כופה)
[34.9%] #10466: "Jastrow, כּוּפָּח"... OK (כופח)
  [Saved progress: 10466 entries]
[34.9%] #10467: "Jastrow, כּוּפְיָא"... OK (כופיא)
[34.9%] #10468: "Jastrow, כופיח"... OK (כופיח)
[34.9%] #10469: "Jastrow, כופיתא"... OK (כופיתא)
[34.9%] #10470: "Jastrow, כּוּפְלָא"... OK (כופלא)
[34.9%] #10471: "Jastrow, כּוּפְנִי"... OK (כופני)
[34.9%] #10472: "Jastrow, כּוֹפֵר"... OK (כופר)
[34.9%] #10473: "Jastrow, כּוֹפֶר"... duplicate
[34.9%] #10473: "Jastrow, כּוֹפֶר II"... duplicate
[34.9%] #10473: "Jastrow, כּוּפְרָא I"... OK (כופרא)
[34.9%] #10474: "Jastrow, כּוּפְרָא II"... duplicate
[34.9%] #10474: "Jastrow, כּוּפְרָא III"... duplicate
[34.9%] #10474: "Jastrow, כּוּפְרָאָה"... OK (כופראה)
[34.9%] #10475: "Jastrow, כּוּפְרָה"... OK (כופרה)
[34.9%] #10476: "Jastrow, כּוּפְרִי I"... OK (כופרי)
[34.9%] #10477: "Jastrow, כּוּפְרִי II"... duplicate
[34.9%] #10477: "Jastrow, כּוּפְרִיתָא"... OK (כופריתא)
[34.9%] #10478: "Jastrow, כּוּפְרָנָא"... OK (כופרנא)
[34.9%] #10479: "Jastrow, *כּוֹפֶשׁ"... OK (כופש)
[34.9%] #10480: "Jastrow, כּוּפְשָׁנָא"... OK (כופשנא)
[34.9%] #10481: "Jastrow, כּוֹפֶת"... OK (כופת)
[34.9%] #10482: "Jastrow, כּוּפְתָּא I"... OK (כופתא)
[34.9%] #10483: "Jastrow, כּוּפְתָּא II"... duplicate
[34.9%] #10483: "Jastrow, כּוּפְתָּא III"... duplicate
[34.9%] #10483: "Jastrow, כְּוֵץ"... OK (כוץ)
[34.9%] #10484: "Jastrow, כּוֹר"... OK (כור)
[34.9%] #10485: "Jastrow, כּוֹר ²"... duplicate
[34.9%] #10485: "Jastrow, כּוּר I"... duplicate
[34.9%] #10485: "Jastrow, כּוּר II"... duplicate
[34.9%] #10485: "Jastrow, כּוּרָא I"... OK (כורא)
[34.9%] #10486: "Jastrow, *כּוּרָא II"... duplicate
[34.9%] #10486: "Jastrow, כּוֹרָא"... duplicate
[34.9%] #10486: "Jastrow, כַּוְרָא"... duplicate
[34.9%] #10486: "Jastrow, כּוֹרַבְלִין"... OK (כורבלין)
[35.0%] #10487: "Jastrow, כורדקי"... OK (כורדקי)
[35.0%] #10488: "Jastrow, כּוּרְהָנָא"... OK (כורהנא)
[35.0%] #10489: "Jastrow, כּוּרְוָון"... OK (כורוון)
[35.0%] #10490: "Jastrow, *כורוסתי"... OK (כורוסתי)
[35.0%] #10491: "Jastrow, כּוֹרֵז"... OK (כורז)
[35.0%] #10492: "Jastrow, כּוּרְזִילָא"... OK (כורזילא)
[35.0%] #10493: "Jastrow, כּוֹרַח"... OK (כורח)
[35.0%] #10494: "Jastrow, כּוּרַיי"... OK (כוריי)
[35.0%] #10495: "Jastrow, כורים"... OK (כורים)
[35.0%] #10496: "Jastrow, כּוֹרִיתָא"... OK (כוריתא)
[35.0%] #10497: "Jastrow, *כּוֹרֶךְ"... OK (כורך)
[35.0%] #10498: "Jastrow, כּוּרְכָּא"... OK (כורכא)
[35.0%] #10499: "Jastrow, כּוּרְכְּיָא"... OK (כורכיא)
[35.0%] #10500: "Jastrow, כּוּרְכָּם"... OK (כורכם)
[35.0%] #10501: "Jastrow, כּוּרְכְּמָא"... OK (כורכמא)
[35.0%] #10502: "Jastrow, כּוֹרֵם"... OK (כורם)
[35.0%] #10503: "Jastrow, כּוּרְמֵיזָא"... OK (כורמיזא)
[35.0%] #10504: "Jastrow, כְּוַרְנַק"... OK (כורנק)
[35.0%] #10505: "Jastrow, כּוּרְסֵא"... OK (כורסא)
[35.0%] #10506: "Jastrow, כּוּרְסָאיֵי"... OK (כורסאיי)
[35.0%] #10507: "Jastrow, כורסגניות"... OK (כורסגניות)
[35.0%] #10508: "Jastrow, כורסון"... OK (כורסון)
[35.0%] #10509: "Jastrow, כּוּרְסַיָּא"... OK (כורסיא)
[35.0%] #10510: "Jastrow, כורסין"... OK (כורסין)
[35.0%] #10511: "Jastrow, כּוּרְעָתָא"... OK (כורעתא)
[35.0%] #10512: "Jastrow, כּוּרְקְמָא"... OK (כורקמא)
[35.0%] #10513: "Jastrow, כְּוֶרֶת"... OK (כורת)
[35.0%] #10514: "Jastrow, כּוּשׁ I"... OK (כוש)
[35.0%] #10515: "Jastrow, כּוּשׁ II"... duplicate
[35.0%] #10515: "Jastrow, כּוּשָׁא"... OK (כושא)
[35.0%] #10516: "Jastrow, כּוּשָׁאָה"... OK (כושאה)
[35.1%] #10517: "Jastrow, כּוּשִׁי"... OK (כושי)
[35.1%] #10518: "Jastrow, כּוּשָׁיָיא"... OK (כושייא)
[35.1%] #10519: "Jastrow, כּוּשִׁית"... OK (כושית)
[35.1%] #10520: "Jastrow, *כּוּשְׁפָּא"... OK (כושפא)
[35.1%] #10521: "Jastrow, כּוֹשְׁפָן"... OK (כושפן)
[35.1%] #10522: "Jastrow, כּוֹשֶׁר"... OK (כושר)
[35.1%] #10523: "Jastrow, כּוּשְׁרָא I"... OK (כושרא)
[35.1%] #10524: "Jastrow, כּוּשְׁרָא II"... duplicate
[35.1%] #10524: "Jastrow, כּוֹשָׁרוֹת"... OK (כושרות)
[35.1%] #10525: "Jastrow, כּוֹשְׁתְּ"... OK (כושת)
[35.1%] #10526: "Jastrow, כְּוָת"... OK (כות)
[35.1%] #10527: "Jastrow, כּוּת"... duplicate
[35.1%] #10527: "Jastrow, כּוּתָא"... OK (כותא)
[35.1%] #10528: "Jastrow, כּוּתָּא"... duplicate
[35.1%] #10528: "Jastrow, כַּוְתָא"... duplicate
[35.1%] #10528: "Jastrow, כּוּתָאָה"... OK (כותאה)
[35.1%] #10529: "Jastrow, כּוֹתֵב"... OK (כותב)
[35.1%] #10530: "Jastrow, כּוֹתְבָן"... OK (כותבן)
[35.1%] #10531: "Jastrow, כּוֹתֶבֶת"... OK (כותבת)
[35.1%] #10532: "Jastrow, כּוּתָה"... OK (כותה)
[35.1%] #10533: "Jastrow, כּוּתָּח"... OK (כותח)
[35.1%] #10534: "Jastrow, כּוּתַּח"... duplicate
[35.1%] #10534: "Jastrow, כּוּתִי I"... OK (כותי)
[35.1%] #10535: "Jastrow, כּוּתִי II"... duplicate
[35.1%] #10535: "Jastrow, כּוּתַיי"... OK (כותיי)
[35.1%] #10536: "Jastrow, כְּוָתִירִין"... OK (כותירין)
[35.1%] #10537: "Jastrow, כּוֹתָל"... OK (כותל)
[35.1%] #10538: "Jastrow, כּוֹתְלָא"... OK (כותלא)
[35.1%] #10539: "Jastrow, כותנאי"... OK (כותנאי)
[35.1%] #10540: "Jastrow, כּוֹתְנִיאָס"... OK (כותניאס)
[35.1%] #10541: "Jastrow, כותניין"... OK (כותניין)
[35.1%] #10542: "Jastrow, כּוֹתְנְיָיס"... OK (כותנייס)
[35.1%] #10543: "Jastrow, כּוּתְרָא"... OK (כותרא)
[35.1%] #10544: "Jastrow, כּוֹתְרָן"... OK (כותרן)
[35.1%] #10545: "Jastrow, כּוֹתֶרֶת"... OK (כותרת)
[35.1%] #10546: "Jastrow, כּוֹתַרְתָּא"... OK (כותרתא)
  [Saved progress: 10546 entries]
[35.2%] #10547: "Jastrow, כּוֹתֶשׁ"... OK (כותש)
[35.2%] #10548: "Jastrow, כָּזַב"... OK (כזב)
[35.2%] #10549: "Jastrow, כְּזַב"... duplicate
[35.2%] #10549: "Jastrow, כָּזָב"... duplicate
[35.2%] #10549: "Jastrow, כַּזְבָּן"... OK (כזבן)
[35.2%] #10550: "Jastrow, כַּזְבָּנָא"... OK (כזבנא)
[35.2%] #10551: "Jastrow, *כְּזַז"... OK (כזז)
[35.2%] #10552: "Jastrow, כְּזִיב"... OK (כזיב)
[35.2%] #10553: "Jastrow, כַּזַּיִת"... OK (כזית)
[35.2%] #10554: "Jastrow, כזניתא"... OK (כזניתא)
[35.2%] #10555: "Jastrow, כְּזַר"... OK (כזר)
[35.2%] #10556: "Jastrow, כָּח"... OK (כח)
[35.2%] #10557: "Jastrow, כֹּחַ"... duplicate
[35.2%] #10557: "Jastrow, כֹּחַ ²"... duplicate
[35.2%] #10557: "Jastrow, כָּחַד"... OK (כחד)
[35.2%] #10558: "Jastrow, כְּחַד"... duplicate
[35.2%] #10558: "Jastrow, כַּחַד"... duplicate
[35.2%] #10558: "Jastrow, כַּחֲדָא"... OK (כחדא)
[35.2%] #10559: "Jastrow, כָּחַהּ"... OK (כחה)
[35.2%] #10560: "Jastrow, כְּחוֹל"... OK (כחול)
[35.2%] #10561: "Jastrow, כָּחוּשׁ"... OK (כחוש)
[35.2%] #10562: "Jastrow, כָּחַח"... OK (כחח)
[35.2%] #10563: "Jastrow, כָּחִישׁ"... OK (כחיש)
[35.2%] #10564: "Jastrow, כְּחִישׁוּתָא"... OK (כחישותא)
[35.2%] #10565: "Jastrow, כֹּחָל"... OK (כחל)
[35.2%] #10566: "Jastrow, כָּחַל"... duplicate
[35.2%] #10566: "Jastrow, כְּחַל I"... duplicate
[35.2%] #10566: "Jastrow, כָּחָל"... duplicate
[35.2%] #10566: "Jastrow, כְּחַל II"... duplicate
[35.2%] #10566: "Jastrow, כַּחֲלֵי"... OK (כחלי)
[35.2%] #10567: "Jastrow, כחלינהו"... OK (כחלינהו)
[35.2%] #10568: "Jastrow, כָּחַשׁ"... OK (כחש)
[35.2%] #10569: "Jastrow, כְּחַשׁ"... duplicate
[35.2%] #10569: "Jastrow, כַּחֲשָׁא"... OK (כחשא)
[35.2%] #10570: "Jastrow, כטספטייס"... OK (כטספטייס)
[35.2%] #10571: "Jastrow, כי"... OK (כי)
[35.2%] #10572: "Jastrow, כֵּי"... duplicate
[35.2%] #10572: "Jastrow, כִּי"... duplicate
[35.2%] #10572: "Jastrow, כִּי ²"... duplicate
[35.2%] #10572: "Jastrow, *כִּיאוּרָא"... OK (כיאורא)
[35.2%] #10573: "Jastrow, כיארי"... OK (כיארי)
[35.2%] #10574: "Jastrow, כֵּיב"... OK (כיב)
[35.2%] #10575: "Jastrow, כֵּיבָא"... OK (כיבא)
[35.3%] #10576: "Jastrow, כִּיבָּא"... duplicate
[35.3%] #10576: "Jastrow, כִּיבּוּד"... OK (כיבוד)
[35.3%] #10577: "Jastrow, כִּיבּוּי"... OK (כיבוי)
[35.3%] #10578: "Jastrow, כיבוי"... duplicate
[35.3%] #10578: "Jastrow, כִּיבּוּס"... OK (כיבוס)
[35.3%] #10579: "Jastrow, כִּיבּוּשׁ"... OK (כיבוש)
[35.3%] #10580: "Jastrow, כִּיבּוּשׁ ²"... duplicate
[35.3%] #10580: "Jastrow, כֵּיבַשׁ"... OK (כיבש)
[35.3%] #10581: "Jastrow, כִּיד"... OK (כיד)
[35.3%] #10582: "Jastrow, כִּיד ²"... duplicate
[35.3%] #10582: "Jastrow, כִּידְבָא"... OK (כידבא)
[35.3%] #10583: "Jastrow, כִּידוּ"... OK (כידו)
[35.3%] #10584: "Jastrow, כידום"... OK (כידום)
[35.3%] #10585: "Jastrow, כִּידוֹן I"... OK (כידון)
[35.3%] #10586: "Jastrow, כִּידוֹן II"... duplicate
[35.3%] #10586: "Jastrow, כידוס"... OK (כידוס)
[35.3%] #10587: "Jastrow, כִּידוֹר"... OK (כידור)
[35.3%] #10588: "Jastrow, כידי"... OK (כידי)
[35.3%] #10589: "Jastrow, כידים"... OK (כידים)
[35.3%] #10590: "Jastrow, כִּיהוּן"... OK (כיהון)
[35.3%] #10591: "Jastrow, כִּיּוּד"... OK (כיוד)
[35.3%] #10592: "Jastrow, כִּיוּוּן"... OK (כיוון)
[35.3%] #10593: "Jastrow, כֵּיוָון"... duplicate
[35.3%] #10593: "Jastrow, כִּיּוּן"... OK (כיון)
[35.3%] #10594: "Jastrow, כִּיוָּן"... duplicate
[35.3%] #10594: "Jastrow, כֵּיוָן"... duplicate
[35.3%] #10594: "Jastrow, כֵּיוָנָא I"... OK (כיונא)
[35.3%] #10595: "Jastrow, כֵּיוָנָא II"... duplicate
[35.3%] #10595: "Jastrow, כיונותא"... OK (כיונותא)
[35.3%] #10596: "Jastrow, כֵּיוָנִיתָא"... OK (כיוניתא)
[35.3%] #10597: "Jastrow, כִּיּוּר"... OK (כיור)
[35.3%] #10598: "Jastrow, כִּיּוֹר"... duplicate
[35.3%] #10598: "Jastrow, כִּיוֹרָא"... OK (כיורא)
[35.3%] #10599: "Jastrow, כִּיוּרָא"... duplicate
[35.3%] #10599: "Jastrow, *כִּיזְבָּא"... OK (כיזבא)
[35.3%] #10600: "Jastrow, כֵּיזֶה"... OK (כיזה)
[35.3%] #10601: "Jastrow, כִּיחַ"... OK (כיח)
[35.3%] #10602: "Jastrow, כַּיי"... OK (כיי)
[35.3%] #10603: "Jastrow, כִּיֵּיד"... OK (כייד)
[35.3%] #10604: "Jastrow, כִּייוּרָא"... OK (כייורא)
[35.3%] #10605: "Jastrow, כָּיִיל"... OK (כייל)
[35.4%] #10606: "Jastrow, כַּיָּיל"... duplicate
[35.4%] #10606: "Jastrow, כַּיְילָא"... OK (כיילא)
[35.4%] #10607: "Jastrow, כַּיְיפָא"... OK (כייפא)
[35.4%] #10608: "Jastrow, כִּיֵּיר"... OK (כייר)
[35.4%] #10609: "Jastrow, כייר"... duplicate
[35.4%] #10609: "Jastrow, *כִּיכְלֵי"... OK (כיכלי)
[35.4%] #10610: "Jastrow, כַּיְלָא"... OK (כילא)
[35.4%] #10611: "Jastrow, כִּילָאוֹת"... OK (כילאות)
[35.4%] #10612: "Jastrow, כִּילְבִּית"... OK (כילבית)
[35.4%] #10613: "Jastrow, כילדין"... OK (כילדין)
[35.4%] #10614: "Jastrow, כִּילָה"... OK (כילה)
[35.4%] #10615: "Jastrow, כילה"... duplicate
[35.4%] #10615: "Jastrow, כִּילּוּ"... OK (כילו)
[35.4%] #10616: "Jastrow, כַּיְלוּ"... duplicate
[35.4%] #10616: "Jastrow, כִּילָוַות"... OK (כילוות)
[35.4%] #10617: "Jastrow, כִּילוֹזָא"... OK (כילוזא)
  [Saved progress: 10617 entries]
[35.4%] #10618: "Jastrow, כִּילּוּי"... OK (כילוי)
[35.4%] #10619: "Jastrow, כִּילּוּיָא"... OK (כילויא)
[35.4%] #10620: "Jastrow, כִּילּוּלָא"... OK (כילולא)
[35.4%] #10621: "Jastrow, כִּילוֹן"... OK (כילון)
[35.4%] #10622: "Jastrow, כילוס"... OK (כילוס)
[35.4%] #10623: "Jastrow, כילוף"... OK (כילוף)
[35.4%] #10624: "Jastrow, *כילופיס"... OK (כילופיס)
[35.4%] #10625: "Jastrow, כִּילִי"... OK (כילי)
[35.4%] #10626: "Jastrow, כִּילְיָא"... OK (כיליא)
[35.4%] #10627: "Jastrow, כִּילְיָאדִין"... OK (כיליאדין)
[35.4%] #10628: "Jastrow, כִּילְיוֹן"... OK (כיליון)
[35.4%] #10629: "Jastrow, כיליונין"... OK (כיליונין)
[35.4%] #10630: "Jastrow, כיליי"... OK (כיליי)
[35.4%] #10631: "Jastrow, כיליינא"... OK (כיליינא)
[35.4%] #10632: "Jastrow, כִּילְכּוּל"... OK (כילכול)
[35.4%] #10633: "Jastrow, כילכיד"... OK (כילכיד)
[35.4%] #10634: "Jastrow, כִּילְכִּית"... OK (כילכית)
[35.4%] #10635: "Jastrow, כִּילַן"... OK (כילן)
[35.4%] #10636: "Jastrow, כילרין"... OK (כילרין)
[35.5%] #10637: "Jastrow, כִּילְתָא I"... OK (כילתא)
[35.5%] #10638: "Jastrow, *כִּילְתָא II"... duplicate
[35.5%] #10638: "Jastrow, כִּימָא"... OK (כימא)
[35.5%] #10639: "Jastrow, כִּימָה"... OK (כימה)
[35.5%] #10640: "Jastrow, כִּימְתָא"... OK (כימתא)
[35.5%] #10641: "Jastrow, כֵּין"... OK (כין)
[35.5%] #10642: "Jastrow, כִּינָּא"... OK (כינא)
[35.5%] #10643: "Jastrow, כִּינַאי"... OK (כינאי)
[35.5%] #10644: "Jastrow, כִּינָּה"... OK (כינה)
[35.5%] #10645: "Jastrow, כִּינּוּי"... OK (כינוי)
[35.5%] #10646: "Jastrow, כִּינּוּיָא"... OK (כינויא)
[35.5%] #10647: "Jastrow, כִּינּוּס"... OK (כינוס)
[35.5%] #10648: "Jastrow, כִּינּוּפְיָא"... OK (כינופיא)
[35.5%] #10649: "Jastrow, כִּינּוֹר"... OK (כינור)
[35.5%] #10650: "Jastrow, כֵּינִי"... OK (כיני)
[35.5%] #10651: "Jastrow, כִּינִּים"... OK (כינים)
[35.5%] #10652: "Jastrow, כִּינַּר"... OK (כינר)
[35.5%] #10653: "Jastrow, כִּינָרִיס"... OK (כינריס)
[35.5%] #10654: "Jastrow, כִּינְשָׁא"... OK (כינשא)
[35.5%] #10655: "Jastrow, כִּיס"... OK (כיס)
[35.5%] #10656: "Jastrow, כִּיס ²"... duplicate
[35.5%] #10656: "Jastrow, כֵּיסָא"... OK (כיסא)
[35.5%] #10657: "Jastrow, כִּיסָאנֵי"... OK (כיסאני)
[35.5%] #10658: "Jastrow, כִּיסּוּחַ"... OK (כיסוח)
[35.5%] #10659: "Jastrow, כִּיסּוּי"... OK (כיסוי)
[35.5%] #10660: "Jastrow, כִּיסּוּיָא"... OK (כיסויא)
[35.5%] #10661: "Jastrow, כִּיסּוּפָא"... OK (כיסופא)
[35.5%] #10662: "Jastrow, כִּיסִּיּוֹת"... OK (כיסיות)
[35.5%] #10663: "Jastrow, כִּיסִיתָא"... OK (כיסיתא)
[35.5%] #10664: "Jastrow, כִּיסְכּוּס"... OK (כיסכוס)
[35.5%] #10665: "Jastrow, כִּיסְלָא"... OK (כיסלא)
[35.5%] #10666: "Jastrow, כִּיסְנָא"... OK (כיסנא)
[35.6%] #10667: "Jastrow, כִּיסְנֵי"... OK (כיסני)
[35.6%] #10668: "Jastrow, כִּיסָנִין"... OK (כיסנין)
[35.6%] #10669: "Jastrow, כִּיסְנִין"... duplicate
[35.6%] #10669: "Jastrow, כִּיסָנִית"... OK (כיסנית)
[35.6%] #10670: "Jastrow, כִּיסְתָא I"... OK (כיסתא)
[35.6%] #10671: "Jastrow, כִּיסְתָא II"... duplicate
[35.6%] #10671: "Jastrow, כִּיעוּר"... OK (כיעור)
[35.6%] #10672: "Jastrow, כִּיף"... OK (כיף)
[35.6%] #10673: "Jastrow, כִּיף ²"... duplicate
[35.6%] #10673: "Jastrow, כֵּיף"... duplicate
[35.6%] #10673: "Jastrow, כֵּיף ²"... duplicate
[35.6%] #10673: "Jastrow, כֵּיפָא II"... OK (כיפא)
[35.6%] #10674: "Jastrow, כֵּיפָה"... OK (כיפה)
[35.6%] #10675: "Jastrow, כִּיפָה"... duplicate
[35.6%] #10675: "Jastrow, כִּיפָּה"... duplicate
[35.6%] #10675: "Jastrow, כִּיפּוּר"... OK (כיפור)
[35.6%] #10676: "Jastrow, כִּיפֵּחַ"... OK (כיפח)
[35.6%] #10677: "Jastrow, כֵּיפֵי"... OK (כיפי)
[35.6%] #10678: "Jastrow, כֵּיפְלָא"... OK (כיפלא)
[35.6%] #10679: "Jastrow, כֵּיפְלָה"... OK (כיפלה)
[35.6%] #10680: "Jastrow, כיפליסין"... OK (כיפליסין)
[35.6%] #10681: "Jastrow, כִּיפַּר"... OK (כיפר)
[35.6%] #10682: "Jastrow, כִּיפְרָא"... OK (כיפרא)
[35.6%] #10683: "Jastrow, כִּיפֵּשׁ"... OK (כיפש)
[35.6%] #10684: "Jastrow, כִּיפַּת"... OK (כיפת)
[35.6%] #10685: "Jastrow, כִּיפְתָא"... OK (כיפתא)
[35.6%] #10686: "Jastrow, כֵּיפְתָא"... duplicate
[35.6%] #10686: "Jastrow, כֵּיצַד"... OK (כיצד)
[35.6%] #10687: "Jastrow, כִּיר"... OK (כיר)
[35.6%] #10688: "Jastrow, כירבי"... OK (כירבי)
[35.6%] #10689: "Jastrow, כֵּירָה"... OK (כירה)
[35.6%] #10690: "Jastrow, כִּירָה I"... duplicate
[35.6%] #10690: "Jastrow, כִּירָה II"... duplicate
[35.6%] #10690: "Jastrow, כִּירָוַון"... OK (כירוון)
[35.6%] #10691: "Jastrow, כִּירוֹמָנִיקְיָא"... OK (כירומניקיא)
[35.6%] #10692: "Jastrow, כִּירְחָא"... OK (כירחא)
[35.6%] #10693: "Jastrow, כֵּירִי"... OK (כירי)
[35.6%] #10694: "Jastrow, כִּירִי I"... duplicate
[35.6%] #10694: "Jastrow, *כִּירִי II"... duplicate
[35.6%] #10694: "Jastrow, כירי"... duplicate
[35.6%] #10694: "Jastrow, כִּירַיָּא"... OK (כיריא)
[35.6%] #10695: "Jastrow, כִּירְיוֹ"... OK (כיריו)
[35.6%] #10696: "Jastrow, כִּירַיִם"... OK (כירים)
[35.7%] #10697: "Jastrow, *כִּירִים"... duplicate
[35.7%] #10697: "Jastrow, כִּירְכּוּר"... OK (כירכור)
[35.7%] #10698: "Jastrow, כִּירְכֵּם"... OK (כירכם)
[35.7%] #10699: "Jastrow, כִּירְצָא"... OK (כירצא)
[35.7%] #10700: "Jastrow, כִּישׁ"... OK (כיש)
[35.7%] #10701: "Jastrow, כִּישָׁא"... OK (כישא)
  [Saved progress: 10701 entries]
[35.7%] #10702: "Jastrow, כִּישּׁוּף"... OK (כישוף)
[35.7%] #10703: "Jastrow, כִּישׁוּת"... OK (כישות)
[35.7%] #10704: "Jastrow, כִּישְׁרָא"... OK (כישרא)
[35.7%] #10705: "Jastrow, כִּישָּׁרוֹן"... OK (כישרון)
[35.7%] #10706: "Jastrow, כִּישְׁתָּא"... OK (כישתא)
[35.7%] #10707: "Jastrow, כִּיתָּא I"... OK (כיתא)
[35.7%] #10708: "Jastrow, כִּיתָּא II"... duplicate
[35.7%] #10708: "Jastrow, כִּיתָּה"... OK (כיתה)
[35.7%] #10709: "Jastrow, כִּיתּוּנָא"... OK (כיתונא)
[35.7%] #10710: "Jastrow, כִּיתּוּנִיתָא"... OK (כיתוניתא)
[35.7%] #10711: "Jastrow, כִּיתּוּנְתָּא"... OK (כיתונתא)
[35.7%] #10712: "Jastrow, כִּיתּוֹת"... OK (כיתות)
[35.7%] #10713: "Jastrow, כִּיתְמָא"... OK (כיתמא)
[35.7%] #10714: "Jastrow, כִּיתַּן"... OK (כיתן)
[35.7%] #10715: "Jastrow, כיתנאי"... OK (כיתנאי)
[35.7%] #10716: "Jastrow, כִּיתָּנִיתָא"... OK (כיתניתא)
[35.7%] #10717: "Jastrow, כִּיתְרָא"... OK (כיתרא)
[35.7%] #10718: "Jastrow, כָּךְ"... OK (כך)
[35.7%] #10719: "Jastrow, כַּכָּא"... OK (ככא)
[35.7%] #10720: "Jastrow, כֹּכָב"... OK (ככב)
[35.7%] #10721: "Jastrow, ככדיתא"... OK (ככדיתא)
[35.7%] #10722: "Jastrow, כָּכָה"... OK (ככה)
[35.7%] #10723: "Jastrow, כְּכָי"... OK (ככי)
[35.7%] #10724: "Jastrow, *כֹּכְלָא"... OK (ככלא)
[35.7%] #10725: "Jastrow, *כָּכְלַן"... OK (ככלן)
[35.8%] #10726: "Jastrow, ככר"... OK (ככר)
[35.8%] #10727: "Jastrow, כִּכָּר"... duplicate
[35.8%] #10727: "Jastrow, כִּכְּרָא"... OK (ככרא)
[35.8%] #10728: "Jastrow, *כַּכָּרִיתָא"... OK (ככריתא)
[35.8%] #10729: "Jastrow, ככרתו"... OK (ככרתו)
[35.8%] #10730: "Jastrow, כֹּל"... OK (כל)
[35.8%] #10731: "Jastrow, כָּל"... duplicate
[35.8%] #10731: "Jastrow, כָּלָא"... OK (כלא)
[35.8%] #10732: "Jastrow, כִּלְאָב"... OK (כלאב)
[35.8%] #10733: "Jastrow, כְּלָאָה"... OK (כלאה)
[35.8%] #10734: "Jastrow, כְּלָאֵי"... OK (כלאי)
[35.8%] #10735: "Jastrow, כִּלְאַיִם"... OK (כלאים)
[35.8%] #10736: "Jastrow, כְּלָאמִין"... OK (כלאמין)
[35.8%] #10737: "Jastrow, כָּלַב"... OK (כלב)
[35.8%] #10738: "Jastrow, כֶּלֶב"... duplicate
[35.8%] #10738: "Jastrow, כְּלֵב"... duplicate
[35.8%] #10738: "Jastrow, כַּלְבָּא II"... OK (כלבא)
[35.8%] #10739: "Jastrow, כַּלְבָּא III"... duplicate
[35.8%] #10739: "Jastrow, כַּלבָּה"... OK (כלבה)
[35.8%] #10740: "Jastrow, כלבודא"... OK (כלבודא)
[35.8%] #10741: "Jastrow, כַּלְבּוּס"... OK (כלבוס)
[35.8%] #10742: "Jastrow, *כִּלְבִּיָּא"... OK (כלביא)
[35.8%] #10743: "Jastrow, כִּלְבִּית"... OK (כלבית)
[35.8%] #10744: "Jastrow, כַּלֶּבֶת"... OK (כלבת)
[35.8%] #10745: "Jastrow, כַּלְבְּתָא"... OK (כלבתא)
[35.8%] #10746: "Jastrow, כַּלְדָּאָה"... OK (כלדאה)
[35.8%] #10747: "Jastrow, כַּלְדִּי"... OK (כלדי)
[35.8%] #10748: "Jastrow, *כְּלָה"... OK (כלה)
[35.8%] #10749: "Jastrow, כַּלָּה"... duplicate
[35.8%] #10749: "Jastrow, כָּלָה"... duplicate
[35.8%] #10749: "Jastrow, כָּלוּ"... OK (כלו)
[35.8%] #10750: "Jastrow, כְּלוּב"... OK (כלוב)
[35.8%] #10751: "Jastrow, *כָּלוּב"... duplicate
[35.8%] #10751: "Jastrow, כְּלוּבָא"... OK (כלובא)
[35.8%] #10752: "Jastrow, כלודי"... OK (כלודי)
[35.8%] #10753: "Jastrow, כְּלוֹזָא"... OK (כלוזא)
[35.8%] #10754: "Jastrow, כְּלוּחִית"... OK (כלוחית)
[35.8%] #10755: "Jastrow, כלוט"... OK (כלוט)
[35.9%] #10756: "Jastrow, כלוכסין"... OK (כלוכסין)
[35.9%] #10757: "Jastrow, כָּלוּל"... OK (כלול)
[35.9%] #10758: "Jastrow, כְּלוּם"... OK (כלום)
[35.9%] #10759: "Jastrow, כְּלוֹמַר"... OK (כלומר)
[35.9%] #10760: "Jastrow, כלונוס"... OK (כלונוס)
[35.9%] #10761: "Jastrow, כלוניא"... OK (כלוניא)
[35.9%] #10762: "Jastrow, כלוניס"... OK (כלוניס)
[35.9%] #10763: "Jastrow, כְּלוֹנָס"... OK (כלונס)
[35.9%] #10764: "Jastrow, כְּלוֹנְסָא"... OK (כלונסא)
[35.9%] #10765: "Jastrow, כלוסין"... OK (כלוסין)
[35.9%] #10766: "Jastrow, כְּלוּפְסִין"... OK (כלופסין)
[35.9%] #10767: "Jastrow, כלורכין"... OK (כלורכין)
[35.9%] #10768: "Jastrow, כְּלוּתָא"... OK (כלותא)
[35.9%] #10769: "Jastrow, כְּלִי"... OK (כלי)
[35.9%] #10770: "Jastrow, כלי"... duplicate
[35.9%] #10770: "Jastrow, כְּלֵי"... duplicate
[35.9%] #10770: "Jastrow, כְּלֵי ²"... duplicate
[35.9%] #10770: "Jastrow, כִּלְיָא"... OK (כליא)
[35.9%] #10771: "Jastrow, כַּלַּיָּא"... duplicate
[35.9%] #10771: "Jastrow, כַּלְיָא"... duplicate
[35.9%] #10771: "Jastrow, כְּלִיבָא"... OK (כליבא)
[35.9%] #10772: "Jastrow, כְּלִיבָה"... OK (כליבה)
[35.9%] #10773: "Jastrow, כַּלִּיד"... OK (כליד)
[35.9%] #10774: "Jastrow, כלידו"... OK (כלידו)
[35.9%] #10775: "Jastrow, כִּלְיָה"... OK (כליה)
[35.9%] #10776: "Jastrow, כְּלָיָה"... duplicate
[35.9%] #10776: "Jastrow, כליונים"... OK (כליונים)
[35.9%] #10777: "Jastrow, כַּלְיוּתָא"... OK (כליותא)
[35.9%] #10778: "Jastrow, כַּלַּיָּיה"... OK (כלייה)
[35.9%] #10779: "Jastrow, כִּלְיָיה"... duplicate
[35.9%] #10779: "Jastrow, כְּלָיָיה"... duplicate
[35.9%] #10779: "Jastrow, כליכה"... OK (כליכה)
[35.9%] #10780: "Jastrow, כָּלִיל"... OK (כליל)
[35.9%] #10781: "Jastrow, כְּלִיל"... duplicate
[35.9%] #10781: "Jastrow, כְּלִילָאֵי"... OK (כלילאי)
[35.9%] #10782: "Jastrow, כְּלִילְתָּא"... OK (כלילתא)
[35.9%] #10783: "Jastrow, כְּלִימָּה"... OK (כלימה)
  [Saved progress: 10783 entries]
[35.9%] #10784: "Jastrow, כלימך"... OK (כלימך)
[35.9%] #10785: "Jastrow, כַּלִּין"... OK (כלין)
[35.9%] #10786: "Jastrow, כָּלִינוֹס"... OK (כלינוס)
[36.0%] #10787: "Jastrow, כְּלִינִידִין"... OK (כלינידין)
[36.0%] #10788: "Jastrow, כלינס"... OK (כלינס)
[36.0%] #10789: "Jastrow, כְּלִינְסָא"... OK (כלינסא)
[36.0%] #10790: "Jastrow, כָּלִיס"... OK (כליס)
[36.0%] #10791: "Jastrow, כליסריקים"... OK (כליסריקים)
[36.0%] #10792: "Jastrow, כלירכין"... OK (כלירכין)
[36.0%] #10793: "Jastrow, כלירקין"... OK (כלירקין)
[36.0%] #10794: "Jastrow, כְּלֵיתָא"... OK (כליתא)
[36.0%] #10795: "Jastrow, כַּלָּךְ"... OK (כלך)
[36.0%] #10796: "Jastrow, כַּלֵּךְ"... duplicate
[36.0%] #10796: "Jastrow, כִּלְכּוּל"... OK (כלכול)
[36.0%] #10797: "Jastrow, *כַּלְכּוּס"... OK (כלכוס)
[36.0%] #10798: "Jastrow, כַּלְכִּיד"... OK (כלכיד)
[36.0%] #10799: "Jastrow, כִּלְכִּית"... OK (כלכית)
[36.0%] #10800: "Jastrow, כִּלְכֵּל"... OK (כלכל)
[36.0%] #10801: "Jastrow, כַּלְכָּל"... duplicate
[36.0%] #10801: "Jastrow, כַּלְכָּלָה"... OK (כלכלה)
[36.0%] #10802: "Jastrow, כָּלַל"... OK (כלל)
[36.0%] #10803: "Jastrow, כְּלַל"... duplicate
[36.0%] #10803: "Jastrow, כְּלָל"... duplicate
[36.0%] #10803: "Jastrow, כְּלָלָא"... OK (כללא)
[36.0%] #10804: "Jastrow, כָּלַם"... OK (כלם)
[36.0%] #10805: "Jastrow, כְּלַם"... duplicate
[36.0%] #10805: "Jastrow, *כְּלָמָא"... OK (כלמא)
[36.0%] #10806: "Jastrow, כַּלְמָא"... duplicate
[36.0%] #10806: "Jastrow, כְּלָמוּס"... OK (כלמוס)
[36.0%] #10807: "Jastrow, כַּלְמְתָא"... OK (כלמתא)
[36.0%] #10808: "Jastrow, כָּלָּן"... OK (כלן)
[36.0%] #10809: "Jastrow, כַּלָּן"... duplicate
[36.0%] #10809: "Jastrow, כלנוס"... OK (כלנוס)
[36.0%] #10810: "Jastrow, כְּלָנִידְיָיא"... OK (כלנידייא)
[36.0%] #10811: "Jastrow, כַּלְנִיתָא"... OK (כלניתא)
[36.0%] #10812: "Jastrow, כְּלֵנְסָא"... OK (כלנסא)
[36.0%] #10813: "Jastrow, כלעס"... OK (כלעס)
[36.0%] #10814: "Jastrow, כְּלַפֵּי"... OK (כלפי)
[36.0%] #10815: "Jastrow, כְּלֶקְדִּיקָה"... OK (כלקדיקה)
[36.0%] #10816: "Jastrow, כלקורא"... OK (כלקורא)
[36.1%] #10817: "Jastrow, כלקטורים"... OK (כלקטורים)
[36.1%] #10818: "Jastrow, כַּלַּקְטֵירִין"... OK (כלקטירין)
[36.1%] #10819: "Jastrow, כַּלְקִירָא"... OK (כלקירא)
[36.1%] #10820: "Jastrow, כַּלְקִיס"... OK (כלקיס)
[36.1%] #10821: "Jastrow, כלקירא"... duplicate
[36.1%] #10821: "Jastrow, כלרייה"... OK (כלרייה)
[36.1%] #10822: "Jastrow, כַּלְּתָא"... OK (כלתא)
[36.1%] #10823: "Jastrow, כלתין"... OK (כלתין)
[36.1%] #10824: "Jastrow, כְּמָא"... OK (כמא)
[36.1%] #10825: "Jastrow, כְּמַאי"... OK (כמאי)
[36.1%] #10826: "Jastrow, כְּמָה"... OK (כמה)
[36.1%] #10827: "Jastrow, כַּמֶּה"... duplicate
[36.1%] #10827: "Jastrow, כְּמֵהוֹת"... OK (כמהות)
[36.1%] #10828: "Jastrow, כְּמֵהִין"... OK (כמהין)
[36.1%] #10829: "Jastrow, כְּמוֹ"... OK (כמו)
[36.1%] #10830: "Jastrow, כמון"... OK (כמון)
[36.1%] #10831: "Jastrow, כַּמּוֹן"... duplicate
[36.1%] #10831: "Jastrow, כַּמּוֹנָא"... OK (כמונא)
[36.1%] #10832: "Jastrow, כָּמוֹנָא"... duplicate
[36.1%] #10832: "Jastrow, כְּמוֹת"... OK (כמות)
[36.1%] #10833: "Jastrow, כְּמֵיהוֹת"... OK (כמיהות)
[36.1%] #10834: "Jastrow, כמיך"... OK (כמיך)
[36.1%] #10835: "Jastrow, כָּמֵין"... OK (כמין)
[36.1%] #10836: "Jastrow, כְּמֵינָא"... OK (כמינא)
[36.1%] #10837: "Jastrow, כְּמֵיסַת"... OK (כמיסת)
[36.1%] #10838: "Jastrow, כְּמֵישׁ"... OK (כמיש)
[36.1%] #10839: "Jastrow, כָּמַךְ"... OK (כמך)
[36.1%] #10840: "Jastrow, כָּמְכָא"... OK (כמכא)
[36.1%] #10841: "Jastrow, כְּמָן"... OK (כמן)
[36.1%] #10842: "Jastrow, כָּמַן"... duplicate
[36.1%] #10842: "Jastrow, כְּמַן"... duplicate
[36.1%] #10842: "Jastrow, כַּמָּן"... duplicate
[36.1%] #10842: "Jastrow, כְּמָנָא"... OK (כמנא)
[36.1%] #10843: "Jastrow, כְּמָנָה"... OK (כמנה)
[36.1%] #10844: "Jastrow, כִּמָּנוֹן"... OK (כמנון)
[36.1%] #10845: "Jastrow, כָּמַס"... OK (כמס)
[36.1%] #10846: "Jastrow, כְּמָס"... duplicate
[36.1%] #10846: "Jastrow, כְּמָס ²"... duplicate
[36.1%] #10846: "Jastrow, כְּמֵסַת"... OK (כמסת)
[36.2%] #10847: "Jastrow, כָּמַר"... OK (כמר)
[36.2%] #10848: "Jastrow, כְּמַר"... duplicate
[36.2%] #10848: "Jastrow, כֹּמֶר"... duplicate
[36.2%] #10848: "Jastrow, כְּמַרְיָאתָא"... OK (כמריאתא)
[36.2%] #10849: "Jastrow, כמרוסא"... OK (כמרוסא)
[36.2%] #10850: "Jastrow, כָּמַשׁ"... OK (כמש)
[36.2%] #10851: "Jastrow, כְּמַשׁ"... duplicate
[36.2%] #10851: "Jastrow, כְּמָת־"... OK (כמת)
[36.2%] #10852: "Jastrow, כַּן"... OK (כן)
[36.2%] #10853: "Jastrow, כֵּן I"... duplicate
[36.2%] #10853: "Jastrow, כֵּן"... duplicate
[36.2%] #10853: "Jastrow, כֵּן II"... duplicate
[36.2%] #10853: "Jastrow, כַּנָּא"... OK (כנא)
[36.2%] #10854: "Jastrow, כִּנָּא"... duplicate
[36.2%] #10854: "Jastrow, *כַּנְגַּד"... OK (כנגד)
[36.2%] #10855: "Jastrow, כַּנְדָּא I"... OK (כנדא)
[36.2%] #10856: "Jastrow, כַּנְדָּא II"... duplicate
[36.2%] #10856: "Jastrow, כַּנְדּוֹקָא"... OK (כנדוקא)
[36.2%] #10857: "Jastrow, כִּנָּה"... OK (כנה)
[36.2%] #10858: "Jastrow, כַּנָּה"... duplicate
[36.2%] #10858: "Jastrow, כָּנָה"... duplicate
  [Saved progress: 10857 entries]
[36.2%] #10858: "Jastrow, *כַּנְהָא"... OK (כנהא)
[36.2%] #10859: "Jastrow, *כְּנָוָותָה"... OK (כנוותה)
[36.2%] #10860: "Jastrow, כִּנּוּי"... OK (כנוי)
[36.2%] #10861: "Jastrow, כָּנוֹן"... OK (כנון)
[36.2%] #10862: "Jastrow, כָּנוֹנָא"... OK (כנונא)
[36.2%] #10863: "Jastrow, כָּנוֹנֵי"... OK (כנוני)
[36.2%] #10864: "Jastrow, כִּנּוּס"... OK (כנוס)
[36.2%] #10865: "Jastrow, כְּנוּפְיָא"... OK (כנופיא)
[36.2%] #10866: "Jastrow, כִּנּוֹר"... OK (כנור)
[36.2%] #10867: "Jastrow, כִּנּוֹרָא"... OK (כנורא)
[36.2%] #10868: "Jastrow, כְּנוֹשָׁאָה"... OK (כנושאה)
[36.2%] #10869: "Jastrow, כני"... OK (כני)
[36.2%] #10870: "Jastrow, כני ²"... duplicate
[36.2%] #10870: "Jastrow, כַּנְיָא"... OK (כניא)
[36.2%] #10871: "Jastrow, כְּנִימָּה"... OK (כנימה)
[36.2%] #10872: "Jastrow, כְּנִיסָא"... OK (כניסא)
[36.2%] #10873: "Jastrow, כְּנִיסָה"... OK (כניסה)
[36.2%] #10874: "Jastrow, כניסתא"... OK (כניסתא)
[36.2%] #10875: "Jastrow, כְּנִישׁ"... OK (כניש)
[36.3%] #10876: "Jastrow, כְּנִישָׁא"... OK (כנישא)
[36.3%] #10877: "Jastrow, כַּנְכָּב"... OK (כנכב)
[36.3%] #10878: "Jastrow, כָּנַן"... OK (כנן)
[36.3%] #10879: "Jastrow, כָּנַס"... OK (כנס)
[36.3%] #10880: "Jastrow, כְּנַס"... duplicate
[36.3%] #10880: "Jastrow, כנסא"... OK (כנסא)
[36.3%] #10881: "Jastrow, כְּנָסָה"... OK (כנסה)
[36.3%] #10882: "Jastrow, כְּנֵסִיָּה"... OK (כנסיה)
[36.3%] #10883: "Jastrow, כְּנֶסֶת"... OK (כנסת)
[36.3%] #10884: "Jastrow, כְּנַע"... OK (כנע)
[36.3%] #10885: "Jastrow, כנעה"... OK (כנעה)
[36.3%] #10886: "Jastrow, כְּנַעַן"... OK (כנען)
[36.3%] #10887: "Jastrow, כְּנַעֲנָאָה"... OK (כנענאה)
[36.3%] #10888: "Jastrow, כְּנַעֲנִי"... OK (כנעני)
[36.3%] #10889: "Jastrow, כָּנַף"... OK (כנף)
[36.3%] #10890: "Jastrow, כְּנַף I"... duplicate
[36.3%] #10890: "Jastrow, כָּנָף"... duplicate
[36.3%] #10890: "Jastrow, כְּנַף II"... duplicate
[36.3%] #10890: "Jastrow, כִּנָּר"... OK (כנר)
[36.3%] #10891: "Jastrow, כִּנָּרָא"... OK (כנרא)
[36.3%] #10892: "Jastrow, כִּנְּרָא"... duplicate
[36.3%] #10892: "Jastrow, כנריות"... OK (כנריות)
[36.3%] #10893: "Jastrow, כִּנֶּרֶת"... OK (כנרת)
[36.3%] #10894: "Jastrow, כָּנַשׁ"... OK (כנש)
[36.3%] #10895: "Jastrow, כְּנַשׁ"... duplicate
[36.3%] #10895: "Jastrow, כִּנְשָׁא"... OK (כנשא)
[36.3%] #10896: "Jastrow, כְּנִשְׁתָּא"... OK (כנשתא)
[36.3%] #10897: "Jastrow, כַּנְתָא"... OK (כנתא)
[36.3%] #10898: "Jastrow, כנתי"... OK (כנתי)
[36.3%] #10899: "Jastrow, כס"... OK (כס)
[36.3%] #10900: "Jastrow, כָּס"... duplicate
[36.3%] #10900: "Jastrow, כֹּס"... duplicate
[36.3%] #10900: "Jastrow, כְּסָא I"... OK (כסא)
[36.3%] #10901: "Jastrow, כְּסָא II"... duplicate
[36.3%] #10901: "Jastrow, כַּסָּא I"... duplicate
[36.3%] #10901: "Jastrow, כַּסָּא II"... duplicate
[36.3%] #10901: "Jastrow, כִּסֵּא"... duplicate
[36.3%] #10901: "Jastrow, כֶּסֶא"... duplicate
[36.3%] #10901: "Jastrow, כְּסָאן"... OK (כסאן)
[36.3%] #10902: "Jastrow, כְּסָאנִין"... OK (כסאנין)
[36.3%] #10903: "Jastrow, כָּסְבַּר"... OK (כסבר)
[36.3%] #10904: "Jastrow, כַּסְדָּאָה"... OK (כסדאה)
[36.3%] #10905: "Jastrow, כִּסֵּה"... OK (כסה)
[36.4%] #10906: "Jastrow, כֶּסֶה"... duplicate
[36.4%] #10906: "Jastrow, כָּסָה"... duplicate
[36.4%] #10906: "Jastrow, כְּסוּ"... OK (כסו)
[36.4%] #10907: "Jastrow, כִּסּוּחַ"... OK (כסוח)
[36.4%] #10908: "Jastrow, כְּסוּי"... OK (כסוי)
[36.4%] #10909: "Jastrow, כִּסּוּי"... duplicate
[36.4%] #10909: "Jastrow, כָּסוּל"... OK (כסול)
[36.4%] #10910: "Jastrow, כְּסוּסְטָא"... OK (כסוסטא)
[36.4%] #10911: "Jastrow, כְּסוּסְטְרָא"... OK (כסוסטרא)
[36.4%] #10912: "Jastrow, כִּסּוּפָא"... OK (כסופא)
[36.4%] #10913: "Jastrow, כסוריא"... OK (כסוריא)
[36.4%] #10914: "Jastrow, כְּסוּת"... OK (כסות)
[36.4%] #10915: "Jastrow, כְּסוּתָא"... OK (כסותא)
[36.4%] #10916: "Jastrow, כָּסַח"... OK (כסח)
[36.4%] #10917: "Jastrow, כְּסַח"... duplicate
[36.4%] #10917: "Jastrow, כסי"... OK (כסי)
[36.4%] #10918: "Jastrow, כְּסֵי"... duplicate
[36.4%] #10918: "Jastrow, כסי ²"... duplicate
[36.4%] #10918: "Jastrow, כְּסֵי ²"... duplicate
[36.4%] #10918: "Jastrow, כַּסִּי"... duplicate
[36.4%] #10918: "Jastrow, כַּסְיָאן"... OK (כסיאן)
[36.4%] #10919: "Jastrow, כסידא"... OK (כסידא)
[36.4%] #10920: "Jastrow, כְּסִיטְנָא"... OK (כסיטנא)
[36.4%] #10921: "Jastrow, כְּסִיָּיה"... OK (כסייה)
[36.4%] #10922: "Jastrow, כְּסִיל"... OK (כסיל)
[36.4%] #10923: "Jastrow, כְּסִילָא"... OK (כסילא)
[36.4%] #10924: "Jastrow, כְּסִיסְטָא"... OK (כסיסטא)
[36.4%] #10925: "Jastrow, כסיפא"... OK (כסיפא)
[36.4%] #10926: "Jastrow, כְּסִיפוּתָא"... OK (כסיפותא)
[36.4%] #10927: "Jastrow, כְּסִיפְתָּא"... OK (כסיפתא)
[36.4%] #10928: "Jastrow, כְּסִיקַבְיָא"... OK (כסיקביא)
[36.4%] #10929: "Jastrow, כסירא"... OK (כסירא)
[36.4%] #10930: "Jastrow, כְּסִיתָא"... OK (כסיתא)
[36.4%] #10931: "Jastrow, *כְּסִיתָּא"... duplicate
[36.4%] #10931: "Jastrow, כֶּסֶךְ"... OK (כסך)
[36.4%] #10932: "Jastrow, כִּסְכּוּס"... OK (כסכוס)
[36.4%] #10933: "Jastrow, כִּסְכֵּס"... OK (כסכס)
[36.4%] #10934: "Jastrow, כַּסְכֵּס"... duplicate
  [Saved progress: 10933 entries]
[36.4%] #10934: "Jastrow, כַּסְכַּס"... duplicate
[36.4%] #10934: "Jastrow, כַּסְכְּסַיָּיה"... OK (כסכסייה)
[36.4%] #10935: "Jastrow, כסכסייך"... OK (כסכסייך)
[36.4%] #10936: "Jastrow, כֶּסֶל"... OK (כסל)
[36.5%] #10937: "Jastrow, כִּסְלָא I"... OK (כסלא)
[36.5%] #10938: "Jastrow, כִּסְלָא II"... duplicate
[36.5%] #10938: "Jastrow, כִּסְלֵו"... OK (כסלו)
[36.5%] #10939: "Jastrow, כֻּסֶּמֶת"... OK (כסמת)
[36.5%] #10940: "Jastrow, כְּסַן"... OK (כסן)
[36.5%] #10941: "Jastrow, כְּסָן"... duplicate
[36.5%] #10941: "Jastrow, כְּסָנִין"... OK (כסנין)
[36.5%] #10942: "Jastrow, כָּסַס"... OK (כסס)
[36.5%] #10943: "Jastrow, כְּסַס"... duplicate
[36.5%] #10943: "Jastrow, כָּסַף"... OK (כסף)
[36.5%] #10944: "Jastrow, כְּסַף I"... duplicate
[36.5%] #10944: "Jastrow, כֶּסֶף"... duplicate
[36.5%] #10944: "Jastrow, כְּסַף II"... duplicate
[36.5%] #10944: "Jastrow, כַּסְפָּא II"... OK (כספא)
[36.5%] #10945: "Jastrow, כַּסָּף"... duplicate
[36.5%] #10945: "Jastrow, כָּסִפְיָא"... OK (כספיא)
[36.5%] #10946: "Jastrow, כְּסַפְתָּא"... OK (כספתא)
[36.5%] #10947: "Jastrow, כספתיאס"... OK (כספתיאס)
[36.5%] #10948: "Jastrow, כסרא"... OK (כסרא)
[36.5%] #10949: "Jastrow, כֶּסֶת"... OK (כסת)
[36.5%] #10950: "Jastrow, כעבים"... OK (כעבים)
[36.5%] #10951: "Jastrow, כָּעוּס"... OK (כעוס)
[36.5%] #10952: "Jastrow, כְּעִירוּת"... OK (כעירות)
[36.5%] #10953: "Jastrow, כַּעַךְ"... OK (כעך)
[36.5%] #10954: "Jastrow, כַּעֲכָא"... OK (כעכא)
[36.5%] #10955: "Jastrow, כעכע"... OK (כעכע)
[36.5%] #10956: "Jastrow, כְּעַן"... OK (כען)
[36.5%] #10957: "Jastrow, כְּעֶנֶת"... OK (כענת)
[36.5%] #10958: "Jastrow, כָּעַס"... OK (כעס)
[36.5%] #10959: "Jastrow, כְּעַס"... duplicate
[36.5%] #10959: "Jastrow, כַּעַס"... duplicate
[36.5%] #10959: "Jastrow, כַּעֲסָא"... OK (כעסא)
[36.5%] #10960: "Jastrow, כָּעַר"... OK (כער)
[36.5%] #10961: "Jastrow, כְּעַר"... duplicate
[36.5%] #10961: "Jastrow, כְּעֶת"... OK (כעת)
[36.5%] #10962: "Jastrow, כ"ף"... OK (כף)
[36.5%] #10963: "Jastrow, כָּף"... duplicate
[36.5%] #10963: "Jastrow, כֵּף"... duplicate
[36.5%] #10963: "Jastrow, כַּף"... duplicate
[36.5%] #10963: "Jastrow, כַּף ²"... duplicate
[36.5%] #10963: "Jastrow, כַּפָּא II"... OK (כפא)
[36.5%] #10964: "Jastrow, כֵּפָא"... duplicate
[36.5%] #10964: "Jastrow, כָּפָא"... duplicate
[36.5%] #10964: "Jastrow, כְּפָאתִין"... OK (כפאתין)
[36.5%] #10965: "Jastrow, כִּפָּה"... OK (כפה)
[36.5%] #10966: "Jastrow, כֵּפָה"... duplicate
[36.5%] #10966: "Jastrow, כָּפוּי"... OK (כפוי)
[36.6%] #10967: "Jastrow, כְּפוּיֵי"... OK (כפויי)
[36.6%] #10968: "Jastrow, כְּפוּלוֹת"... OK (כפולות)
[36.6%] #10969: "Jastrow, כפוני"... OK (כפוני)
[36.6%] #10970: "Jastrow, כִּפּוּר"... OK (כפור)
[36.6%] #10971: "Jastrow, כִּפּוּר ²"... duplicate
[36.6%] #10971: "Jastrow, כְּפוֹר I"... duplicate
[36.6%] #10971: "Jastrow, כְּפוֹר II"... duplicate
[36.6%] #10971: "Jastrow, כִּפּוּרָא"... OK (כפורא)
[36.6%] #10972: "Jastrow, כְּפוֹרָא I"... duplicate
[36.6%] #10972: "Jastrow, כְּפוֹרָא II"... duplicate
[36.6%] #10972: "Jastrow, כְּפוֹרָא III"... duplicate
[36.6%] #10972: "Jastrow, כַּפּוֹרֵי"... OK (כפורי)
[36.6%] #10973: "Jastrow, כַּפּוֹרֶת"... OK (כפורת)
[36.6%] #10974: "Jastrow, כָּפוּרְתָּא"... OK (כפורתא)
[36.6%] #10975: "Jastrow, כָּפוּת"... OK (כפות)
[36.6%] #10976: "Jastrow, כַּפּוּתָא"... OK (כפותא)
[36.6%] #10977: "Jastrow, כָּפַח"... OK (כפח)
[36.6%] #10978: "Jastrow, כִּפֵּחַ"... duplicate
[36.6%] #10978: "Jastrow, כפי"... OK (כפי)
[36.6%] #10979: "Jastrow, כְּפִי"... duplicate
[36.6%] #10979: "Jastrow, כְּפִיזָא"... OK (כפיזא)
[36.6%] #10980: "Jastrow, כְּפִיָיה"... OK (כפייה)
[36.6%] #10981: "Jastrow, כְּפֵיל"... OK (כפיל)
[36.6%] #10982: "Jastrow, כְּפֵיל־"... duplicate
[36.6%] #10982: "Jastrow, כְּפֵילָא"... OK (כפילא)
[36.6%] #10983: "Jastrow, כְּפֵילָה"... OK (כפילה)
[36.6%] #10984: "Jastrow, כָּפֵילְתָּא"... OK (כפילתא)
[36.6%] #10985: "Jastrow, כָּפִין"... OK (כפין)
[36.6%] #10986: "Jastrow, כְּפֵינֵי"... OK (כפיני)
[36.6%] #10987: "Jastrow, כָּפִיס"... OK (כפיס)
[36.6%] #10988: "Jastrow, כְּפִיפָה"... OK (כפיפה)
[36.6%] #10989: "Jastrow, כְּפִירָה"... OK (כפירה)
[36.6%] #10990: "Jastrow, כְּפִישָׁא"... OK (כפישא)
[36.6%] #10991: "Jastrow, כְּפִישָׁה"... OK (כפישה)
[36.6%] #10992: "Jastrow, כָּפִית"... OK (כפית)
[36.6%] #10993: "Jastrow, כְּפִיתָה"... OK (כפיתה)
[36.6%] #10994: "Jastrow, כַּפְכָּף"... OK (כפכף)
[36.6%] #10995: "Jastrow, כָּפַל"... OK (כפל)
[36.6%] #10996: "Jastrow, כְּפַל"... duplicate
[36.6%] #10996: "Jastrow, כֶּפֶל"... duplicate
[36.6%] #10996: "Jastrow, כַּפְלָא"... OK (כפלא)
[36.7%] #10997: "Jastrow, כפלון"... OK (כפלון)
[36.7%] #10998: "Jastrow, *כִּפְלָיוֹת"... OK (כפליות)
[36.7%] #10999: "Jastrow, כפליין"... OK (כפליין)
[36.7%] #11000: "Jastrow, כָּפַן"... OK (כפן)
[36.7%] #11001: "Jastrow, כְּפַן I"... duplicate
[36.7%] #11001: "Jastrow, כְּפַן II"... duplicate
[36.7%] #11001: "Jastrow, כָּפְנִי"... OK (כפני)
[36.7%] #11002: "Jastrow, כָּפְנִים"... OK (כפנים)
  [Saved progress: 11002 entries]
[36.7%] #11003: "Jastrow, כָּפְנִית"... OK (כפנית)
[36.7%] #11004: "Jastrow, כָּפְנִיתָא"... OK (כפניתא)
[36.7%] #11005: "Jastrow, כְּפַס"... OK (כפס)
[36.7%] #11006: "Jastrow, *כָּפַע"... OK (כפע)
[36.7%] #11007: "Jastrow, כְּפַע"... duplicate
[36.7%] #11007: "Jastrow, כָּפַף"... OK (כפף)
[36.7%] #11008: "Jastrow, כְּפַף"... duplicate
[36.7%] #11008: "Jastrow, כְּפֶפְתָּא"... OK (כפפתא)
[36.7%] #11009: "Jastrow, כָּפַר"... OK (כפר)
[36.7%] #11010: "Jastrow, כְּפַר"... duplicate
[36.7%] #11010: "Jastrow, כֹּפֶר"... duplicate
[36.7%] #11010: "Jastrow, כָּפָר"... duplicate
[36.7%] #11010: "Jastrow, *כַּפְרָא"... OK (כפרא)
[36.7%] #11011: "Jastrow, כַּפְרָא"... duplicate
[36.7%] #11011: "Jastrow, כַּפָּרָה"... OK (כפרה)
[36.7%] #11012: "Jastrow, כַּפְרוֹנַיָּא"... OK (כפרוניא)
[36.7%] #11013: "Jastrow, כַּפְרוּסָאֵי"... OK (כפרוסאי)
[36.7%] #11014: "Jastrow, כַּפְרִי"... OK (כפרי)
[36.7%] #11015: "Jastrow, כַּפְרָן"... OK (כפרן)
[36.7%] #11016: "Jastrow, כַּפְרָנָא"... OK (כפרנא)
[36.7%] #11017: "Jastrow, כַּפְרָנוּת"... OK (כפרנות)
[36.7%] #11018: "Jastrow, כַּפֹּרֶת"... OK (כפרת)
[36.7%] #11019: "Jastrow, כָּפַשׁ"... OK (כפש)
[36.7%] #11020: "Jastrow, כָּפַת"... OK (כפת)
[36.7%] #11021: "Jastrow, כְּפַת"... duplicate
[36.7%] #11021: "Jastrow, כִּפַּת"... duplicate
[36.7%] #11021: "Jastrow, כֵּפַת"... duplicate
[36.7%] #11021: "Jastrow, כְּפָתָא"... OK (כפתא)
[36.7%] #11022: "Jastrow, כְּפָתָה"... OK (כפתה)
[36.7%] #11023: "Jastrow, כַּפְתּוֹר"... OK (כפתור)
[36.7%] #11024: "Jastrow, כַּפְתּוֹרִים"... OK (כפתורים)
[36.7%] #11025: "Jastrow, כֵּצַד"... OK (כצד)
[36.8%] #11026: "Jastrow, כצוצטרה"... OK (כצוצטרה)
[36.8%] #11027: "Jastrow, כַּר"... OK (כר)
[36.8%] #11028: "Jastrow, כַּר ²"... duplicate
[36.8%] #11028: "Jastrow, כְּרָא"... OK (כרא)
[36.8%] #11029: "Jastrow, כְּרָאזָא"... OK (כראזא)
[36.8%] #11030: "Jastrow, כְּרָאכָא"... OK (כראכא)
[36.8%] #11031: "Jastrow, *כְּרַב I"... OK (כרב)
[36.8%] #11032: "Jastrow, כְּרַב II"... duplicate
[36.8%] #11032: "Jastrow, כְּרָבָא I"... OK (כרבא)
[36.8%] #11033: "Jastrow, כְּרָבָא II"... duplicate
[36.8%] #11033: "Jastrow, כרבוניי"... OK (כרבוניי)
[36.8%] #11034: "Jastrow, כְּרֻבַּיָּא"... OK (כרביא)
[36.8%] #11035: "Jastrow, כרביז"... OK (כרביז)
[36.8%] #11036: "Jastrow, *כַּרְבִיתָא"... OK (כרביתא)
[36.8%] #11037: "Jastrow, כִּרְבִּל"... OK (כרבל)
[36.8%] #11038: "Jastrow, כרבלין"... OK (כרבלין)
[36.8%] #11039: "Jastrow, כַּרְבֶּלֶת"... OK (כרבלת)
[36.8%] #11040: "Jastrow, כַּרְבַּלְתָּא"... OK (כרבלתא)
[36.8%] #11041: "Jastrow, *כַּרְבֵּק"... OK (כרבק)
[36.8%] #11042: "Jastrow, כַּרְגָּא"... OK (כרגא)
[36.8%] #11043: "Jastrow, כַּרְדּוּ"... OK (כרדו)
[36.8%] #11044: "Jastrow, כַּרְדּוּט"... OK (כרדוט)
[36.8%] #11045: "Jastrow, כרדוכאות"... OK (כרדוכאות)
[36.8%] #11046: "Jastrow, כַּרְדִּיטִין"... OK (כרדיטין)
[36.8%] #11047: "Jastrow, כרדכאות"... OK (כרדכאות)
[36.8%] #11048: "Jastrow, כָּרָה"... OK (כרה)
[36.8%] #11049: "Jastrow, כֵּרָה"... duplicate
[36.8%] #11049: "Jastrow, כְּרַהּ"... duplicate
[36.8%] #11049: "Jastrow, כָּרְהָא"... OK (כרהא)
[36.8%] #11050: "Jastrow, כֻּרְהָנָא"... OK (כרהנא)
[36.8%] #11051: "Jastrow, כרו"... OK (כרו)
[36.8%] #11052: "Jastrow, כְּרוּב I"... OK (כרוב)
[36.8%] #11053: "Jastrow, כְּרוּב II"... duplicate
[36.8%] #11053: "Jastrow, כְּרוּבָּא"... OK (כרובא)
[36.8%] #11054: "Jastrow, כְּרוּבָא"... duplicate
[36.8%] #11054: "Jastrow, כְּרוֹבָא"... duplicate
[36.8%] #11054: "Jastrow, כְּרוּבָּה"... OK (כרובה)
[36.8%] #11055: "Jastrow, כְּרוּבְתָּא"... OK (כרובתא)
[36.9%] #11056: "Jastrow, כַּרְוָון"... OK (כרוון)
[36.9%] #11057: "Jastrow, כְּרוֹז"... OK (כרוז)
[36.9%] #11058: "Jastrow, כְּרוּז"... duplicate
[36.9%] #11058: "Jastrow, כָּרוֹז"... duplicate
[36.9%] #11058: "Jastrow, כָּרוֹז ²"... duplicate
[36.9%] #11058: "Jastrow, כָּרוֹזָא"... OK (כרוזא)
[36.9%] #11059: "Jastrow, כָּרַוְיָא"... OK (כרויא)
[36.9%] #11060: "Jastrow, כְּרוּיָה"... OK (כרויה)
[36.9%] #11061: "Jastrow, כְּרוֹךְ"... OK (כרוך)
[36.9%] #11062: "Jastrow, כְּרוּךְ"... duplicate
[36.9%] #11062: "Jastrow, כְּרוֹכָא"... OK (כרוכא)
[36.9%] #11063: "Jastrow, כְּרוּכְיָא"... OK (כרוכיא)
[36.9%] #11064: "Jastrow, כרוכין"... OK (כרוכין)
[36.9%] #11065: "Jastrow, כרוכסין"... OK (כרוכסין)
[36.9%] #11066: "Jastrow, כְּרוֹכַת"... OK (כרוכת)
[36.9%] #11067: "Jastrow, כְּרוּם"... OK (כרום)
[36.9%] #11068: "Jastrow, כְּרוּם ²"... duplicate
[36.9%] #11068: "Jastrow, כְּרוּמְשָׁא"... OK (כרומשא)
[36.9%] #11069: "Jastrow, כרוסא"... OK (כרוסא)
[36.9%] #11070: "Jastrow, כְּרוּסְפְּדָא"... OK (כרוספדא)
[36.9%] #11071: "Jastrow, כְּרוּסְפְּדַאי"... OK (כרוספדאי)
[36.9%] #11072: "Jastrow, כְּרוֹפְיָיתָא"... OK (כרופייתא)
[36.9%] #11073: "Jastrow, כרופסלה"... OK (כרופסלה)
[36.9%] #11074: "Jastrow, כְּרוֹשְׁיָיתָא"... OK (כרושייתא)
[36.9%] #11075: "Jastrow, כְּרוּשְׁתֵּינָא"... OK (כרושתינא)
[36.9%] #11076: "Jastrow, כָּרוּת"... OK (כרות)
[36.9%] #11077: "Jastrow, כְּרוֹת"... duplicate
[36.9%] #11077: "Jastrow, כָּרַז"... OK (כרז)
[36.9%] #11078: "Jastrow, כְּרַז"... duplicate
[36.9%] #11078: "Jastrow, כְּרָזָא"... OK (כרזא)
  [Saved progress: 11078 entries]
[36.9%] #11079: "Jastrow, כרזג"... OK (כרזג)
[36.9%] #11080: "Jastrow, כַּרְזְבָא"... OK (כרזבא)
[36.9%] #11081: "Jastrow, כַּרְזַיִים"... OK (כרזיים)
[36.9%] #11082: "Jastrow, כַּרְזִילָא"... OK (כרזילא)
[36.9%] #11083: "Jastrow, כַּרְזַיִם"... OK (כרזים)
[36.9%] #11084: "Jastrow, כַּרְזִימִין"... OK (כרזימין)
[36.9%] #11085: "Jastrow, כַּרְזַנְיָיתָא"... OK (כרזנייתא)
[37.0%] #11086: "Jastrow, כָּרַח"... OK (כרח)
[37.0%] #11087: "Jastrow, כְּרַח"... duplicate
[37.0%] #11087: "Jastrow, כֹּרַח"... duplicate
[37.0%] #11087: "Jastrow, כָּרְחָא"... OK (כרחא)
[37.0%] #11088: "Jastrow, כרטוסה"... OK (כרטוסה)
[37.0%] #11089: "Jastrow, כַּרְטֵיס"... OK (כרטיס)
[37.0%] #11090: "Jastrow, כרי"... OK (כרי)
[37.0%] #11091: "Jastrow, כְּרֵי"... duplicate
[37.0%] #11091: "Jastrow, כְּרִי"... duplicate
[37.0%] #11091: "Jastrow, כַּרְיָא I"... OK (כריא)
[37.0%] #11092: "Jastrow, כַּרְיָא II"... duplicate
[37.0%] #11092: "Jastrow, כְּרִיָה"... OK (כריה)
[37.0%] #11093: "Jastrow, כְּרִיהָא"... OK (כריהא)
[37.0%] #11094: "Jastrow, כְּרִיהוּתָא"... OK (כריהותא)
[37.0%] #11095: "Jastrow, כַּרְיוּתָא"... OK (כריותא)
[37.0%] #11096: "Jastrow, כְּרִיָיה"... OK (כרייה)
[37.0%] #11097: "Jastrow, כְּרֵיךְ"... OK (כריך)
[37.0%] #11098: "Jastrow, *כָּרִיךְ"... duplicate
[37.0%] #11098: "Jastrow, כְּרִיכָא I"... OK (כריכא)
[37.0%] #11099: "Jastrow, כְּרִיכָא II"... duplicate
[37.0%] #11099: "Jastrow, כְּרִיכָא III"... duplicate
[37.0%] #11099: "Jastrow, כְּרִיכָה"... OK (כריכה)
[37.0%] #11100: "Jastrow, *כְּרִיכְתָּא"... OK (כריכתא)
[37.0%] #11101: "Jastrow, כרים"... OK (כרים)
[37.0%] #11102: "Jastrow, כְּרֵיס־"... OK (כריס)
[37.0%] #11103: "Jastrow, כְּרִיסוֹ"... OK (כריסו)
[37.0%] #11104: "Jastrow, כְּרִיסוֹלָכַנוֹן"... OK (כריסולכנון)
[37.0%] #11105: "Jastrow, כַּרִיסְטְיוֹנָא"... OK (כריסטיונא)
[37.0%] #11106: "Jastrow, כְּרֵיסִית"... OK (כריסית)
[37.0%] #11107: "Jastrow, כְּרִיסְפָּא"... OK (כריספא)
[37.0%] #11108: "Jastrow, כְּרִיעָה"... OK (כריעה)
[37.0%] #11109: "Jastrow, כָּרֵישׁ"... OK (כריש)
[37.0%] #11110: "Jastrow, כָּרֵישָׁא II"... OK (כרישא)
[37.0%] #11111: "Jastrow, כְּרִית"... OK (כרית)
[37.0%] #11112: "Jastrow, כְּרֵית"... duplicate
[37.0%] #11112: "Jastrow, כְּרֵית־"... duplicate
[37.0%] #11112: "Jastrow, כְּרִיתָה"... OK (כריתה)
[37.0%] #11113: "Jastrow, כְּרִיתוּת"... OK (כריתות)
[37.0%] #11114: "Jastrow, כְּרֵיתִינוֹן"... OK (כריתינון)
[37.0%] #11115: "Jastrow, כְּרֵיתִית"... OK (כריתית)
[37.0%] #11116: "Jastrow, כָּרַךְ"... OK (כרך)
[37.1%] #11117: "Jastrow, כְּרַךְ I"... duplicate
[37.1%] #11117: "Jastrow, כֶּרֶךְ"... duplicate
[37.1%] #11117: "Jastrow, כְּרָךְ"... duplicate
[37.1%] #11117: "Jastrow, כְּרַךְ II"... duplicate
[37.1%] #11117: "Jastrow, כְּרָכָא"... OK (כרכא)
[37.1%] #11118: "Jastrow, כִּרְכֵּב"... OK (כרכב)
[37.1%] #11119: "Jastrow, כרכד"... OK (כרכד)
[37.1%] #11120: "Jastrow, כַּרְכְּדוֹן"... OK (כרכדון)
[37.1%] #11121: "Jastrow, כְּרַכָּה"... OK (כרכה)
[37.1%] #11122: "Jastrow, כַּרְכּוֹב"... OK (כרכוב)
[37.1%] #11123: "Jastrow, *כַּרְכּוּז"... OK (כרכוז)
[37.1%] #11124: "Jastrow, כַּרְכּוֹם I"... OK (כרכום)
[37.1%] #11125: "Jastrow, כַּרְכּוֹם II"... duplicate
[37.1%] #11125: "Jastrow, כַּרְכּוֹם"... duplicate
[37.1%] #11125: "Jastrow, כַּרְכּוֹמָא II"... OK (כרכומא)
[37.1%] #11126: "Jastrow, כרכוס"... OK (כרכוס)
[37.1%] #11127: "Jastrow, כִּרְכּוּר"... OK (כרכור)
[37.1%] #11128: "Jastrow, כַּרְכּוּשְׁתָּא"... OK (כרכושתא)
[37.1%] #11129: "Jastrow, כַּרְכִּימִישָׁא"... OK (כרכימישא)
[37.1%] #11130: "Jastrow, כרכין"... OK (כרכין)
[37.1%] #11131: "Jastrow, כַּרְכֵּישׁ"... OK (כרכיש)
[37.1%] #11132: "Jastrow, כַּרְכִיתָא"... OK (כרכיתא)
[37.1%] #11133: "Jastrow, כִּרְכִּם"... OK (כרכם)
[37.1%] #11134: "Jastrow, כרכמא"... OK (כרכמא)
[37.1%] #11135: "Jastrow, כרכמושא"... OK (כרכמושא)
[37.1%] #11136: "Jastrow, כַּרְכְּמִין"... OK (כרכמין)
[37.1%] #11137: "Jastrow, כַּרְכְּמִישָׁא"... OK (כרכמישא)
[37.1%] #11138: "Jastrow, כַּרְכְּמִית"... OK (כרכמית)
[37.1%] #11139: "Jastrow, כרכס"... OK (כרכס)
[37.1%] #11140: "Jastrow, כַּרְכַּס"... duplicate
[37.1%] #11140: "Jastrow, כַּרְכָּסָא"... OK (כרכסא)
[37.1%] #11141: "Jastrow, כרכסין"... OK (כרכסין)
[37.1%] #11142: "Jastrow, כִּרְכֵּר"... OK (כרכר)
[37.1%] #11143: "Jastrow, כַּרְכָּר"... duplicate
[37.1%] #11143: "Jastrow, *כַּרְכָּר"... duplicate
[37.1%] #11143: "Jastrow, כִּרְכְּרָן"... OK (כרכרן)
[37.1%] #11144: "Jastrow, כַּרְכֵּשׁ"... OK (כרכש)
[37.1%] #11145: "Jastrow, כַּרְכֵּשׁ ²"... duplicate
[37.1%] #11145: "Jastrow, כַּרְכְּשָׁא"... OK (כרכשא)
[37.1%] #11146: "Jastrow, כַּרְכַּשְׁתָּא I"... OK (כרכשתא)
[37.2%] #11147: "Jastrow, כַּרְכַּשְׁתָּא II"... duplicate
[37.2%] #11147: "Jastrow, כְּרַכְתָּא"... OK (כרכתא)
[37.2%] #11148: "Jastrow, כָּרַם"... OK (כרם)
[37.2%] #11149: "Jastrow, כֶּרֶם"... duplicate
[37.2%] #11149: "Jastrow, כְּרָם"... duplicate
[37.2%] #11149: "Jastrow, *כַּרְמון"... OK (כרמון)
[37.2%] #11150: "Jastrow, כַּרְמִי"... OK (כרמי)
[37.2%] #11151: "Jastrow, כַּרְמֶל"... OK (כרמל)
[37.2%] #11152: "Jastrow, כַּרְמְלִי"... OK (כרמלי)
[37.2%] #11153: "Jastrow, כַּרְמְלִית"... OK (כרמלית)
[37.2%] #11154: "Jastrow, כָּרֶמֶת"... OK (כרמת)
[37.2%] #11155: "Jastrow, כְּרָן"... OK (כרן)
  [Saved progress: 11155 entries]
[37.2%] #11156: "Jastrow, כַּרְנִבָּאוֹת"... OK (כרנבאות)
[37.2%] #11157: "Jastrow, כַּרְנְבוֹ"... OK (כרנבו)
[37.2%] #11158: "Jastrow, *כְּרַנְבִּי"... OK (כרנבי)
[37.2%] #11159: "Jastrow, *כַּרְנִיבָּאוֹת"... OK (כרניבאות)
[37.2%] #11160: "Jastrow, כרנכי"... OK (כרנכי)
[37.2%] #11161: "Jastrow, *כרס"... OK (כרס)
[37.2%] #11162: "Jastrow, כֶּרֶס"... duplicate
[37.2%] #11162: "Jastrow, כַּרְסָא"... OK (כרסא)
[37.2%] #11163: "Jastrow, כָּרְסֵא"... duplicate
[37.2%] #11163: "Jastrow, כָּרְסָוָון"... OK (כרסוון)
[37.2%] #11164: "Jastrow, כרסום"... OK (כרסום)
[37.2%] #11165: "Jastrow, כרסטייתא"... OK (כרסטייתא)
[37.2%] #11166: "Jastrow, כרסין"... OK (כרסין)
[37.2%] #11167: "Jastrow, כרסלא"... OK (כרסלא)
[37.2%] #11168: "Jastrow, כרסם"... OK (כרסם)
[37.2%] #11169: "Jastrow, כַּרְסָנָא"... OK (כרסנא)
[37.2%] #11170: "Jastrow, כרסס"... OK (כרסס)
[37.2%] #11171: "Jastrow, כַּרְסֶפֶת"... OK (כרספת)
[37.2%] #11172: "Jastrow, כַּרְסָתָן"... OK (כרסתן)
[37.2%] #11173: "Jastrow, כָּרַע"... OK (כרע)
[37.2%] #11174: "Jastrow, כְּרַע"... duplicate
[37.2%] #11174: "Jastrow, כֶּרַע"... duplicate
[37.2%] #11174: "Jastrow, כַּרְעָא"... OK (כרעא)
[37.2%] #11175: "Jastrow, *כְּרַף"... OK (כרף)
[37.3%] #11176: "Jastrow, כרפוונה"... OK (כרפוונה)
[37.3%] #11177: "Jastrow, כַּרְפַּס I"... OK (כרפס)
[37.3%] #11178: "Jastrow, כַּרְפַּס II"... duplicate
[37.3%] #11178: "Jastrow, כַּרְפְּסָא I"... OK (כרפסא)
[37.3%] #11179: "Jastrow, כַּרְפְּסָא II"... duplicate
[37.3%] #11179: "Jastrow, כרפת"... OK (כרפת)
[37.3%] #11180: "Jastrow, כִּרְצָא"... OK (כרצא)
[37.3%] #11181: "Jastrow, כַּרְקוֹם"... OK (כרקום)
[37.3%] #11182: "Jastrow, כרקומניקיא"... OK (כרקומניקיא)
[37.3%] #11183: "Jastrow, כַּרְקֹם"... OK (כרקם)
[37.3%] #11184: "Jastrow, *כָּרָר"... OK (כרר)
[37.3%] #11185: "Jastrow, כְּרֵשָׁא"... OK (כרשא)
[37.3%] #11186: "Jastrow, כַּרְשִׁינָא I"... OK (כרשינא)
[37.3%] #11187: "Jastrow, כַּרְשִׁינָה I"... OK (כרשינה)
[37.3%] #11188: "Jastrow, כַּרְשִׁינָה II"... duplicate
[37.3%] #11188: "Jastrow, כַּרְשִׁנֵּי"... OK (כרשני)
[37.3%] #11189: "Jastrow, כרשתינא"... OK (כרשתינא)
[37.3%] #11190: "Jastrow, כְּרֵת"... OK (כרת)
[37.3%] #11191: "Jastrow, כָּרַת"... duplicate
[37.3%] #11191: "Jastrow, כְּרַת"... duplicate
[37.3%] #11191: "Jastrow, כָּרֵת"... duplicate
[37.3%] #11191: "Jastrow, כָּרָתָא"... OK (כרתא)
[37.3%] #11192: "Jastrow, כרתון"... OK (כרתון)
[37.3%] #11193: "Jastrow, כְּרֵתִי"... OK (כרתי)
[37.3%] #11194: "Jastrow, כָּרֵתִי"... duplicate
[37.3%] #11194: "Jastrow, כָּרָתֵי"... duplicate
[37.3%] #11194: "Jastrow, כָּֽרָתִים"... OK (כרתים)
[37.3%] #11195: "Jastrow, כָּרָתִין"... OK (כרתין)
[37.3%] #11196: "Jastrow, כְּרֵתִינוֹן"... OK (כרתינון)
[37.3%] #11197: "Jastrow, כרתית"... OK (כרתית)
[37.3%] #11198: "Jastrow, כְּרֵתָן"... OK (כרתן)
[37.3%] #11199: "Jastrow, כְּרַתְנִין"... OK (כרתנין)
[37.3%] #11200: "Jastrow, כַּשׁ"... OK (כש)
[37.3%] #11201: "Jastrow, כְּשָׁאמָא"... OK (כשאמא)
[37.3%] #11202: "Jastrow, כֶּשֶׂב"... OK (כשב)
[37.3%] #11203: "Jastrow, כַּשְׂדָּאָה"... OK (כשדאה)
[37.3%] #11204: "Jastrow, כַּשְׂדִּי"... OK (כשדי)
[37.3%] #11205: "Jastrow, כִּשּׁוּף"... OK (כשוף)
[37.4%] #11206: "Jastrow, כָּשׁוֹרָא"... OK (כשורא)
[37.4%] #11207: "Jastrow, כָּשׁוֹרְתָּא"... OK (כשורתא)
[37.4%] #11208: "Jastrow, כָּשׁוּת"... OK (כשות)
[37.4%] #11209: "Jastrow, כָּשׁוּת ²"... duplicate
[37.4%] #11209: "Jastrow, *כְּשַּׁט"... OK (כשט)
[37.4%] #11210: "Jastrow, כַּשִּׁיל"... OK (כשיל)
[37.4%] #11211: "Jastrow, כַּשִּׁילָא"... OK (כשילא)
[37.4%] #11212: "Jastrow, כשיר־"... OK (כשיר)
[37.4%] #11213: "Jastrow, כִּשְׁכּוּשׁ"... OK (כשכוש)
[37.4%] #11214: "Jastrow, כַּשְׁכָּר"... OK (כשכר)
[37.4%] #11215: "Jastrow, כִּשְׁכֵּשׁ"... OK (כשכש)
[37.4%] #11216: "Jastrow, כַּשְׁכֵּשׁ"... duplicate
[37.4%] #11216: "Jastrow, *כַּשְׂכֵּשׂ"... duplicate
[37.4%] #11216: "Jastrow, כָּשַׁל"... OK (כשל)
[37.4%] #11217: "Jastrow, כְּשַׁל"... duplicate
[37.4%] #11217: "Jastrow, כִּשָּׁלוֹן"... OK (כשלון)
[37.4%] #11218: "Jastrow, כשלים"... OK (כשלים)
[37.4%] #11219: "Jastrow, כָּשַׁף"... OK (כשף)
[37.4%] #11220: "Jastrow, כֶּשֶׁף"... duplicate
[37.4%] #11220: "Jastrow, כַּשָּׁף"... duplicate
[37.4%] #11220: "Jastrow, *כְּשָׁף"... duplicate
[37.4%] #11220: "Jastrow, כָּשְׁפָּא"... OK (כשפא)
[37.4%] #11221: "Jastrow, כַּשְׁפָּן"... OK (כשפן)
[37.4%] #11222: "Jastrow, כַּשְׁפָּנִית"... OK (כשפנית)
[37.4%] #11223: "Jastrow, כָּשֵׁר I"... OK (כשר)
[37.4%] #11224: "Jastrow, כְּשַׁר"... duplicate
[37.4%] #11224: "Jastrow, כָּשֵׁר II"... duplicate
[37.4%] #11224: "Jastrow, כָּשַׁר"... duplicate
[37.4%] #11224: "Jastrow, כִּשְׁרָא"... OK (כשרא)
[37.4%] #11225: "Jastrow, כַּשְׁרוּת"... OK (כשרות)
[37.4%] #11226: "Jastrow, כֵּשְׁרוּתָא"... OK (כשרותא)
[37.4%] #11227: "Jastrow, כְּשֵׁרְתָּא"... OK (כשרתא)
[37.4%] #11228: "Jastrow, כָּשַׁרְתָּא"... duplicate
[37.4%] #11228: "Jastrow, כְּשַׁשׁ"... OK (כשש)
[37.4%] #11229: "Jastrow, כּשְׁתְּ"... OK (כשת)
[37.4%] #11230: "Jastrow, כְּשַׁת"... duplicate
[37.4%] #11230: "Jastrow, כַּתְּ"... OK (כת)
[37.4%] #11231: "Jastrow, כִּתָּא"... OK (כתא)
  [Saved progress: 11231 entries]
[37.4%] #11232: "Jastrow, כָּתָא"... duplicate
[37.4%] #11232: "Jastrow, כָּתַב"... OK (כתב)
[37.4%] #11233: "Jastrow, כְּתַב I"... duplicate
[37.4%] #11233: "Jastrow, כְּתָב"... duplicate
[37.4%] #11233: "Jastrow, כְּתַב II"... duplicate
[37.4%] #11233: "Jastrow, כְּתִבָן"... OK (כתבן)
[37.4%] #11234: "Jastrow, כָּתְבָן"... duplicate
[37.4%] #11234: "Jastrow, כְּתֹבֶת"... OK (כתבת)
[37.4%] #11235: "Jastrow, כְּתוֹב"... OK (כתוב)
[37.5%] #11236: "Jastrow, כָּתוּב"... duplicate
[37.5%] #11236: "Jastrow, כְּתוּבָא"... OK (כתובא)
[37.5%] #11237: "Jastrow, כָּתוֹבָא"... duplicate
[37.5%] #11237: "Jastrow, כְּתוּבָּה"... OK (כתובה)
[37.5%] #11238: "Jastrow, כְּתוֹבֶת"... OK (כתובת)
[37.5%] #11239: "Jastrow, כְּתוּבְתָּא"... OK (כתובתא)
[37.5%] #11240: "Jastrow, כִּתּוּנָא"... OK (כתונא)
[37.5%] #11241: "Jastrow, כְּתוֹנֶת"... OK (כתונת)
[37.5%] #11242: "Jastrow, כְּתוּשָׁא"... OK (כתושא)
[37.5%] #11243: "Jastrow, כָּתוּת"... OK (כתות)
[37.5%] #11244: "Jastrow, כְּתִיב"... OK (כתיב)
[37.5%] #11245: "Jastrow, כְּתִיבָה"... OK (כתיבה)
[37.5%] #11246: "Jastrow, כתיבת"... OK (כתיבת)
[37.5%] #11247: "Jastrow, כתילקין"... OK (כתילקין)
[37.5%] #11248: "Jastrow, כְּתִיפ־"... OK (כתיפ)
[37.5%] #11249: "Jastrow, כַּתִּישׁ"... OK (כתיש)
[37.5%] #11250: "Jastrow, כְּתִישָׁא"... OK (כתישא)
[37.5%] #11251: "Jastrow, כְּתִישָׁה"... OK (כתישה)
[37.5%] #11252: "Jastrow, כָּתִית"... OK (כתית)
[37.5%] #11253: "Jastrow, כְּתִיתָא"... OK (כתיתא)
[37.5%] #11254: "Jastrow, כָּתְכָּתִין"... OK (כתכתין)
[37.5%] #11255: "Jastrow, כֹּתֶל"... OK (כתל)
[37.5%] #11256: "Jastrow, כתליקין"... OK (כתליקין)
[37.5%] #11257: "Jastrow, כָּתַם"... OK (כתם)
[37.5%] #11258: "Jastrow, כְּתַם"... duplicate
[37.5%] #11258: "Jastrow, כֶּתֶם"... duplicate
[37.5%] #11258: "Jastrow, כִּתְמָא"... OK (כתמא)
[37.5%] #11259: "Jastrow, כִּתַּן"... OK (כתן)
[37.5%] #11260: "Jastrow, כַּתָּן"... duplicate
[37.5%] #11260: "Jastrow, כְּתֹנֶת"... OK (כתנת)
[37.5%] #11261: "Jastrow, כָּתַף"... OK (כתף)
[37.5%] #11262: "Jastrow, כְּתַף"... duplicate
[37.5%] #11262: "Jastrow, כַּתָּף"... duplicate
[37.5%] #11262: "Jastrow, כַּתַּף"... duplicate
[37.5%] #11262: "Jastrow, כָּתֵף"... duplicate
[37.5%] #11262: "Jastrow, כְּתַף ²"... duplicate
[37.5%] #11262: "Jastrow, כַּתָּפָא"... OK (כתפא)
[37.5%] #11263: "Jastrow, כַּתְּפִי"... OK (כתפי)
[37.5%] #11264: "Jastrow, כְּתַפְתָּא"... OK (כתפתא)
[37.5%] #11265: "Jastrow, כָּתַר"... OK (כתר)
[37.5%] #11266: "Jastrow, כְּתַר"... duplicate
[37.5%] #11266: "Jastrow, כֶּתֶר"... duplicate
[37.5%] #11266: "Jastrow, כְּתַר ²"... duplicate
[37.5%] #11266: "Jastrow, כֹּתֶרֶת"... OK (כתרת)
[37.6%] #11267: "Jastrow, כָּתַשׁ"... OK (כתש)
[37.6%] #11268: "Jastrow, כְּתַשׁ"... duplicate
[37.6%] #11268: "Jastrow, כָּתַת"... OK (כתת)
[37.6%] #11269: "Jastrow, כְּתַת"... duplicate
[37.6%] #11269: "Jastrow, ל"... OK (ל)
[37.6%] #11270: "Jastrow, ל׳"... duplicate
[37.6%] #11270: "Jastrow, לְ־"... duplicate
[37.6%] #11270: "Jastrow, לֹא"... OK (לא)
[37.6%] #11271: "Jastrow, לָא I"... duplicate
[37.6%] #11271: "Jastrow, לָא II"... duplicate
[37.6%] #11271: "Jastrow, לָא III"... duplicate
[37.6%] #11271: "Jastrow, לאגרא"... OK (לאגרא)
[37.6%] #11272: "Jastrow, לָאָה"... OK (לאה)
[37.6%] #11273: "Jastrow, לַאו"... OK (לאו)
[37.6%] #11274: "Jastrow, לֵאוּ"... duplicate
[37.6%] #11274: "Jastrow, לַאוְטוּמְיָא"... OK (לאוטומיא)
[37.6%] #11275: "Jastrow, לֵאוּתָא"... OK (לאותא)
[37.6%] #11276: "Jastrow, לְאֵי"... OK (לאי)
[37.6%] #11277: "Jastrow, לאי"... duplicate
[37.6%] #11277: "Jastrow, לְאִי"... duplicate
[37.6%] #11277: "Jastrow, לַאי"... duplicate
[37.6%] #11277: "Jastrow, לָאִיט"... OK (לאיט)
[37.6%] #11278: "Jastrow, *לְאִיטוֹר"... OK (לאיטור)
[37.6%] #11279: "Jastrow, לַאיי"... OK (לאיי)
[37.6%] #11280: "Jastrow, לָאִית"... OK (לאית)
[37.6%] #11281: "Jastrow, *לָאכִיסִין"... OK (לאכיסין)
[37.6%] #11282: "Jastrow, *לאכסא"... OK (לאכסא)
[37.6%] #11283: "Jastrow, לאכסן"... OK (לאכסן)
[37.6%] #11284: "Jastrow, לְאַלְתַּר"... OK (לאלתר)
[37.6%] #11285: "Jastrow, לְאָן"... OK (לאן)
[37.6%] #11286: "Jastrow, לָאעִי"... OK (לאעי)
[37.6%] #11287: "Jastrow, לאפוסיא"... OK (לאפוסיא)
[37.6%] #11288: "Jastrow, לְאַפְרַשׁ"... OK (לאפרש)
[37.6%] #11289: "Jastrow, לאקאי"... OK (לאקאי)
[37.6%] #11290: "Jastrow, לֵב"... OK (לב)
[37.6%] #11291: "Jastrow, לֵב ²"... duplicate
[37.6%] #11291: "Jastrow, *לַבָּא"... OK (לבא)
[37.6%] #11292: "Jastrow, לַבָּא"... duplicate
[37.6%] #11292: "Jastrow, לְבָא"... duplicate
[37.6%] #11292: "Jastrow, *לְבָא"... duplicate
[37.6%] #11292: "Jastrow, לְבָאֵי"... OK (לבאי)
[37.6%] #11293: "Jastrow, לְבָאִים"... OK (לבאים)
[37.6%] #11294: "Jastrow, לֵבָב"... OK (לבב)
[37.6%] #11295: "Jastrow, לָבַב"... duplicate
[37.6%] #11295: "Jastrow, לְבָבָא"... OK (לבבא)
[37.6%] #11296: "Jastrow, לְבַד"... OK (לבד)
[37.7%] #11297: "Jastrow, לָבַד"... duplicate
  [Saved progress: 11296 entries]
[37.7%] #11297: "Jastrow, לֶבֶד"... duplicate
[37.7%] #11297: "Jastrow, לִבְדָּא"... OK (לבדא)
[37.7%] #11298: "Jastrow, לַבַּדָּא"... duplicate
[37.7%] #11298: "Jastrow, לבדניא"... OK (לבדניא)
[37.7%] #11299: "Jastrow, לִבְדְּקִין"... OK (לבדקין)
[37.7%] #11300: "Jastrow, לבדקס"... OK (לבדקס)
[37.7%] #11301: "Jastrow, לָבָה"... OK (לבה)
[37.7%] #11302: "Jastrow, לָבוּד"... OK (לבוד)
[37.7%] #11303: "Jastrow, לִבּוּי"... OK (לבוי)
[37.7%] #11304: "Jastrow, לְבוּטִים"... OK (לבוטים)
[37.7%] #11305: "Jastrow, לִבּוּן"... OK (לבון)
[37.7%] #11306: "Jastrow, לִבּוּנָא"... OK (לבונא)
[37.7%] #11307: "Jastrow, לְבוֹנָה"... OK (לבונה)
[37.7%] #11308: "Jastrow, לְבוּנְתָּא"... OK (לבונתא)
[37.7%] #11309: "Jastrow, לבוצין"... OK (לבוצין)
[37.7%] #11310: "Jastrow, *לְבוּרְנִיקַיָּא"... OK (לבורניקיא)
[37.7%] #11311: "Jastrow, לְבוּשׁ"... OK (לבוש)
[37.7%] #11312: "Jastrow, לְבוּשׁ ²"... duplicate
[37.7%] #11312: "Jastrow, לְבִזְבֵּז"... OK (לבזבז)
[37.7%] #11313: "Jastrow, לִבְזָה"... OK (לבזה)
[37.7%] #11314: "Jastrow, לָבַט"... OK (לבט)
[37.7%] #11315: "Jastrow, לֶבֶט"... duplicate
[37.7%] #11315: "Jastrow, לְבֵי"... OK (לבי)
[37.7%] #11316: "Jastrow, לבי"... duplicate
[37.7%] #11316: "Jastrow, לָבִיא"... OK (לביא)
[37.7%] #11317: "Jastrow, לַבְיא"... duplicate
[37.7%] #11317: "Jastrow, לְבִיאָה"... OK (לביאה)
[37.7%] #11318: "Jastrow, לְבִידִין"... OK (לבידין)
[37.7%] #11319: "Jastrow, לְבִיזְבֵּז"... OK (לביזבז)
[37.7%] #11320: "Jastrow, לבילדין"... OK (לבילדין)
[37.7%] #11321: "Jastrow, לבין"... OK (לבין)
[37.7%] #11322: "Jastrow, לְבֵינָה"... OK (לבינה)
[37.7%] #11323: "Jastrow, לְבֵינְתָא"... OK (לבינתא)
[37.7%] #11324: "Jastrow, לְבִיסַיָּא"... OK (לביסיא)
[37.7%] #11325: "Jastrow, לְבִיסִים"... OK (לביסים)
[37.8%] #11326: "Jastrow, לְבֵיצִין"... OK (לביצין)
[37.8%] #11327: "Jastrow, לְבֵישׁ"... OK (לביש)
[37.8%] #11328: "Jastrow, לְבִישָׁא"... OK (לבישא)
[37.8%] #11329: "Jastrow, לְבִישָׁה"... OK (לבישה)
[37.8%] #11330: "Jastrow, לְבַךְ"... OK (לבך)
[37.8%] #11331: "Jastrow, לְבַֹל"... OK (לבל)
[37.8%] #11332: "Jastrow, לִבְלֵב"... OK (לבלב)
[37.8%] #11333: "Jastrow, לַבְלֵב I"... duplicate
[37.8%] #11333: "Jastrow, לַבְלֵב II"... duplicate
[37.8%] #11333: "Jastrow, לַבְלְבָא"... OK (לבלבא)
[37.8%] #11334: "Jastrow, *לַבְלָבוֹ"... OK (לבלבו)
[37.8%] #11335: "Jastrow, לַבְלֵו"... OK (לבלו)
[37.8%] #11336: "Jastrow, לַבְלוֹנִית"... OK (לבלונית)
[37.8%] #11337: "Jastrow, לבלין"... OK (לבלין)
[37.8%] #11338: "Jastrow, לִבְלָר"... OK (לבלר)
[37.8%] #11339: "Jastrow, לִבְלָר ²"... duplicate
[37.8%] #11339: "Jastrow, לָבַן I"... OK (לבן)
[37.8%] #11340: "Jastrow, לָבַן II"... duplicate
[37.8%] #11340: "Jastrow, לְבַן"... duplicate
[37.8%] #11340: "Jastrow, לָבָן I"... duplicate
[37.8%] #11340: "Jastrow, לָבָן II"... duplicate
[37.8%] #11340: "Jastrow, לָבָן"... duplicate
[37.8%] #11340: "Jastrow, לְבָן"... duplicate
[37.8%] #11340: "Jastrow, לֹבֶן"... duplicate
[37.8%] #11340: "Jastrow, לִבְנָא"... OK (לבנא)
[37.8%] #11341: "Jastrow, לְבֵנָה"... OK (לבנה)
[37.8%] #11342: "Jastrow, לִבְנָה"... duplicate
[37.8%] #11342: "Jastrow, לְבָנָה"... duplicate
[37.8%] #11342: "Jastrow, לַבְנוֹ"... OK (לבנו)
[37.8%] #11343: "Jastrow, לְבָנוֹן"... OK (לבנון)
[37.8%] #11344: "Jastrow, לַבְנוּנִית"... OK (לבנונית)
[37.8%] #11345: "Jastrow, לַבְנוּת"... OK (לבנות)
[37.8%] #11346: "Jastrow, לִבְנִין"... OK (לבנין)
[37.8%] #11347: "Jastrow, לבְנָן"... OK (לבנן)
[37.8%] #11348: "Jastrow, *לֶבֶס"... OK (לבס)
[37.8%] #11349: "Jastrow, לַבְקָן"... OK (לבקן)
[37.8%] #11350: "Jastrow, *לִבְרוּת"... OK (לברות)
[37.8%] #11351: "Jastrow, *לַבְרָטוֹן"... OK (לברטון)
[37.8%] #11352: "Jastrow, לבריון"... OK (לבריון)
[37.8%] #11353: "Jastrow, לְבָרְנַיָּא"... OK (לברניא)
[37.8%] #11354: "Jastrow, לָבַשׁ"... OK (לבש)
[37.8%] #11355: "Jastrow, לְבֵשׁ"... duplicate
[37.8%] #11355: "Jastrow, לֹג"... OK (לג)
[37.9%] #11356: "Jastrow, לגא"... OK (לגא)
[37.9%] #11357: "Jastrow, לגדקס"... OK (לגדקס)
[37.9%] #11358: "Jastrow, לגומיא"... OK (לגומיא)
[37.9%] #11359: "Jastrow, לָגַז"... OK (לגז)
[37.9%] #11360: "Jastrow, לֶגְטוֹן"... OK (לגטון)
[37.9%] #11361: "Jastrow, לָגְיָא"... OK (לגיא)
[37.9%] #11362: "Jastrow, לִגְיוֹן"... OK (לגיון)
[37.9%] #11363: "Jastrow, לִגְיוֹן ²"... duplicate
[37.9%] #11363: "Jastrow, לגיטיין"... OK (לגיטיין)
[37.9%] #11364: "Jastrow, לְגִימָא"... OK (לגימא)
[37.9%] #11365: "Jastrow, לְגִימָה"... OK (לגימה)
[37.9%] #11366: "Jastrow, לגין"... OK (לגין)
[37.9%] #11367: "Jastrow, לָגִין"... duplicate
[37.9%] #11367: "Jastrow, לָיִין"... OK (ליין)
[37.9%] #11368: "Jastrow, לִגִלֵג"... OK (לגלג)
[37.9%] #11369: "Jastrow, לַגְלֵג I"... duplicate
[37.9%] #11369: "Jastrow, לַגְלֵג II"... duplicate
[37.9%] #11369: "Jastrow, לִגְלוּג"... OK (לגלוג)
[37.9%] #11370: "Jastrow, לַגְלוֹג"... duplicate
[37.9%] #11370: "Jastrow, לגמן"... OK (לגמן)
[37.9%] #11371: "Jastrow, *לגְנָא"... OK (לגנא)
[37.9%] #11372: "Jastrow, לִגְנָה"... OK (לגנה)
  [Saved progress: 11372 entries]
[37.9%] #11373: "Jastrow, *לגס"... OK (לגס)
[37.9%] #11374: "Jastrow, לגס"... duplicate
[37.9%] #11374: "Jastrow, לֶגֶשׁ"... OK (לגש)
[37.9%] #11375: "Jastrow, לְדוּקְיָא"... OK (לדוקיא)
[37.9%] #11376: "Jastrow, לְדִיקִי"... OK (לדיקי)
[37.9%] #11377: "Jastrow, לְדָנָא"... OK (לדנא)
[37.9%] #11378: "Jastrow, לִדְקִי"... OK (לדקי)
[37.9%] #11379: "Jastrow, לִדְקְיָא"... OK (לדקיא)
[37.9%] #11380: "Jastrow, לְהָא"... OK (להא)
[37.9%] #11381: "Jastrow, לְהַב"... OK (להב)
[37.9%] #11382: "Jastrow, לַהַב"... duplicate
[37.9%] #11382: "Jastrow, לַהֲבָא"... OK (להבא)
[37.9%] #11383: "Jastrow, לֶהָבָה"... OK (להבה)
[37.9%] #11384: "Jastrow, לַהֲבוּתָא"... OK (להבותא)
[37.9%] #11385: "Jastrow, לַהַג"... OK (להג)
[38.0%] #11386: "Jastrow, לְהֶגְיוֹנָא"... OK (להגיונא)
[38.0%] #11387: "Jastrow, לְהוֹב"... OK (להוב)
[38.0%] #11388: "Jastrow, לָהַט"... OK (להט)
[38.0%] #11389: "Jastrow, לְהַט"... duplicate
[38.0%] #11389: "Jastrow, להטייה"... OK (להטייה)
[38.0%] #11390: "Jastrow, לְהָטִים"... OK (להטים)
[38.0%] #11391: "Jastrow, להטמייא"... OK (להטמייא)
[38.0%] #11392: "Jastrow, לְהִי"... OK (להי)
[38.0%] #11393: "Jastrow, להל"... OK (להל)
[38.0%] #11394: "Jastrow, לָהַם"... OK (להם)
[38.0%] #11395: "Jastrow, לָהֵן"... OK (להן)
[38.0%] #11396: "Jastrow, לְהַת"... OK (להת)
[38.0%] #11397: "Jastrow, לוֹ"... OK (לו)
[38.0%] #11398: "Jastrow, לוּ"... duplicate
[38.0%] #11398: "Jastrow, לְוָא"... OK (לוא)
[38.0%] #11399: "Jastrow, לֵוָאָה"... OK (לואה)
[38.0%] #11400: "Jastrow, לְוָאי"... OK (לואי)
[38.0%] #11401: "Jastrow, לְוַאי"... duplicate
[38.0%] #11401: "Jastrow, לוּב"... OK (לוב)
[38.0%] #11402: "Jastrow, לוּבָא"... OK (לובא)
[38.0%] #11403: "Jastrow, לובדקים"... OK (לובדקים)
[38.0%] #11404: "Jastrow, לוּבִי"... OK (לובי)
[38.0%] #11405: "Jastrow, לובירים"... OK (לובירים)
[38.0%] #11406: "Jastrow, לובלניות"... OK (לובלניות)
[38.0%] #11407: "Jastrow, לוֹבֶן"... OK (לובן)
[38.0%] #11408: "Jastrow, לוֹג"... OK (לוג)
[38.0%] #11409: "Jastrow, לוּגָּא"... OK (לוגא)
[38.0%] #11410: "Jastrow, לוֹגָא"... duplicate
[38.0%] #11410: "Jastrow, לוֹגִיסְטֵיס"... OK (לוגיסטיס)
[38.0%] #11411: "Jastrow, לוֹגְלְגָן"... OK (לוגלגן)
[38.0%] #11412: "Jastrow, לוּגְמָא"... OK (לוגמא)
[38.0%] #11413: "Jastrow, לוגמיא"... OK (לוגמיא)
[38.0%] #11414: "Jastrow, לוגסטוס"... OK (לוגסטוס)
[38.0%] #11415: "Jastrow, לוּגְשָׁא"... OK (לוגשא)
[38.0%] #11416: "Jastrow, לוֹד"... OK (לוד)
[38.1%] #11417: "Jastrow, לוּד"... duplicate
[38.1%] #11417: "Jastrow, לוּדָא"... OK (לודא)
[38.1%] #11418: "Jastrow, לוּדָאָה"... OK (לודאה)
[38.1%] #11419: "Jastrow, לוּדָה"... OK (לודה)
[38.1%] #11420: "Jastrow, לוֹדִי"... OK (לודי)
[38.1%] #11421: "Jastrow, לוּדָיָיא"... OK (לודייא)
[38.1%] #11422: "Jastrow, לוּדִים"... OK (לודים)
[38.1%] #11423: "Jastrow, לוֹדִית"... OK (לודית)
[38.1%] #11424: "Jastrow, לוּדִית"... duplicate
[38.1%] #11424: "Jastrow, לוּדָנָא"... OK (לודנא)
[38.1%] #11425: "Jastrow, לוּדָנִין"... OK (לודנין)
[38.1%] #11426: "Jastrow, לוּדְקְיָא"... OK (לודקיא)
[38.1%] #11427: "Jastrow, לוּדָר"... OK (לודר)
[38.1%] #11428: "Jastrow, לָוָה"... OK (לוה)
[38.1%] #11429: "Jastrow, לַוו"... OK (לוו)
[38.1%] #11430: "Jastrow, לְוָואֵי"... OK (לוואי)
[38.1%] #11431: "Jastrow, לְוַואי"... duplicate
[38.1%] #11431: "Jastrow, לוודין"... OK (לוודין)
[38.1%] #11432: "Jastrow, לָוַוח"... OK (לווח)
[38.1%] #11433: "Jastrow, לְוָוט"... OK (לווט)
[38.1%] #11434: "Jastrow, לווטין"... OK (לווטין)
[38.1%] #11435: "Jastrow, לווטס"... OK (לווטס)
[38.1%] #11436: "Jastrow, לַוְוטָתָא"... OK (לווטתא)
[38.1%] #11437: "Jastrow, לְוַוי"... OK (לווי)
[38.1%] #11438: "Jastrow, לְוָוי"... duplicate
[38.1%] #11438: "Jastrow, לְוָויָה"... OK (לוויה)
[38.1%] #11439: "Jastrow, לַוְולֵו"... OK (לוולו)
[38.1%] #11440: "Jastrow, לְוַונְטִי"... OK (לוונטי)
[38.1%] #11441: "Jastrow, לִוְוקָאֵי"... OK (לווקאי)
[38.1%] #11442: "Jastrow, לַוְוקְיָאָנָא"... OK (לווקיאנא)
[38.1%] #11443: "Jastrow, לווקרין"... OK (לווקרין)
[38.1%] #11444: "Jastrow, לְוַות"... OK (לוות)
[38.1%] #11445: "Jastrow, לוּז I"... OK (לוז)
[38.1%] #11446: "Jastrow, לוּז II"... duplicate
[38.1%] #11446: "Jastrow, לוּז"... duplicate
[38.1%] #11446: "Jastrow, לוּז III"... duplicate
[38.1%] #11446: "Jastrow, לוּז IV"... duplicate
[38.1%] #11446: "Jastrow, לוּזָא"... OK (לוזא)
[38.2%] #11447: "Jastrow, לוזה"... OK (לוזה)
[38.2%] #11448: "Jastrow, לוּחַ I"... OK (לוח)
[38.2%] #11449: "Jastrow, לוּחַ II"... duplicate
[38.2%] #11449: "Jastrow, לוּחַ"... duplicate
[38.2%] #11449: "Jastrow, לוֹחָא"... OK (לוחא)
[38.2%] #11450: "Jastrow, לוֹט I"... OK (לוט)
[38.2%] #11451: "Jastrow, לוֹט II"... duplicate
[38.2%] #11451: "Jastrow, לוּט"... duplicate
[38.2%] #11451: "Jastrow, לוּט ²"... duplicate
[38.2%] #11451: "Jastrow, לְוָט"... duplicate
[38.2%] #11451: "Jastrow, לוטוס"... OK (לוטוס)
[38.2%] #11452: "Jastrow, *לוּטְיָינוֹס"... OK (לוטיינוס)
  [Saved progress: 11452 entries]
[38.2%] #11453: "Jastrow, לוטם"... OK (לוטם)
[38.2%] #11454: "Jastrow, לוּטָסָאֵי"... OK (לוטסאי)
[38.2%] #11455: "Jastrow, לוטריא"... OK (לוטריא)
[38.2%] #11456: "Jastrow, לוטת"... OK (לוטת)
[38.2%] #11457: "Jastrow, לוי"... OK (לוי)
[38.2%] #11458: "Jastrow, לְוִי"... duplicate
[38.2%] #11458: "Jastrow, לְוַי"... duplicate
[38.2%] #11458: "Jastrow, לְוָי"... duplicate
[38.2%] #11458: "Jastrow, לֵוִי"... duplicate
[38.2%] #11458: "Jastrow, לֵוָיָא"... OK (לויא)
[38.2%] #11459: "Jastrow, לִוְיָאנוֹס"... OK (לויאנוס)
[38.2%] #11460: "Jastrow, לִוִיָּה"... OK (לויה)
[38.2%] #11461: "Jastrow, לְוִיָּה"... duplicate
[38.2%] #11461: "Jastrow, לְוָיָה"... duplicate
[38.2%] #11461: "Jastrow, לְוִיטָס"... OK (לויטס)
[38.2%] #11462: "Jastrow, לְוָיְיתָא"... OK (לוייתא)
[38.2%] #11463: "Jastrow, לוינטי"... OK (לוינטי)
[38.2%] #11464: "Jastrow, לויקן"... OK (לויקן)
[38.2%] #11465: "Jastrow, לִוְיָתָא"... OK (לויתא)
[38.2%] #11466: "Jastrow, לִוְיָתָן"... OK (לויתן)
[38.2%] #11467: "Jastrow, לוכידין"... OK (לוכידין)
[38.2%] #11468: "Jastrow, לוֹכְסוֹן"... OK (לוכסון)
[38.2%] #11469: "Jastrow, לוֹכְסָן"... OK (לוכסן)
[38.2%] #11470: "Jastrow, לול"... OK (לול)
[38.2%] #11471: "Jastrow, לוּל"... duplicate
[38.2%] #11471: "Jastrow, לוּלָא"... OK (לולא)
[38.2%] #11472: "Jastrow, לוּלָאוֹת"... OK (לולאות)
[38.2%] #11473: "Jastrow, לוּלָב"... OK (לולב)
[38.2%] #11474: "Jastrow, לוּלָבָא"... OK (לולבא)
[38.2%] #11475: "Jastrow, לוּלְבָנָא"... OK (לולבנא)
[38.3%] #11476: "Jastrow, לולגין"... OK (לולגין)
[38.3%] #11477: "Jastrow, לולוטוס"... OK (לולוטוס)
[38.3%] #11478: "Jastrow, לוּלַי"... OK (לולי)
[38.3%] #11479: "Jastrow, לוּלְיָאנוֹס"... OK (לוליאנוס)
[38.3%] #11480: "Jastrow, לוּלֵיבָא I"... OK (לוליבא)
[38.3%] #11481: "Jastrow, *לוּלֵיבָא II"... duplicate
[38.3%] #11481: "Jastrow, לוליון"... OK (לוליון)
[38.3%] #11482: "Jastrow, לוּלְיָינוֹס"... OK (לוליינוס)
[38.3%] #11483: "Jastrow, לוּלְיָינִי"... OK (לולייני)
[38.3%] #11484: "Jastrow, לוּלְיָינִית"... OK (לוליינית)
[38.3%] #11485: "Jastrow, לוליתא"... OK (לוליתא)
[38.3%] #11486: "Jastrow, לולניאות"... OK (לולניאות)
[38.3%] #11487: "Jastrow, לוּלְשָׁפָט"... OK (לולשפט)
[38.3%] #11488: "Jastrow, לוּמָּא"... OK (לומא)
[38.3%] #11489: "Jastrow, לומה"... OK (לומה)
[38.3%] #11490: "Jastrow, לומכסה"... OK (לומכסה)
[38.3%] #11491: "Jastrow, לוּן"... OK (לון)
[38.3%] #11492: "Jastrow, לוּן II"... duplicate
[38.3%] #11492: "Jastrow, לוֹן"... duplicate
[38.3%] #11492: "Jastrow, לונביאות"... OK (לונביאות)
[38.3%] #11493: "Jastrow, לוּנְטִית"... OK (לונטית)
[38.3%] #11494: "Jastrow, לוּנְיָא"... OK (לוניא)
[38.3%] #11495: "Jastrow, לוֹנְכָא"... OK (לונכא)
[38.3%] #11496: "Jastrow, לוֹנְכִי"... OK (לונכי)
[38.3%] #11497: "Jastrow, *לוּס"... OK (לוס)
[38.3%] #11498: "Jastrow, לוֹעַ"... OK (לוע)
[38.3%] #11499: "Jastrow, לוֹעָא"... OK (לועא)
[38.3%] #11500: "Jastrow, לוֹעָה"... OK (לועה)
[38.3%] #11501: "Jastrow, לוֹעֵז"... OK (לועז)
[38.3%] #11502: "Jastrow, לוֹף"... OK (לוף)
[38.3%] #11503: "Jastrow, לוּף"... duplicate
[38.3%] #11503: "Jastrow, לוֹפֵי"... OK (לופי)
[38.3%] #11504: "Jastrow, לופיז"... OK (לופיז)
[38.3%] #11505: "Jastrow, לוּפְיָינִי"... OK (לופייני)
[38.4%] #11506: "Jastrow, לוֹפְיָן"... OK (לופין)
[38.4%] #11507: "Jastrow, לוּפִיר"... OK (לופיר)
[38.4%] #11508: "Jastrow, לוֹפַס"... OK (לופס)
[38.4%] #11509: "Jastrow, לוּפָר"... OK (לופר)
[38.4%] #11510: "Jastrow, לוֹפָתָא"... OK (לופתא)
[38.4%] #11511: "Jastrow, לוּץ"... OK (לוץ)
[38.4%] #11512: "Jastrow, לוּק"... OK (לוק)
[38.4%] #11513: "Jastrow, לוקו"... OK (לוקו)
[38.4%] #11514: "Jastrow, לוֹקוּטִינִינְטֵיס"... OK (לוקוטינינטיס)
[38.4%] #11515: "Jastrow, לוּקוֹס"... OK (לוקוס)
[38.4%] #11516: "Jastrow, לוּקְטָא"... OK (לוקטא)
[38.4%] #11517: "Jastrow, לוקטו"... OK (לוקטו)
[38.4%] #11518: "Jastrow, לַוְקְיָאנֵי"... OK (לוקיאני)
[38.4%] #11519: "Jastrow, לוקין"... OK (לוקין)
[38.4%] #11520: "Jastrow, לוקיס"... OK (לוקיס)
[38.4%] #11521: "Jastrow, לַוְקָן"... OK (לוקן)
[38.4%] #11522: "Jastrow, לוּקְנִיתָא"... OK (לוקניתא)
[38.4%] #11523: "Jastrow, לורטיא"... OK (לורטיא)
[38.4%] #11524: "Jastrow, לוּשׁ"... OK (לוש)
[38.4%] #11525: "Jastrow, לוּשׁ ²"... duplicate
[38.4%] #11525: "Jastrow, לְוָת"... OK (לות)
[38.4%] #11526: "Jastrow, לָז"... OK (לז)
[38.4%] #11527: "Jastrow, *לְזָא"... OK (לזא)
[38.4%] #11528: "Jastrow, לִזְבֵּז"... OK (לזבז)
[38.4%] #11529: "Jastrow, לֵזוּ"... OK (לזו)
[38.4%] #11530: "Jastrow, לָזוּת"... OK (לזות)
[38.4%] #11531: "Jastrow, לַח"... OK (לח)
[38.4%] #11532: "Jastrow, לֵחַ"... duplicate
[38.4%] #11532: "Jastrow, לַחֲדָא"... OK (לחדא)
[38.4%] #11533: "Jastrow, לֵחָה"... OK (לחה)
[38.4%] #11534: "Jastrow, לְחוֹאָתָא"... OK (לחואתא)
[38.4%] #11535: "Jastrow, לְחוֹד"... OK (לחוד)
[38.5%] #11536: "Jastrow, לחודאי"... OK (לחודאי)
[38.5%] #11537: "Jastrow, לְחוֹשׁ"... OK (לחוש)
[38.5%] #11538: "Jastrow, לָחוּשׁ"... duplicate
[38.5%] #11538: "Jastrow, לֶחִי I"... OK (לחי)
  [Saved progress: 11538 entries]
[38.5%] #11539: "Jastrow, לֶחִי II"... duplicate
[38.5%] #11539: "Jastrow, לִחְיָא"... OK (לחיא)
[38.5%] #11540: "Jastrow, לְחַיֵי"... OK (לחיי)
[38.5%] #11541: "Jastrow, לְחָיָיתָא"... OK (לחייתא)
[38.5%] #11542: "Jastrow, לְחֵיךְ"... OK (לחיך)
[38.5%] #11543: "Jastrow, לְחֵים"... OK (לחים)
[38.5%] #11544: "Jastrow, לְחִיכָה"... OK (לחיכה)
[38.5%] #11545: "Jastrow, *לְחֵינָה"... OK (לחינה)
[38.5%] #11546: "Jastrow, לְחֵינְתָא"... OK (לחינתא)
[38.5%] #11547: "Jastrow, לְחִישָׁא"... OK (לחישא)
[38.5%] #11548: "Jastrow, לְחִישָׁה"... OK (לחישה)
[38.5%] #11549: "Jastrow, לָחַךְ"... OK (לחך)
[38.5%] #11550: "Jastrow, לְחַךְ"... duplicate
[38.5%] #11550: "Jastrow, לִחְלוּחַ"... OK (לחלוח)
[38.5%] #11551: "Jastrow, לִחְלוּחָא"... OK (לחלוחא)
[38.5%] #11552: "Jastrow, לִחְלוּחִית"... OK (לחלוחית)
[38.5%] #11553: "Jastrow, לִחְלוּחְתָּא"... OK (לחלוחתא)
[38.5%] #11554: "Jastrow, לִחְלוּךְ"... OK (לחלוך)
[38.5%] #11555: "Jastrow, לִחְלֵחַ"... OK (לחלח)
[38.5%] #11556: "Jastrow, לַחְלַח"... duplicate
[38.5%] #11556: "Jastrow, לָחַם I"... OK (לחם)
[38.5%] #11557: "Jastrow, לָחַם II"... duplicate
[38.5%] #11557: "Jastrow, לֶחֶם"... duplicate
[38.5%] #11557: "Jastrow, לְחֵם"... duplicate
[38.5%] #11557: "Jastrow, לַחְמִי"... OK (לחמי)
[38.5%] #11558: "Jastrow, לַחְמָנִיּוֹת"... OK (לחמניות)
[38.5%] #11559: "Jastrow, לְחֵנָה"... OK (לחנה)
[38.5%] #11560: "Jastrow, לָחַץ"... OK (לחץ)
[38.5%] #11561: "Jastrow, לָחַשׁ I"... OK (לחש)
[38.5%] #11562: "Jastrow, לָחַשׁ II"... duplicate
[38.5%] #11562: "Jastrow, לְחַשׁ"... duplicate
[38.5%] #11562: "Jastrow, לַחַשׁ"... duplicate
[38.5%] #11562: "Jastrow, לְחָשָׁא"... OK (לחשא)
[38.5%] #11563: "Jastrow, לָחַת"... OK (לחת)
[38.5%] #11564: "Jastrow, לְחַת"... duplicate
[38.5%] #11564: "Jastrow, לִחֲתָא"... OK (לחתא)
[38.5%] #11565: "Jastrow, לָט"... OK (לט)
[38.6%] #11566: "Jastrow, לְטָא"... OK (לטא)
[38.6%] #11567: "Jastrow, לְטָאָה"... OK (לטאה)
[38.6%] #11568: "Jastrow, לְטוֹם"... OK (לטום)
[38.6%] #11569: "Jastrow, לָטוֹמְיָא"... OK (לטומיא)
[38.6%] #11570: "Jastrow, לְטוֹסָאֵי"... OK (לטוסאי)
[38.6%] #11571: "Jastrow, לְטוּתָא"... OK (לטותא)
[38.6%] #11572: "Jastrow, לְטַט"... OK (לטט)
[38.6%] #11573: "Jastrow, לְטִי"... OK (לטי)
[38.6%] #11574: "Jastrow, לְטֵיט"... OK (לטיט)
[38.6%] #11575: "Jastrow, לָטִים"... OK (לטים)
[38.6%] #11576: "Jastrow, לטימיא"... OK (לטימיא)
[38.6%] #11577: "Jastrow, לטינוס"... OK (לטינוס)
[38.6%] #11578: "Jastrow, לטיסא"... OK (לטיסא)
[38.6%] #11579: "Jastrow, לְטִישׁ"... OK (לטיש)
[38.6%] #11580: "Jastrow, לְטִישָׁה"... OK (לטישה)
[38.6%] #11581: "Jastrow, לְטֹם"... OK (לטם)
[38.6%] #11582: "Jastrow, לִטְרָא"... OK (לטרא)
[38.6%] #11583: "Jastrow, לטרגיה"... OK (לטרגיה)
[38.6%] #11584: "Jastrow, לָטַשׁ"... OK (לטש)
[38.6%] #11585: "Jastrow, לְטֵשׁ"... duplicate
[38.6%] #11585: "Jastrow, לֵי"... OK (לי)
[38.6%] #11586: "Jastrow, לָיָא"... OK (ליא)
[38.6%] #11587: "Jastrow, לַיָּא"... duplicate
[38.6%] #11587: "Jastrow, לְיֵא"... duplicate
[38.6%] #11587: "Jastrow, לֵיאוּ"... OK (ליאו)
[38.6%] #11588: "Jastrow, לִיבָּא"... OK (ליבא)
[38.6%] #11589: "Jastrow, לִיבָּא ²"... duplicate
[38.6%] #11589: "Jastrow, לִיבְבָא"... OK (ליבבא)
[38.6%] #11590: "Jastrow, לִיבְדָּא"... OK (ליבדא)
[38.6%] #11591: "Jastrow, ליבדה"... OK (ליבדה)
[38.6%] #11592: "Jastrow, לִיבְדְּקוֹס"... OK (ליבדקוס)
[38.6%] #11593: "Jastrow, לִיבּוּי"... OK (ליבוי)
[38.6%] #11594: "Jastrow, לִיבוּי"... duplicate
[38.6%] #11594: "Jastrow, לִיבּוּן"... OK (ליבון)
[38.6%] #11595: "Jastrow, ליבון"... duplicate
[38.6%] #11595: "Jastrow, לִיבּוּנָא"... OK (ליבונא)
[38.6%] #11596: "Jastrow, לִיבּוּנָאָה"... OK (ליבונאה)
[38.7%] #11597: "Jastrow, לִיבְלְבָא"... OK (ליבלבא)
[38.7%] #11598: "Jastrow, לִיבְלָר"... OK (ליבלר)
[38.7%] #11599: "Jastrow, לִיבְנָא"... OK (ליבנא)
[38.7%] #11600: "Jastrow, לִיבְנוֹס"... OK (ליבנוס)
[38.7%] #11601: "Jastrow, לִיבְנָן"... OK (ליבנן)
[38.7%] #11602: "Jastrow, לִיבְרָה"... OK (ליברה)
[38.7%] #11603: "Jastrow, לִיבָרְנִין"... OK (ליברנין)
[38.7%] #11604: "Jastrow, ליגא"... OK (ליגא)
[38.7%] #11605: "Jastrow, ליגגין"... OK (ליגגין)
[38.7%] #11606: "Jastrow, ליגונין"... OK (ליגונין)
[38.7%] #11607: "Jastrow, לִיגְיוֹן"... OK (ליגיון)
[38.7%] #11608: "Jastrow, ליגנין"... OK (ליגנין)
[38.7%] #11609: "Jastrow, לֵיד"... OK (ליד)
[38.7%] #11610: "Jastrow, לֵידָה"... OK (לידה)
[38.7%] #11611: "Jastrow, לִידְנָא"... OK (לידנא)
[38.7%] #11612: "Jastrow, לֵידָתָא"... OK (לידתא)
[38.7%] #11613: "Jastrow, לֵיוָאָה"... OK (ליואה)
[38.7%] #11614: "Jastrow, לִיוְוקָאֵי"... OK (ליווקאי)
[38.7%] #11615: "Jastrow, לִיוְיָתָן"... OK (ליויתן)
[38.7%] #11616: "Jastrow, לִיוֹנְטִי"... OK (ליונטי)
[38.7%] #11617: "Jastrow, לִיזְבֵּז"... OK (ליזבז)
[38.7%] #11618: "Jastrow, לִיזָה"... OK (ליזה)
[38.7%] #11619: "Jastrow, לֵיחָה"... OK (ליחה)
[38.7%] #11620: "Jastrow, לִיחְלוּחַ"... OK (ליחלוח)
[38.7%] #11621: "Jastrow, לִיחֲתָא"... OK (ליחתא)
[38.7%] #11622: "Jastrow, לִיט"... OK (ליט)
  [Saved progress: 11622 entries]
[38.7%] #11623: "Jastrow, ליטור"... OK (ליטור)
[38.7%] #11624: "Jastrow, לִיטוּרְגְּיָא"... OK (ליטורגיא)
[38.7%] #11625: "Jastrow, לִיטִירִין"... OK (ליטירין)
[38.8%] #11626: "Jastrow, ליטמא"... OK (ליטמא)
[38.8%] #11627: "Jastrow, לִיטְרָא"... OK (ליטרא)
[38.8%] #11628: "Jastrow, לִיטַרְתָּא"... OK (ליטרתא)
[38.8%] #11629: "Jastrow, לַיי"... OK (ליי)
[38.8%] #11630: "Jastrow, לַיָּיא"... OK (לייא)
[38.8%] #11631: "Jastrow, לְיֵיא"... duplicate
[38.8%] #11631: "Jastrow, לָיָיא"... duplicate
[38.8%] #11631: "Jastrow, לַיְידָּא"... OK (ליידא)
[38.8%] #11632: "Jastrow, לָיֵיף"... OK (לייף)
[38.8%] #11633: "Jastrow, לַיְיצָן"... OK (לייצן)
[38.8%] #11634: "Jastrow, לַיִישׁ"... OK (לייש)
[38.8%] #11635: "Jastrow, לַיִישׁ ²"... duplicate
[38.8%] #11635: "Jastrow, לַיִית"... OK (ליית)
[38.8%] #11636: "Jastrow, לַיְיתָא"... OK (לייתא)
[38.8%] #11637: "Jastrow, לִיכָּא I"... OK (ליכא)
[38.8%] #11638: "Jastrow, לִיכָּא II"... duplicate
[38.8%] #11638: "Jastrow, ליכון"... OK (ליכון)
[38.8%] #11639: "Jastrow, לִיכְלוּךְ"... OK (ליכלוך)
[38.8%] #11640: "Jastrow, ליל"... OK (ליל)
[38.8%] #11641: "Jastrow, לֵיל"... duplicate
[38.8%] #11641: "Jastrow, לַיִל"... duplicate
[38.8%] #11641: "Jastrow, לֵילָא"... OK (לילא)
[38.8%] #11642: "Jastrow, לַיְלָה"... OK (לילה)
[38.8%] #11643: "Jastrow, לֵילוּ"... OK (לילו)
[38.8%] #11644: "Jastrow, לֵילָוָאתָא"... OK (לילואתא)
[38.8%] #11645: "Jastrow, לֵילוֹךְ"... OK (לילוך)
[38.8%] #11646: "Jastrow, לֵילֵי"... OK (לילי)
[38.8%] #11647: "Jastrow, לִילֵי"... duplicate
[38.8%] #11647: "Jastrow, לִילְיָינוֹס"... OK (ליליינוס)
[38.8%] #11648: "Jastrow, לִילִין"... OK (לילין)
[38.8%] #11649: "Jastrow, לִילִית"... OK (לילית)
[38.8%] #11650: "Jastrow, לִילִיתָא"... OK (ליליתא)
[38.8%] #11651: "Jastrow, לֵימָא"... OK (לימא)
[38.8%] #11652: "Jastrow, לִימּוּד"... OK (לימוד)
[38.8%] #11653: "Jastrow, לִימּוּדִים"... OK (לימודים)
[38.8%] #11654: "Jastrow, לימון"... OK (לימון)
[38.8%] #11655: "Jastrow, לִימֵין"... OK (לימין)
[38.9%] #11656: "Jastrow, לימין"... duplicate
[38.9%] #11656: "Jastrow, *לימצא"... OK (לימצא)
[38.9%] #11657: "Jastrow, לֵין"... OK (לין)
[38.9%] #11658: "Jastrow, לִין"... duplicate
[38.9%] #11658: "Jastrow, לין"... duplicate
[38.9%] #11658: "Jastrow, לֵינָא"... OK (לינא)
[38.9%] #11659: "Jastrow, לִינָה"... OK (לינה)
[38.9%] #11660: "Jastrow, לִינְיָא"... OK (ליניא)
[38.9%] #11661: "Jastrow, לינייס"... OK (לינייס)
[38.9%] #11662: "Jastrow, לינפה"... OK (לינפה)
[38.9%] #11663: "Jastrow, לִיסְטָא"... OK (ליסטא)
[38.9%] #11664: "Jastrow, ליסטאות"... OK (ליסטאות)
[38.9%] #11665: "Jastrow, לִיסְטוּת"... OK (ליסטות)
[38.9%] #11666: "Jastrow, ליסטטירין"... OK (ליסטטירין)
[38.9%] #11667: "Jastrow, לִיסְטָיוּתָא"... OK (ליסטיותא)
[38.9%] #11668: "Jastrow, לִיסְטֵיס"... OK (ליסטיס)
[38.9%] #11669: "Jastrow, לִיסְטֵירִין"... OK (ליסטירין)
[38.9%] #11670: "Jastrow, ליסטר"... OK (ליסטר)
[38.9%] #11671: "Jastrow, ליסטרא"... OK (ליסטרא)
[38.9%] #11672: "Jastrow, לִיסְתָּא"... OK (ליסתא)
[38.9%] #11673: "Jastrow, לֵיעוּ"... OK (ליעו)
[38.9%] #11674: "Jastrow, *לֵיעָנוּת"... OK (ליענות)
[38.9%] #11675: "Jastrow, לִיעֶזֶר"... OK (ליעזר)
[38.9%] #11676: "Jastrow, לִיף"... OK (ליף)
[38.9%] #11677: "Jastrow, ליפארוס"... OK (ליפארוס)
[38.9%] #11678: "Jastrow, לִיפוֹד"... OK (ליפוד)
[38.9%] #11679: "Jastrow, לִיפּוּפָא"... OK (ליפופא)
[38.9%] #11680: "Jastrow, לִיפֵיז"... OK (ליפיז)
[38.9%] #11681: "Jastrow, לִיפַס"... OK (ליפס)
[38.9%] #11682: "Jastrow, לִיפְתָּא"... OK (ליפתא)
[38.9%] #11683: "Jastrow, לִיץ"... OK (ליץ)
[38.9%] #11684: "Jastrow, *לִיצּוּי"... OK (ליצוי)
[38.9%] #11685: "Jastrow, לֵיצָן"... OK (ליצן)
[39.0%] #11686: "Jastrow, לֵיצָן ²"... duplicate
[39.0%] #11686: "Jastrow, לֵיצָנוּת"... OK (ליצנות)
[39.0%] #11687: "Jastrow, לֵיצָנוּתָא"... OK (ליצנותא)
[39.0%] #11688: "Jastrow, לִיקּוּחַ"... OK (ליקוח)
[39.0%] #11689: "Jastrow, לִיקּוּט"... OK (ליקוט)
[39.0%] #11690: "Jastrow, לִיקוּנִין"... OK (ליקונין)
[39.0%] #11691: "Jastrow, לִיקְט־"... OK (ליקט)
[39.0%] #11692: "Jastrow, לַיִשׁ I"... OK (ליש)
[39.0%] #11693: "Jastrow, לַיִשׁ II"... duplicate
[39.0%] #11693: "Jastrow, לַיִשׁ III"... duplicate
[39.0%] #11693: "Jastrow, לִישׁ"... duplicate
[39.0%] #11693: "Jastrow, לישביזין"... OK (לישביזין)
[39.0%] #11694: "Jastrow, לִישָׁה"... OK (לישה)
[39.0%] #11695: "Jastrow, לִישְׁכָּה"... OK (לישכה)
[39.0%] #11696: "Jastrow, לִישְׁלוּשְׁתָּא"... OK (לישלושתא)
[39.0%] #11697: "Jastrow, לִישָׁן"... OK (לישן)
[39.0%] #11698: "Jastrow, לִישְׁתָא"... OK (לישתא)
[39.0%] #11699: "Jastrow, לַיִת"... OK (לית)
[39.0%] #11700: "Jastrow, לֵיתָא II"... OK (ליתא)
[39.0%] #11701: "Jastrow, לֵךְ"... OK (לך)
[39.0%] #11702: "Jastrow, לְךָ"... duplicate
[39.0%] #11702: "Jastrow, לַכָּא"... OK (לכא)
[39.0%] #11703: "Jastrow, לְכָא"... duplicate
[39.0%] #11703: "Jastrow, לִכְאוֹרָה"... OK (לכאורה)
[39.0%] #11704: "Jastrow, לָכַד"... OK (לכד)
[39.0%] #11705: "Jastrow, לְכַד"... duplicate
[39.0%] #11705: "Jastrow, לְכָה"... OK (לכה)
  [Saved progress: 11705 entries]
[39.0%] #11706: "Jastrow, לכוסין"... OK (לכוסין)
[39.0%] #11707: "Jastrow, לכין"... OK (לכין)
[39.0%] #11708: "Jastrow, *לָכִיס"... OK (לכיס)
[39.0%] #11709: "Jastrow, לְכִיסָא"... OK (לכיסא)
[39.0%] #11710: "Jastrow, לְכָךְ"... OK (לכך)
[39.0%] #11711: "Jastrow, לְכַךְ"... duplicate
[39.0%] #11711: "Jastrow, לכלאב־"... OK (לכלאב)
[39.0%] #11712: "Jastrow, לכל"... OK (לכל)
[39.0%] #11713: "Jastrow, לִכְלוּךְ"... OK (לכלוך)
[39.0%] #11714: "Jastrow, לַכְלוּכִית"... OK (לכלוכית)
[39.0%] #11715: "Jastrow, לִכְלֵךְ"... OK (לכלך)
[39.1%] #11716: "Jastrow, לַכְלֵךְ"... duplicate
[39.1%] #11716: "Jastrow, לָכֵן"... OK (לכן)
[39.1%] #11717: "Jastrow, לכנון"... OK (לכנון)
[39.1%] #11718: "Jastrow, לֹכְסָן"... OK (לכסן)
[39.1%] #11719: "Jastrow, לֶכֶשׁ"... OK (לכש)
[39.1%] #11720: "Jastrow, לֶכְתָּא"... OK (לכתא)
[39.1%] #11721: "Jastrow, לְכַתְּחִילָּה"... OK (לכתחילה)
[39.1%] #11722: "Jastrow, לְמָא I"... OK (למא)
[39.1%] #11723: "Jastrow, לְמָא II"... duplicate
[39.1%] #11723: "Jastrow, לַמְבַּרְנְיָא"... OK (למברניא)
[39.1%] #11724: "Jastrow, למ"ד"... OK (למד)
[39.1%] #11725: "Jastrow, לָמֵד I"... duplicate
[39.1%] #11725: "Jastrow, לָמֵד II"... duplicate
[39.1%] #11725: "Jastrow, לְמָה"... OK (למה)
[39.1%] #11726: "Jastrow, לָמָּה"... duplicate
[39.1%] #11726: "Jastrow, לָמָה"... duplicate
[39.1%] #11726: "Jastrow, לְמוּאֵל"... OK (למואל)
[39.1%] #11727: "Jastrow, לָמוּד"... OK (למוד)
[39.1%] #11728: "Jastrow, לִמּוּד"... duplicate
[39.1%] #11728: "Jastrow, לְמִידָה"... OK (למידה)
[39.1%] #11729: "Jastrow, לְמֵין"... OK (למין)
[39.1%] #11730: "Jastrow, לְמֵינָה"... OK (למינה)
[39.1%] #11731: "Jastrow, למלא"... OK (למלא)
[39.1%] #11732: "Jastrow, לִמְלֵם"... OK (למלם)
[39.1%] #11733: "Jastrow, לְמֵן"... OK (למן)
[39.1%] #11734: "Jastrow, לָמַס"... OK (למס)
[39.1%] #11735: "Jastrow, *לַמָּס"... duplicate
[39.1%] #11735: "Jastrow, לַמְפַּד"... OK (למפד)
[39.1%] #11736: "Jastrow, לַמְפַּדֹּס"... OK (למפדס)
[39.1%] #11737: "Jastrow, *לָנִין"... OK (לנין)
[39.1%] #11738: "Jastrow, לָנְנָן"... OK (לננן)
[39.1%] #11739: "Jastrow, לְסוֹטָה"... OK (לסוטה)
[39.1%] #11740: "Jastrow, לִסְטִין"... OK (לסטין)
[39.1%] #11741: "Jastrow, (לִסְטֵם"... OK (לסטם)
[39.1%] #11742: "Jastrow, לסיטה"... OK (לסיטה)
[39.1%] #11743: "Jastrow, לֶסֶת"... OK (לסת)
[39.1%] #11744: "Jastrow, לִסְתָא"... OK (לסתא)
[39.1%] #11745: "Jastrow, לְעָא"... OK (לעא)
[39.1%] #11746: "Jastrow, לָעַב"... OK (לעב)
[39.2%] #11747: "Jastrow, לְעַב"... duplicate
[39.2%] #11747: "Jastrow, לְעֵב"... duplicate
[39.2%] #11747: "Jastrow, לָעַג"... OK (לעג)
[39.2%] #11748: "Jastrow, לְעַג"... duplicate
[39.2%] #11748: "Jastrow, לַעַג"... duplicate
[39.2%] #11748: "Jastrow, לַעַג ²"... duplicate
[39.2%] #11748: "Jastrow, לָעוֹז"... OK (לעוז)
[39.2%] #11749: "Jastrow, לָעוֹזָא"... OK (לעוזא)
[39.2%] #11750: "Jastrow, לְעוּנִים"... OK (לעונים)
[39.2%] #11751: "Jastrow, לֵעוּ"... OK (לעו)
[39.2%] #11752: "Jastrow, לָעַז"... OK (לעז)
[39.2%] #11753: "Jastrow, לַעַז"... duplicate
[39.2%] #11753: "Jastrow, לָעְזָר"... OK (לעזר)
[39.2%] #11754: "Jastrow, לָעַט"... OK (לעט)
[39.2%] #11755: "Jastrow, לע"ט"... duplicate
[39.2%] #11755: "Jastrow, לְעִי"... OK (לעי)
[39.2%] #11756: "Jastrow, לְעֵיב"... OK (לעיב)
[39.2%] #11757: "Jastrow, לְעֵיג"... OK (לעיג)
[39.2%] #11758: "Jastrow, לְעִיטָה"... OK (לעיטה)
[39.2%] #11759: "Jastrow, לָעֲיֵי"... OK (לעיי)
[39.2%] #11760: "Jastrow, לַעְיִי"... duplicate
[39.2%] #11760: "Jastrow, לְעֵיל"... OK (לעיל)
[39.2%] #11761: "Jastrow, לעינות"... OK (לעינות)
[39.2%] #11762: "Jastrow, לְעֵינִין"... OK (לעינין)
[39.2%] #11763: "Jastrow, לְעִיסָה"... OK (לעיסה)
[39.2%] #11764: "Jastrow, לְעִיסָה ²"... duplicate
[39.2%] #11764: "Jastrow, לְעֵל"... OK (לעל)
[39.2%] #11765: "Jastrow, לַעֲנָה I"... OK (לענה)
[39.2%] #11766: "Jastrow, לַעֲנָה II"... duplicate
[39.2%] #11766: "Jastrow, לַעַנְתָּא"... OK (לענתא)
[39.2%] #11767: "Jastrow, לָעַס"... OK (לעס)
[39.2%] #11768: "Jastrow, לְעַס"... duplicate
[39.2%] #11768: "Jastrow, לעת־"... OK (לעת)
[39.2%] #11769: "Jastrow, לַפִּד"... OK (לפד)
[39.2%] #11770: "Jastrow, לַפְדָּא"... OK (לפדא)
[39.2%] #11771: "Jastrow, *לַפֶּדְיָא"... OK (לפדיא)
[39.2%] #11772: "Jastrow, לפוד"... OK (לפוד)
[39.2%] #11773: "Jastrow, לְפוּם"... OK (לפום)
[39.2%] #11774: "Jastrow, לְפוּסִין"... OK (לפוסין)
[39.2%] #11775: "Jastrow, לְפִי"... OK (לפי)
[39.3%] #11776: "Jastrow, לְפֵי"... duplicate
[39.3%] #11776: "Jastrow, לַפִּיד"... OK (לפיד)
[39.3%] #11777: "Jastrow, לַפִּיד ²"... duplicate
[39.3%] #11777: "Jastrow, לפיטטו"... OK (לפיטטו)
[39.3%] #11778: "Jastrow, לְפִיכָךְ"... OK (לפיכך)
[39.3%] #11779: "Jastrow, לְפִיסָא"... OK (לפיסא)
[39.3%] #11780: "Jastrow, לָפֵיף"... OK (לפיף)
[39.3%] #11781: "Jastrow, לִפְלוּף"... OK (לפלוף)
[39.3%] #11782: "Jastrow, לִפְלוּפָא"... OK (לפלופא)
[39.3%] #11783: "Jastrow, לִפְנַי"... OK (לפני)
  [Saved progress: 11783 entries]
[39.3%] #11784: "Jastrow, לֶפֶס"... OK (לפס)
[39.3%] #11785: "Jastrow, לִפְסָא"... OK (לפסא)
[39.3%] #11786: "Jastrow, לַפְסָן"... OK (לפסן)
[39.3%] #11787: "Jastrow, לָפַף"... OK (לפף)
[39.3%] #11788: "Jastrow, לְפַף"... duplicate
[39.3%] #11788: "Jastrow, לִפְצָא"... OK (לפצא)
[39.3%] #11789: "Jastrow, לפקקה"... OK (לפקקה)
[39.3%] #11790: "Jastrow, לָפַת"... OK (לפת)
[39.3%] #11791: "Jastrow, לְפַת"... duplicate
[39.3%] #11791: "Jastrow, לֶפֶת"... duplicate
[39.3%] #11791: "Jastrow, לִפְתָּא"... OK (לפתא)
[39.3%] #11792: "Jastrow, לִפְתּוּתָא"... OK (לפתותא)
[39.3%] #11793: "Jastrow, לִפְתָּם"... OK (לפתם)
[39.3%] #11794: "Jastrow, לִפְתָּן"... OK (לפתן)
[39.3%] #11795: "Jastrow, לִפְתָּנָא"... OK (לפתנא)
[39.3%] #11796: "Jastrow, לָץ"... OK (לץ)
[39.3%] #11797: "Jastrow, לֵץ"... duplicate
[39.3%] #11797: "Jastrow, לָצוּת"... OK (לצות)
[39.3%] #11798: "Jastrow, לֵצָן"... OK (לצן)
[39.3%] #11799: "Jastrow, לָק"... OK (לק)
[39.3%] #11800: "Jastrow, לְקָא"... OK (לקא)
[39.3%] #11801: "Jastrow, לְקוּחוֹת"... OK (לקוחות)
[39.3%] #11802: "Jastrow, לִקּוּחַ"... OK (לקוח)
[39.3%] #11803: "Jastrow, לָקוֹט"... OK (לקוט)
[39.3%] #11804: "Jastrow, לָקוֹטָא"... OK (לקוטא)
[39.3%] #11805: "Jastrow, לְקוֹטָאֵי"... OK (לקוטאי)
[39.4%] #11806: "Jastrow, לקוטינטיס"... OK (לקוטינטיס)
[39.4%] #11807: "Jastrow, לְקוּנָא"... OK (לקונא)
[39.4%] #11808: "Jastrow, לַקּוּשֵׁי"... OK (לקושי)
[39.4%] #11809: "Jastrow, לְקוּשִׁין"... OK (לקושין)
[39.4%] #11810: "Jastrow, לָקוּתָא"... OK (לקותא)
[39.4%] #11811: "Jastrow, לָקַח"... OK (לקח)
[39.4%] #11812: "Jastrow, *לְקַח"... duplicate
[39.4%] #11812: "Jastrow, לֶקַח"... duplicate
[39.4%] #11812: "Jastrow, לָקַט"... OK (לקט)
[39.4%] #11813: "Jastrow, לְקַט"... duplicate
[39.4%] #11813: "Jastrow, לֶקֶט"... duplicate
[39.4%] #11813: "Jastrow, לֶקֶט ²"... duplicate
[39.4%] #11813: "Jastrow, לקטיות"... OK (לקטיות)
[39.4%] #11814: "Jastrow, לֶקְטִיקָא"... OK (לקטיקא)
[39.4%] #11815: "Jastrow, לקי"... OK (לקי)
[39.4%] #11816: "Jastrow, לְקִי"... duplicate
[39.4%] #11816: "Jastrow, לְקִיחָה"... OK (לקיחה)
[39.4%] #11817: "Jastrow, לְקֵיט"... OK (לקיט)
[39.4%] #11818: "Jastrow, לָקִיט"... duplicate
[39.4%] #11818: "Jastrow, *לָקִיט I"... duplicate
[39.4%] #11818: "Jastrow, לָקִיט II"... duplicate
[39.4%] #11818: "Jastrow, לְקִיטָה"... OK (לקיטה)
[39.4%] #11819: "Jastrow, לְקִינָא"... OK (לקינא)
[39.4%] #11820: "Jastrow, לְקִינִיתָא"... OK (לקיניתא)
[39.4%] #11821: "Jastrow, לָקִישׁ"... OK (לקיש)
[39.4%] #11822: "Jastrow, לָקִישׁ II"... duplicate
[39.4%] #11822: "Jastrow, לַקִּישׁוּתָא"... OK (לקישותא)
[39.4%] #11823: "Jastrow, לָקָן"... OK (לקן)
[39.4%] #11824: "Jastrow, לַקְנָא"... OK (לקנא)
[39.4%] #11825: "Jastrow, לַקְנִי"... OK (לקני)
[39.4%] #11826: "Jastrow, לָֽקַק"... OK (לקק)
[39.4%] #11827: "Jastrow, לָקַשׁ"... OK (לקש)
[39.4%] #11828: "Jastrow, לְקַשׁ"... duplicate
[39.4%] #11828: "Jastrow, לַקִּשׁ"... duplicate
[39.4%] #11828: "Jastrow, לקת"... OK (לקת)
[39.4%] #11829: "Jastrow, לִרַע"... OK (לרע)
[39.4%] #11830: "Jastrow, לָשׁוֹן"... OK (לשון)
[39.4%] #11831: "Jastrow, לְשִׁישִׁית"... OK (לשישית)
[39.4%] #11832: "Jastrow, לִשְׁכָּה"... OK (לשכה)
[39.4%] #11833: "Jastrow, לִשְׁכְּתָא"... OK (לשכתא)
[39.4%] #11834: "Jastrow, לִשְׁלוּשְׁתָּא"... OK (לשלושתא)
[39.4%] #11835: "Jastrow, לִשְׁלֶשֶׁת"... OK (לשלשת)
[39.5%] #11836: "Jastrow, לָשַׁן"... OK (לשן)
[39.5%] #11837: "Jastrow, לְשַׁן"... duplicate
[39.5%] #11837: "Jastrow, לַת"... OK (לת)
[39.5%] #11838: "Jastrow, לָתָא"... OK (לתא)
[39.5%] #11839: "Jastrow, לְתִיתָה"... OK (לתיתה)
[39.5%] #11840: "Jastrow, לֶתֶךְ"... OK (לתך)
[39.5%] #11841: "Jastrow, לָתַת"... OK (לתת)
[39.5%] #11842: "Jastrow, לְתַת"... duplicate
[39.5%] #11842: "Jastrow, מ"... OK (מ)
[39.5%] #11843: "Jastrow, מ׳"... duplicate
[39.5%] #11843: "Jastrow, מִ־"... duplicate
[39.5%] #11843: "Jastrow, מָא"... OK (מא)
[39.5%] #11844: "Jastrow, מאגניות"... OK (מאגניות)
[39.5%] #11845: "Jastrow, מְאֹד"... OK (מאד)
[39.5%] #11846: "Jastrow, מַאֲדִים"... OK (מאדים)
[39.5%] #11847: "Jastrow, מֹאדְנִין"... OK (מאדנין)
[39.5%] #11848: "Jastrow, מֵאָה"... OK (מאה)
[39.5%] #11849: "Jastrow, מְאָה"... duplicate
[39.5%] #11849: "Jastrow, *מָאוּז"... OK (מאוז)
[39.5%] #11850: "Jastrow, מאום"... OK (מאום)
[39.5%] #11851: "Jastrow, מָאוָן"... OK (מאון)
[39.5%] #11852: "Jastrow, מָאוּס"... OK (מאוס)
[39.5%] #11853: "Jastrow, מִאוּס"... duplicate
[39.5%] #11853: "Jastrow, מָאוֹר"... OK (מאור)
[39.5%] #11854: "Jastrow, מְאוֹרָע"... OK (מאורע)
[39.5%] #11855: "Jastrow, מאושבן"... OK (מאושבן)
[39.5%] #11856: "Jastrow, מֹאזְנַוָּון"... OK (מאזנוון)
[39.5%] #11857: "Jastrow, מֹאזְנַיִם"... OK (מאזנים)
[39.5%] #11858: "Jastrow, *מְאָחָא"... OK (מאחא)
[39.5%] #11859: "Jastrow, מָאחָתָא"... OK (מאחתא)
[39.5%] #11860: "Jastrow, *מָאחוּי"... OK (מאחוי)
[39.5%] #11861: "Jastrow, מַאי"... OK (מאי)
  [Saved progress: 11861 entries]
[39.5%] #11862: "Jastrow, מָאִים"... OK (מאים)
[39.5%] #11863: "Jastrow, מָאִין"... OK (מאין)
[39.5%] #11864: "Jastrow, מאינון"... OK (מאינון)
[39.5%] #11865: "Jastrow, מאיס"... OK (מאיס)
[39.6%] #11866: "Jastrow, מְאִיס"... duplicate
[39.6%] #11866: "Jastrow, מְאִיסָה"... OK (מאיסה)
[39.6%] #11867: "Jastrow, מְאִיסוּתָא"... OK (מאיסותא)
[39.6%] #11868: "Jastrow, מֵאִיר"... OK (מאיר)
[39.6%] #11869: "Jastrow, מְאֵירָה"... OK (מאירה)
[39.6%] #11870: "Jastrow, מַאיְשָׁא"... OK (מאישא)
[39.6%] #11871: "Jastrow, מָאִית"... OK (מאית)
[39.6%] #11872: "Jastrow, מָאַךְ"... OK (מאך)
[39.6%] #11873: "Jastrow, מְאַךְ"... duplicate
[39.6%] #11873: "Jastrow, מָאכָא"... OK (מאכא)
[39.6%] #11874: "Jastrow, מַאֲכוֹלֶת"... OK (מאכולת)
[39.6%] #11875: "Jastrow, מַאֲכָל"... OK (מאכל)
[39.6%] #11876: "Jastrow, מַאֲכֶלֶת"... OK (מאכלת)
[39.6%] #11877: "Jastrow, מאכסני"... OK (מאכסני)
[39.6%] #11878: "Jastrow, מְאַלְלָא"... OK (מאללא)
[39.6%] #11879: "Jastrow, מֶאמֶל"... OK (מאמל)
[39.6%] #11880: "Jastrow, מַאֲמָר"... OK (מאמר)
[39.6%] #11881: "Jastrow, מַאֲמָרָא"... OK (מאמרא)
[39.6%] #11882: "Jastrow, מָאַן"... OK (מאן)
[39.6%] #11883: "Jastrow, מַאן"... duplicate
[39.6%] #11883: "Jastrow, מָאן"... duplicate
[39.6%] #11883: "Jastrow, מָאַס"... OK (מאס)
[39.6%] #11884: "Jastrow, מְאַס"... duplicate
[39.6%] #11884: "Jastrow, מָאָס"... duplicate
[39.6%] #11884: "Jastrow, מְאַסָּא"... OK (מאסא)
[39.6%] #11885: "Jastrow, מאסאסה"... OK (מאסאסה)
[39.6%] #11886: "Jastrow, מָאִסַיָּא"... OK (מאסיא)
[39.6%] #11887: "Jastrow, מאספוטמיא"... OK (מאספוטמיא)
[39.6%] #11888: "Jastrow, מַאֲפֶה"... OK (מאפה)
[39.6%] #11889: "Jastrow, מַאֲפֵי"... OK (מאפי)
[39.6%] #11890: "Jastrow, מַאֲפֵל"... OK (מאפל)
[39.6%] #11891: "Jastrow, מַאְפֵּלְיָה"... OK (מאפליה)
[39.6%] #11892: "Jastrow, מָאר"... OK (מאר)
[39.6%] #11893: "Jastrow, מְאֵרָה"... OK (מארה)
[39.6%] #11894: "Jastrow, *מַאֲרוֹפָה"... OK (מארופה)
[39.6%] #11895: "Jastrow, מָארֵי"... OK (מארי)
[39.6%] #11896: "Jastrow, מָארִי"... duplicate
[39.6%] #11896: "Jastrow, מַאֲרִיסָא"... OK (מאריסא)
[39.7%] #11897: "Jastrow, מָאַרְכָן"... OK (מארכן)
[39.7%] #11898: "Jastrow, מְאָרַע"... OK (מארע)
[39.7%] #11899: "Jastrow, מְאָרְעָא"... OK (מארעא)
[39.7%] #11900: "Jastrow, מָאשֵׁי"... OK (מאשי)
[39.7%] #11901: "Jastrow, מָאתָא"... OK (מאתא)
[39.7%] #11902: "Jastrow, מָאתַיִן"... OK (מאתין)
[39.7%] #11903: "Jastrow, מַבָּאנָא"... OK (מבאנא)
[39.7%] #11904: "Jastrow, מַבְגַּאי"... OK (מבגאי)
[39.7%] #11905: "Jastrow, מְבַהֲתָנָא"... OK (מבהתנא)
[39.7%] #11906: "Jastrow, מָבוֹא"... OK (מבוא)
[39.7%] #11907: "Jastrow, מְבוֹאָה"... OK (מבואה)
[39.7%] #11908: "Jastrow, מָבוֹג"... OK (מבוג)
[39.7%] #11909: "Jastrow, מָבוֹי"... OK (מבוי)
[39.7%] #11910: "Jastrow, מַבּוּל"... OK (מבול)
[39.7%] #11911: "Jastrow, מַבּוּלָא"... OK (מבולא)
[39.7%] #11912: "Jastrow, מַבּוּעַ"... OK (מבוע)
[39.7%] #11913: "Jastrow, מַבּוּעַ ²"... duplicate
[39.7%] #11913: "Jastrow, מַבּוֹרָא"... OK (מבורא)
[39.7%] #11914: "Jastrow, מְבַזְעָא"... OK (מבזעא)
[39.7%] #11915: "Jastrow, מְבִינָא"... OK (מבינא)
[39.7%] #11916: "Jastrow, מְבַלְבְּלִיתָא"... OK (מבלבליתא)
[39.7%] #11917: "Jastrow, מבליגא"... OK (מבליגא)
[39.7%] #11918: "Jastrow, מַבְלַעְתָּא"... OK (מבלעתא)
[39.7%] #11919: "Jastrow, מבנייך"... OK (מבנייך)
[39.7%] #11920: "Jastrow, מַבְסִימָא"... OK (מבסימא)
[39.7%] #11921: "Jastrow, מבססין"... OK (מבססין)
[39.7%] #11922: "Jastrow, מְבַסְרָנָא"... OK (מבסרנא)
[39.7%] #11923: "Jastrow, מַבַּע"... OK (מבע)
[39.7%] #11924: "Jastrow, מַבְעֶה"... OK (מבעה)
[39.7%] #11925: "Jastrow, מַבְעִיר"... OK (מבעיר)
[39.8%] #11926: "Jastrow, מַבָּרָא"... OK (מברא)
[39.8%] #11927: "Jastrow, מַבְרַחַת"... OK (מברחת)
[39.8%] #11928: "Jastrow, מַבְרֵי"... OK (מברי)
[39.8%] #11929: "Jastrow, מברין"... OK (מברין)
[39.8%] #11930: "Jastrow, מַבְרַכְתָּא"... OK (מברכתא)
[39.8%] #11931: "Jastrow, מַבְרַכְתָּה"... OK (מברכתה)
[39.8%] #11932: "Jastrow, מְבַשְׁקְרָנָא"... OK (מבשקרנא)
[39.8%] #11933: "Jastrow, מְבָתָא"... OK (מבתא)
[39.8%] #11934: "Jastrow, מְגָאגָא"... OK (מגאגא)
[39.8%] #11935: "Jastrow, מַגָּאנָא"... OK (מגאנא)
[39.8%] #11936: "Jastrow, מַגְבַּאי"... OK (מגבאי)
[39.8%] #11937: "Jastrow, מִגְבָּה"... OK (מגבה)
[39.8%] #11938: "Jastrow, מַגַּבְיָא"... OK (מגביא)
[39.8%] #11939: "Jastrow, מַגְבִּילָה"... OK (מגבילה)
[39.8%] #11940: "Jastrow, מַגְבִּית"... OK (מגבית)
[39.8%] #11941: "Jastrow, מַגְבִּיתָא"... OK (מגביתא)
[39.8%] #11942: "Jastrow, מֶגֶג"... OK (מגג)
[39.8%] #11943: "Jastrow, מָגַג"... duplicate
[39.8%] #11943: "Jastrow, מְגַג"... duplicate
[39.8%] #11943: "Jastrow, מְגָגָא"... OK (מגגא)
[39.8%] #11944: "Jastrow, מֶגֶד"... OK (מגד)
[39.8%] #11945: "Jastrow, מַגְדָּא"... OK (מגדא)
[39.8%] #11946: "Jastrow, מִגְדָּא"... duplicate
[39.8%] #11946: "Jastrow, מגדירה"... OK (מגדירה)
[39.8%] #11947: "Jastrow, מִגְדָּל"... OK (מגדל)
[39.8%] #11948: "Jastrow, מִגְדַּל"... duplicate
[39.8%] #11948: "Jastrow, מַגְדְּלָאָה"... OK (מגדלאה)
[39.8%] #11949: "Jastrow, מְגַדֶּלֶת"... OK (מגדלת)
  [Saved progress: 11949 entries]
[39.8%] #11950: "Jastrow, מגדן"... OK (מגדן)
[39.8%] #11951: "Jastrow, מִגְדָּנִין"... OK (מגדנין)
[39.8%] #11952: "Jastrow, מִגְדַּת"... OK (מגדת)
[39.8%] #11953: "Jastrow, מִגּוֹ"... OK (מגו)
[39.8%] #11954: "Jastrow, *מָגוֹב"... OK (מגוב)
[39.8%] #11955: "Jastrow, מָגוֹג"... OK (מגוג)
[39.9%] #11956: "Jastrow, מָגוֹד"... OK (מגוד)
[39.9%] #11957: "Jastrow, מְגוּסָא"... OK (מגוסא)
[39.9%] #11958: "Jastrow, מְגוֹסֶת"... OK (מגוסת)
[39.9%] #11959: "Jastrow, מְגוּסְתָּא"... OK (מגוסתא)
[39.9%] #11960: "Jastrow, מְגוּפָה"... OK (מגופה)
[39.9%] #11961: "Jastrow, מְגוּפְתָּא"... OK (מגופתא)
[39.9%] #11962: "Jastrow, מָגוֹר"... OK (מגור)
[39.9%] #11963: "Jastrow, מָגוֹר ²"... duplicate
[39.9%] #11963: "Jastrow, מְגוּרָה I"... OK (מגורה)
[39.9%] #11964: "Jastrow, מְגוּרָה II"... duplicate
[39.9%] #11964: "Jastrow, מגורה"... duplicate
[39.9%] #11964: "Jastrow, מגורסי"... OK (מגורסי)
[39.9%] #11965: "Jastrow, מְגוֹרֶרֶת"... OK (מגוררת)
[39.9%] #11966: "Jastrow, מְגוֹרֶת"... OK (מגורת)
[39.9%] #11967: "Jastrow, מְגוּרְתָּא"... OK (מגורתא)
[39.9%] #11968: "Jastrow, מָגוֹשׁ"... OK (מגוש)
[39.9%] #11969: "Jastrow, מָגוֹשָׁא"... OK (מגושא)
[39.9%] #11970: "Jastrow, מָגוּשְׁתָּא"... OK (מגושתא)
[39.9%] #11971: "Jastrow, מִגְזְרָא"... OK (מגזרא)
[39.9%] #11972: "Jastrow, מְגִזְתָּא"... OK (מגזתא)
[39.9%] #11973: "Jastrow, מְגֵי"... OK (מגי)
[39.9%] #11974: "Jastrow, מַגִּיד"... OK (מגיד)
[39.9%] #11975: "Jastrow, מגידונית"... OK (מגידונית)
[39.9%] #11976: "Jastrow, מגידם"... OK (מגידם)
[39.9%] #11977: "Jastrow, מְגִיזָה"... OK (מגיזה)
[39.9%] #11978: "Jastrow, מְגִיזוּתָא"... OK (מגיזותא)
[39.9%] #11979: "Jastrow, מְגִיזְתָּא I"... OK (מגיזתא)
[39.9%] #11980: "Jastrow, מְגִיזְתָּא II"... duplicate
[39.9%] #11980: "Jastrow, מְגִילָּה"... OK (מגילה)
[39.9%] #11981: "Jastrow, מָגִינּ־"... OK (מגינ)
[39.9%] #11982: "Jastrow, מַגִּין"... OK (מגין)
[39.9%] #11983: "Jastrow, מָגֶינֶת"... OK (מגינת)
[39.9%] #11984: "Jastrow, מֵגֵיס"... OK (מגיס)
[39.9%] #11985: "Jastrow, מְגִיסָא"... OK (מגיסא)
[40.0%] #11986: "Jastrow, מגיסטאר"... OK (מגיסטאר)
[40.0%] #11987: "Jastrow, מָגִיסְטֵיר"... OK (מגיסטיר)
[40.0%] #11988: "Jastrow, מגיסטריני"... OK (מגיסטריני)
[40.0%] #11989: "Jastrow, מְגִיסְתָּא"... OK (מגיסתא)
[40.0%] #11990: "Jastrow, מְגִיסְתָּא ²"... duplicate
[40.0%] #11990: "Jastrow, מַגֵּיפָה"... OK (מגיפה)
[40.0%] #11991: "Jastrow, מָגִיר"... OK (מגיר)
[40.0%] #11992: "Jastrow, מָגֵיר"... duplicate
[40.0%] #11992: "Jastrow, מְגֵירָה"... OK (מגירה)
[40.0%] #11993: "Jastrow, מגִירוֹס"... OK (מגירוס)
[40.0%] #11994: "Jastrow, מְגִירוּתָא"... OK (מגירותא)
[40.0%] #11995: "Jastrow, מָגִירְיוֹן"... OK (מגיריון)
[40.0%] #11996: "Jastrow, מגיריית"... OK (מגיריית)
[40.0%] #11997: "Jastrow, מגירם"... OK (מגירם)
[40.0%] #11998: "Jastrow, מֵגִירְתָּא"... OK (מגירתא)
[40.0%] #11999: "Jastrow, מַגָּל"... OK (מגל)
[40.0%] #12000: "Jastrow, מַגַּל"... duplicate
[40.0%] #12000: "Jastrow, מַגְלָב"... OK (מגלב)
[40.0%] #12001: "Jastrow, מַגְלָבָא"... OK (מגלבא)
[40.0%] #12002: "Jastrow, מַגְלָבָה"... OK (מגלבה)
[40.0%] #12003: "Jastrow, מְגִלָּה"... OK (מגלה)
[40.0%] #12004: "Jastrow, מַגְלוֹנָאָה"... OK (מגלונאה)
[40.0%] #12005: "Jastrow, מַגְלְיינָא"... OK (מגליינא)
[40.0%] #12006: "Jastrow, מְגִלְתָּא"... OK (מגלתא)
[40.0%] #12007: "Jastrow, מֻגְמָר"... OK (מגמר)
[40.0%] #12008: "Jastrow, מָגֵן"... OK (מגן)
[40.0%] #12009: "Jastrow, מְגָן"... duplicate
[40.0%] #12009: "Jastrow, מַגָּן"... duplicate
[40.0%] #12009: "Jastrow, מְגָנָא"... OK (מגנא)
[40.0%] #12010: "Jastrow, מַגָּנָה"... OK (מגנה)
[40.0%] #12011: "Jastrow, מַגְּנוֹן"... OK (מגנון)
[40.0%] #12012: "Jastrow, מִגַּנְיָא"... OK (מגניא)
[40.0%] #12013: "Jastrow, מַגָּנִיּוֹת"... OK (מגניות)
[40.0%] #12014: "Jastrow, מנגנימין"... OK (מנגנימין)
[40.0%] #12015: "Jastrow, מָגֶנֶת"... OK (מגנת)
[40.1%] #12016: "Jastrow, מֵגַס"... OK (מגס)
[40.1%] #12017: "Jastrow, מָגִסְטָאר"... OK (מגסטאר)
[40.1%] #12018: "Jastrow, מַגָּע"... OK (מגע)
[40.1%] #12019: "Jastrow, מַגְעוּרִי"... OK (מגעורי)
[40.1%] #12020: "Jastrow, מֵגֵף"... OK (מגף)
[40.1%] #12021: "Jastrow, מַגֵּפָה"... OK (מגפה)
[40.1%] #12022: "Jastrow, מְגָפַיִּים"... OK (מגפיים)
[40.1%] #12023: "Jastrow, מַגֵּפְתָּא"... OK (מגפתא)
[40.1%] #12024: "Jastrow, מְגַר"... OK (מגר)
[40.1%] #12025: "Jastrow, מָגֵר"... duplicate
[40.1%] #12025: "Jastrow, מַגְרְדָא"... OK (מגרדא)
[40.1%] #12026: "Jastrow, מְגֵרָה"... OK (מגרה)
[40.1%] #12027: "Jastrow, מַגְרוּמְתָּא"... OK (מגרומתא)
[40.1%] #12028: "Jastrow, מַגְרוֹס"... OK (מגרוס)
[40.1%] #12029: "Jastrow, מגרופות"... OK (מגרופות)
[40.1%] #12030: "Jastrow, מַגְרוֹפִי"... OK (מגרופי)
[40.1%] #12031: "Jastrow, מַגְרוֹפִית"... OK (מגרופית)
[40.1%] #12032: "Jastrow, מַגְרוֹפִיתָא"... OK (מגרופיתא)
[40.1%] #12033: "Jastrow, מגרופת"... OK (מגרופת)
[40.1%] #12034: "Jastrow, מַגְרֵיף"... OK (מגריף)
[40.1%] #12035: "Jastrow, מגריפים"... OK (מגריפים)
[40.1%] #12036: "Jastrow, מַגְרַמְתָּא"... OK (מגרמתא)
[40.1%] #12037: "Jastrow, מְגִירְסָא"... OK (מגירסא)
[40.1%] #12038: "Jastrow, מַגְרֵף"... OK (מגרף)
[40.1%] #12039: "Jastrow, מַגְרֵפָה"... OK (מגרפה)
  [Saved progress: 12039 entries]
[40.1%] #12040: "Jastrow, מגרפתיה"... OK (מגרפתיה)
[40.1%] #12041: "Jastrow, מַגְרֶרֶת"... OK (מגררת)
[40.1%] #12042: "Jastrow, מַגְרַרְתָּא"... OK (מגררתא)
[40.1%] #12043: "Jastrow, מִגְרָשׁ"... OK (מגרש)
[40.1%] #12044: "Jastrow, מְגֶרֶת"... OK (מגרת)
[40.1%] #12045: "Jastrow, מגרת"... duplicate
[40.1%] #12045: "Jastrow, מִדְּ־"... OK (מד)
[40.2%] #12046: "Jastrow, מַדָּא"... OK (מדא)
[40.2%] #12047: "Jastrow, מָדָאָה"... OK (מדאה)
[40.2%] #12048: "Jastrow, מַדָּאנָא"... OK (מדאנא)
[40.2%] #12049: "Jastrow, מַדָּאתָא"... OK (מדאתא)
[40.2%] #12050: "Jastrow, מֵדְבָא"... OK (מדבא)
[40.2%] #12051: "Jastrow, *מַדְבּוּרָא"... OK (מדבורא)
[40.2%] #12052: "Jastrow, מַדְבַּח"... OK (מדבח)
[40.2%] #12053: "Jastrow, מדבך"... OK (מדבך)
[40.2%] #12054: "Jastrow, מַדְבַּק"... OK (מדבק)
[40.2%] #12055: "Jastrow, מְדַבֵּר"... OK (מדבר)
[40.2%] #12056: "Jastrow, מִדְבָּר"... duplicate
[40.2%] #12056: "Jastrow, מַדְבְּרָא"... OK (מדברא)
[40.2%] #12057: "Jastrow, מְדַבְּרָא"... duplicate
[40.2%] #12057: "Jastrow, מִדַּבְּרוֹת"... OK (מדברות)
[40.2%] #12058: "Jastrow, מִדְבָּרִי"... OK (מדברי)
[40.2%] #12059: "Jastrow, מַדְבְּרָן"... OK (מדברן)
[40.2%] #12060: "Jastrow, מְדַבְּרָנָא"... OK (מדברנא)
[40.2%] #12061: "Jastrow, מְדַבְּרָנוּתָא"... OK (מדברנותא)
[40.2%] #12062: "Jastrow, מַדְבַּרְתָּא"... OK (מדברתא)
[40.2%] #12063: "Jastrow, מַדְבַשְׁתָּא"... OK (מדבשתא)
[40.2%] #12064: "Jastrow, מָדַד"... OK (מדד)
[40.2%] #12065: "Jastrow, מִדָּה"... OK (מדה)
[40.2%] #12066: "Jastrow, מִדָּה ²"... duplicate
[40.2%] #12066: "Jastrow, מִדְּהָא"... OK (מדהא)
[40.2%] #12067: "Jastrow, מדהא"... duplicate
[40.2%] #12067: "Jastrow, מַדְוָא"... OK (מדוא)
[40.2%] #12068: "Jastrow, מְדַוַּאר"... OK (מדואר)
[40.2%] #12069: "Jastrow, מְדוּבְלָל"... OK (מדובלל)
[40.2%] #12070: "Jastrow, מדוברי"... OK (מדוברי)
[40.2%] #12071: "Jastrow, מַדְוֶה"... OK (מדוה)
[40.2%] #12072: "Jastrow, מדוורתא"... OK (מדוורתא)
[40.2%] #12073: "Jastrow, מדוי"... OK (מדוי)
[40.2%] #12074: "Jastrow, מַדְוֵי"... duplicate
[40.2%] #12074: "Jastrow, מָדוֹךְ"... OK (מדוך)
[40.2%] #12075: "Jastrow, מְדוֹכָא"... OK (מדוכא)
[40.3%] #12076: "Jastrow, מְדוֹכָה"... OK (מדוכה)
[40.3%] #12077: "Jastrow, מְדוֹכְיָא"... OK (מדוכיא)
[40.3%] #12078: "Jastrow, *מְדוּכְרָא"... OK (מדוכרא)
[40.3%] #12079: "Jastrow, מְדוּכְתָּא"... OK (מדוכתא)
[40.3%] #12080: "Jastrow, מִדוֹל"... OK (מדול)
[40.3%] #12081: "Jastrow, מדוני"... OK (מדוני)
[40.3%] #12082: "Jastrow, מְדוּקְרָן"... OK (מדוקרן)
[40.3%] #12083: "Jastrow, מָדוֹר"... OK (מדור)
[40.3%] #12084: "Jastrow, מָדוֹר ²"... duplicate
[40.3%] #12084: "Jastrow, מְדוּרָא"... OK (מדורא)
[40.3%] #12085: "Jastrow, מְדוּרָה"... OK (מדורה)
[40.3%] #12086: "Jastrow, מְדוּרְתָּא"... OK (מדורתא)
[40.3%] #12087: "Jastrow, *מְדוּשָּׁא"... OK (מדושא)
[40.3%] #12088: "Jastrow, מְדוּשָּׁה"... OK (מדושה)
[40.3%] #12089: "Jastrow, מָדַי"... OK (מדי)
[40.3%] #12090: "Jastrow, מָדִי"... duplicate
[40.3%] #12090: "Jastrow, מָדָיָא"... OK (מדיא)
[40.3%] #12091: "Jastrow, מדיבה"... OK (מדיבה)
[40.3%] #12092: "Jastrow, מְדִידָה"... OK (מדידה)
[40.3%] #12093: "Jastrow, מדיונים"... OK (מדיונים)
[40.3%] #12094: "Jastrow, מדיח"... OK (מדיח)
[40.3%] #12095: "Jastrow, מָדַיי"... OK (מדיי)
[40.3%] #12096: "Jastrow, מִדְיָינָא"... OK (מדיינא)
[40.3%] #12097: "Jastrow, מְדִיל־"... OK (מדיל)
[40.3%] #12098: "Jastrow, מַדֵּין"... OK (מדין)
[40.3%] #12099: "Jastrow, מָדִין"... duplicate
[40.3%] #12099: "Jastrow, מִדְיָן I"... duplicate
[40.3%] #12099: "Jastrow, מִדְיָן II"... duplicate
[40.3%] #12099: "Jastrow, מְדִינָא"... OK (מדינא)
[40.3%] #12100: "Jastrow, מְדִינָה"... OK (מדינה)
[40.3%] #12101: "Jastrow, מָדִינְחָא"... OK (מדינחא)
[40.3%] #12102: "Jastrow, מְדִינְתָּא"... OK (מדינתא)
[40.3%] #12103: "Jastrow, מְדֵירָא"... OK (מדירא)
[40.3%] #12104: "Jastrow, מַדְכּוּרָא"... OK (מדכורא)
[40.3%] #12105: "Jastrow, מַדְכוֹתָא"... OK (מדכותא)
[40.4%] #12106: "Jastrow, *מַדְכַנְתָּא"... OK (מדכנתא)
[40.4%] #12107: "Jastrow, מֵדַל"... OK (מדל)
[40.4%] #12108: "Jastrow, מְדִל"... duplicate
[40.4%] #12108: "Jastrow, מַדְלָא I"... OK (מדלא)
[40.4%] #12109: "Jastrow, *מַדְלָא II"... duplicate
[40.4%] #12109: "Jastrow, מדלאות"... OK (מדלאות)
[40.4%] #12110: "Jastrow, מִדְלַעַת"... OK (מדלעת)
[40.4%] #12111: "Jastrow, מְדַמְכָא"... OK (מדמכא)
[40.4%] #12112: "Jastrow, מִדְּמַר"... OK (מדמר)
[40.4%] #12113: "Jastrow, מָדֵן"... OK (מדן)
[40.4%] #12114: "Jastrow, מַדֵּן"... duplicate
[40.4%] #12114: "Jastrow, מַדָּנָא"... OK (מדנא)
[40.4%] #12115: "Jastrow, מְדָנָא"... duplicate
[40.4%] #12115: "Jastrow, מַדְנַח"... OK (מדנח)
[40.4%] #12116: "Jastrow, מַדָּע"... OK (מדע)
[40.4%] #12117: "Jastrow, מַדַּע"... duplicate
[40.4%] #12117: "Jastrow, מִדַּעַם"... OK (מדעם)
[40.4%] #12118: "Jastrow, מֹדַעַת"... OK (מדעת)
[40.4%] #12119: "Jastrow, מֵדֵף"... OK (מדף)
[40.4%] #12120: "Jastrow, מַדָּף"... duplicate
[40.4%] #12120: "Jastrow, מִדָּף"... duplicate
[40.4%] #12120: "Jastrow, מֵדַק"... OK (מדק)
[40.4%] #12121: "Jastrow, מִדְּקָא"... OK (מדקא)
  [Saved progress: 12121 entries]
[40.4%] #12122: "Jastrow, מֶדֶר"... OK (מדר)
[40.4%] #12123: "Jastrow, מָדַר"... duplicate
[40.4%] #12123: "Jastrow, מִדְרָא"... OK (מדרא)
[40.4%] #12124: "Jastrow, מַדְרָא"... duplicate
[40.4%] #12124: "Jastrow, מַדְרֵגָה"... OK (מדרגה)
[40.4%] #12125: "Jastrow, מָדֹר"... duplicate
[40.4%] #12125: "Jastrow, מַדְרוֹכִיתָא"... OK (מדרוכיתא)
[40.4%] #12126: "Jastrow, מַדְרוֹן"... OK (מדרון)
[40.4%] #12127: "Jastrow, מִדְרוֹן"... duplicate
[40.4%] #12127: "Jastrow, מַדְרֵיגָה"... OK (מדריגה)
[40.4%] #12128: "Jastrow, מִדְרָס"... OK (מדרס)
[40.4%] #12129: "Jastrow, מדרעא"... OK (מדרעא)
[40.4%] #12130: "Jastrow, מדרקא"... OK (מדרקא)
[40.4%] #12131: "Jastrow, מִדְרָשׁ"... OK (מדרש)
[40.4%] #12132: "Jastrow, מִדְרָשָׁא"... OK (מדרשא)
[40.4%] #12133: "Jastrow, מדרתא"... OK (מדרתא)
[40.4%] #12134: "Jastrow, מָה"... OK (מה)
[40.4%] #12135: "Jastrow, מָה ²"... duplicate
[40.4%] #12135: "Jastrow, מָהָא"... OK (מהא)
[40.5%] #12136: "Jastrow, מהגינות"... OK (מהגינות)
[40.5%] #12137: "Jastrow, מַהֲדוֹרָא"... OK (מהדורא)
[40.5%] #12138: "Jastrow, מַהֲדוּרָא"... duplicate
[40.5%] #12138: "Jastrow, מָהָה"... OK (מהה)
[40.5%] #12139: "Jastrow, מָהוּ"... OK (מהו)
[40.5%] #12140: "Jastrow, מְהוֹבִית"... OK (מהובית)
[40.5%] #12141: "Jastrow, מהוכיא"... OK (מהוכיא)
[40.5%] #12142: "Jastrow, מָהוֹלָא"... OK (מהולא)
[40.5%] #12143: "Jastrow, מְהוּלָא I"... duplicate
[40.5%] #12143: "Jastrow, מְהוּלָא II"... duplicate
[40.5%] #12143: "Jastrow, מְהוּלְתָּא I"... OK (מהולתא)
[40.5%] #12144: "Jastrow, מְהוּלְתָּא"... duplicate
[40.5%] #12144: "Jastrow, מְהוּמָה"... OK (מהומה)
[40.5%] #12145: "Jastrow, מְהוּמְתָּא"... OK (מהומתא)
[40.5%] #12146: "Jastrow, מָהַט"... OK (מהט)
[40.5%] #12147: "Jastrow, מָהִיא"... OK (מהיא)
[40.5%] #12148: "Jastrow, מְהִיבָא"... OK (מהיבא)
[40.5%] #12149: "Jastrow, מֵהֵיכָא"... OK (מהיכא)
[40.5%] #12150: "Jastrow, מְהִילָא"... OK (מהילא)
[40.5%] #12151: "Jastrow, מְהִימַן"... OK (מהימן)
[40.5%] #12152: "Jastrow, מָהִיר I"... OK (מהיר)
[40.5%] #12153: "Jastrow, מָהִיר II"... duplicate
[40.5%] #12153: "Jastrow, מְהִירוּת"... OK (מהירות)
[40.5%] #12154: "Jastrow, מהַל"... OK (מהל)
[40.5%] #12155: "Jastrow, מְהַל I"... duplicate
[40.5%] #12155: "Jastrow, מְהַל II"... duplicate
[40.5%] #12155: "Jastrow, מְהַלֵיךְ"... OK (מהליך)
[40.5%] #12156: "Jastrow, מַהֲלָךְ"... OK (מהלך)
[40.5%] #12157: "Jastrow, מַהֲלַךְ"... duplicate
[40.5%] #12157: "Jastrow, מֻהְלְתָא"... OK (מהלתא)
[40.5%] #12158: "Jastrow, מַהֲמוֹרוֹת"... OK (מהמורות)
[40.5%] #12159: "Jastrow, מַהֲמוֹרִין"... OK (מהמורין)
[40.5%] #12160: "Jastrow, מַהָן"... OK (מהן)
[40.5%] #12161: "Jastrow, מַהְפֶּיכְתָּא"... OK (מהפיכתא)
[40.5%] #12162: "Jastrow, מְהַפְּכָנָא"... OK (מהפכנא)
[40.5%] #12163: "Jastrow, מְהַפְכָנוּתָא"... OK (מהפכנותא)
[40.5%] #12164: "Jastrow, מָהַר"... OK (מהר)
[40.5%] #12165: "Jastrow, מֹהַר"... duplicate
[40.5%] #12165: "Jastrow, מָהִר"... duplicate
[40.5%] #12165: "Jastrow, מְהֵרָה"... OK (מהרה)
[40.6%] #12166: "Jastrow, מוֹאָב"... OK (מואב)
[40.6%] #12167: "Jastrow, מואבא"... OK (מואבא)
[40.6%] #12168: "Jastrow, מוֹאֲבאָה"... OK (מואבאה)
[40.6%] #12169: "Jastrow, מוֹאָבִי"... OK (מואבי)
[40.6%] #12170: "Jastrow, מוֹאֲבִיתָא"... OK (מואביתא)
[40.6%] #12171: "Jastrow, מוֹאדְנָוָון"... OK (מואדנוון)
[40.6%] #12172: "Jastrow, מוּבָאת"... OK (מובאת)
[40.6%] #12173: "Jastrow, מוֹבְדָנָא"... OK (מובדנא)
[40.6%] #12174: "Jastrow, מובילותא"... OK (מובילותא)
[40.6%] #12175: "Jastrow, מוֹבִילְתָּא"... OK (מובילתא)
[40.6%] #12176: "Jastrow, מוּבָל"... OK (מובל)
[40.6%] #12177: "Jastrow, מוּבָת"... OK (מובת)
[40.6%] #12178: "Jastrow, מוּג"... OK (מוג)
[40.6%] #12179: "Jastrow, מוֹג"... duplicate
[40.6%] #12179: "Jastrow, מוּגְדְּלָא"... OK (מוגדלא)
[40.6%] #12180: "Jastrow, מוגורות"... OK (מוגורות)
[40.6%] #12181: "Jastrow, מוּגְלָא"... OK (מוגלא)
[40.6%] #12182: "Jastrow, *מוּגְלְסָא"... OK (מוגלסא)
[40.6%] #12183: "Jastrow, מוּגְמָר"... OK (מוגמר)
[40.6%] #12184: "Jastrow, מוגמרין"... OK (מוגמרין)
[40.6%] #12185: "Jastrow, מוֹגֵרָה"... OK (מוגרה)
[40.6%] #12186: "Jastrow, מוּגְרֶמֶת"... OK (מוגרמת)
[40.6%] #12187: "Jastrow, מוֹגֶרֶת"... OK (מוגרת)
[40.6%] #12188: "Jastrow, מוּד"... OK (מוד)
[40.6%] #12189: "Jastrow, מודגראות"... OK (מודגראות)
[40.6%] #12190: "Jastrow, מוֹדְיָא"... OK (מודיא)
[40.6%] #12191: "Jastrow, מוֹדְיָא ²"... duplicate
[40.6%] #12191: "Jastrow, מוֹדִים"... OK (מודים)
[40.6%] #12192: "Jastrow, מוֹדִיעַ"... OK (מודיע)
[40.6%] #12193: "Jastrow, מוֹדִיעִים"... OK (מודיעים)
[40.6%] #12194: "Jastrow, מוֹדְלָא"... OK (מודלא)
[40.6%] #12195: "Jastrow, מוּדְלֶה"... OK (מודלה)
[40.6%] #12196: "Jastrow, מוּדְלִית"... OK (מודלית)
[40.7%] #12197: "Jastrow, מוֹדָנָא"... OK (מודנא)
[40.7%] #12198: "Jastrow, מוֹדָעָא"... OK (מודעא)
[40.7%] #12199: "Jastrow, מוֹדָעִי"... OK (מודעי)
[40.7%] #12200: "Jastrow, מוֹדָעִים"... OK (מודעים)
[40.7%] #12201: "Jastrow, מוֹדַעַת"... OK (מודעת)
[40.7%] #12202: "Jastrow, מוּדְרוֹן"... OK (מודרון)
[40.7%] #12203: "Jastrow, מוּדְרְקָא"... OK (מודרקא)
[40.7%] #12204: "Jastrow, מוֹהָא"... OK (מוהא)
  [Saved progress: 12204 entries]
[40.7%] #12205: "Jastrow, מוֹהֲבָא"... OK (מוהבא)
[40.7%] #12206: "Jastrow, מוֹהֲבוּתָא"... OK (מוהבותא)
[40.7%] #12207: "Jastrow, מוֹהֶה"... OK (מוהה)
[40.7%] #12208: "Jastrow, מַוְהֵי"... OK (מוהי)
[40.7%] #12209: "Jastrow, מוֹהַל"... OK (מוהל)
[40.7%] #12210: "Jastrow, מוֹהֵל"... duplicate
[40.7%] #12210: "Jastrow, מוֹהֲלָא"... OK (מוהלא)
[40.7%] #12211: "Jastrow, מוֹהַר"... OK (מוהר)
[40.7%] #12212: "Jastrow, מוֹהֲרָא"... OK (מוהרא)
[40.7%] #12213: "Jastrow, *מוֹהֲרִין"... OK (מוהרין)
[40.7%] #12214: "Jastrow, *מוֹהַרְנְקֵי"... OK (מוהרנקי)
[40.7%] #12215: "Jastrow, מוֹהַרְקֵי"... OK (מוהרקי)
[40.7%] #12216: "Jastrow, מווהתין"... OK (מווהתין)
[40.7%] #12217: "Jastrow, מַוְוחֵי"... OK (מווחי)
[40.7%] #12218: "Jastrow, מוּוָל"... OK (מוול)
[40.7%] #12219: "Jastrow, מַוְועֵי"... OK (מוועי)
[40.7%] #12220: "Jastrow, מַוְורוֹן"... OK (מוורון)
[40.7%] #12221: "Jastrow, מַוְורִיאָטִינוֹס"... OK (מווריאטינוס)
[40.7%] #12222: "Jastrow, מוֹזָא"... OK (מוזא)
[40.7%] #12223: "Jastrow, מוזבה"... OK (מוזבה)
[40.7%] #12224: "Jastrow, מוּזָּחִין"... OK (מוזחין)
[40.7%] #12225: "Jastrow, מוֹזִיפָא"... OK (מוזיפא)
[40.8%] #12226: "Jastrow, מוֹזִיקָא"... OK (מוזיקא)
[40.8%] #12227: "Jastrow, מוֹזְלָא , I"... OK (מוזלא)
[40.8%] #12228: "Jastrow, מוֹזְלָא II"... duplicate
[40.8%] #12228: "Jastrow, מוֹזְנָוָון"... OK (מוזנוון)
[40.8%] #12229: "Jastrow, מוֹזְנַיָּא"... OK (מוזניא)
[40.8%] #12230: "Jastrow, מוֹזְפוּ"... OK (מוזפו)
[40.8%] #12231: "Jastrow, מוֹזְפָנָא"... OK (מוזפנא)
[40.8%] #12232: "Jastrow, מוֹחַ"... OK (מוח)
[40.8%] #12233: "Jastrow, מוֹחַ ²"... duplicate
[40.8%] #12233: "Jastrow, מוחה"... OK (מוחה)
[40.8%] #12234: "Jastrow, מוֹחַל"... OK (מוחל)
[40.8%] #12235: "Jastrow, מוֹחֵק"... OK (מוחק)
[40.8%] #12236: "Jastrow, מוּט"... OK (מוט)
[40.8%] #12237: "Jastrow, מוּט ²"... duplicate
[40.8%] #12237: "Jastrow, מוֹט"... duplicate
[40.8%] #12237: "Jastrow, מוּטָב"... OK (מוטב)
[40.8%] #12238: "Jastrow, מוֹטָה"... OK (מוטה)
[40.8%] #12239: "Jastrow, מוּטָּה"... duplicate
[40.8%] #12239: "Jastrow, מוּטֶּה"... duplicate
[40.8%] #12239: "Jastrow, מוטליא"... OK (מוטליא)
[40.8%] #12240: "Jastrow, מוטניא"... OK (מוטניא)
[40.8%] #12241: "Jastrow, *מוּטַרְדֵּי"... OK (מוטרדי)
[40.8%] #12242: "Jastrow, מוטרין"... OK (מוטרין)
[40.8%] #12243: "Jastrow, מוֹי"... OK (מוי)
[40.8%] #12244: "Jastrow, מוּךְ"... OK (מוך)
[40.8%] #12245: "Jastrow, מוּךְ ²"... duplicate
[40.8%] #12245: "Jastrow, מוֹךְ"... duplicate
[40.8%] #12245: "Jastrow, מוֹכִיחַ"... OK (מוכיח)
[40.8%] #12246: "Jastrow, מוכירין"... OK (מוכירין)
[40.8%] #12247: "Jastrow, מוּכָן"... OK (מוכן)
[40.8%] #12248: "Jastrow, מוּכְנִי"... OK (מוכני)
[40.8%] #12249: "Jastrow, מוּכְנוֹי"... OK (מוכנוי)
[40.8%] #12250: "Jastrow, מוּכְנָס"... OK (מוכנס)
[40.8%] #12251: "Jastrow, מוֹכֵס"... OK (מוכס)
[40.8%] #12252: "Jastrow, מוֹכֵס ²"... duplicate
[40.8%] #12252: "Jastrow, מוֹכְסָסִים"... OK (מוכססים)
[40.8%] #12253: "Jastrow, מוֹל"... OK (מול)
[40.8%] #12254: "Jastrow, מוּל II"... duplicate
[40.8%] #12254: "Jastrow, מוּל"... duplicate
[40.8%] #12254: "Jastrow, מוּלָא I"... OK (מולא)
[40.8%] #12255: "Jastrow, מוּלָא II"... duplicate
[40.8%] #12255: "Jastrow, מוּלָּאֵי"... OK (מולאי)
[40.8%] #12256: "Jastrow, מולגיה"... OK (מולגיה)
[40.9%] #12257: "Jastrow, מוּלְבָּז"... OK (מולבז)
[40.9%] #12258: "Jastrow, מוֹלֵד"... OK (מולד)
[40.9%] #12259: "Jastrow, מוֹלָד"... duplicate
[40.9%] #12259: "Jastrow, מוֹלָדָא"... OK (מולדא)
[40.9%] #12260: "Jastrow, מוֹלֵדָא"... duplicate
[40.9%] #12260: "Jastrow, מוּלְוַות"... OK (מולוות)
[40.9%] #12261: "Jastrow, מולי"... OK (מולי)
[40.9%] #12262: "Jastrow, מוּלִי"... duplicate
[40.9%] #12262: "Jastrow, מוּלְיָא"... OK (מוליא)
[40.9%] #12263: "Jastrow, מוּלְיָאר"... OK (מוליאר)
[40.9%] #12264: "Jastrow, מוֹלֵיד"... OK (מוליד)
[40.9%] #12265: "Jastrow, מוֹלִידָא"... OK (מולידא)
[40.9%] #12266: "Jastrow, מוּלְיוֹן"... OK (מוליון)
[40.9%] #12267: "Jastrow, מוּלְיֵי"... OK (מוליי)
[40.9%] #12268: "Jastrow, מוּלָּיָיאתָא"... OK (מולייאתא)
[40.9%] #12269: "Jastrow, מוּלְיָיר"... OK (מולייר)
[40.9%] #12270: "Jastrow, מוּלְיְיתָא"... OK (מולייתא)
[40.9%] #12271: "Jastrow, מוּלְיָיתָא"... duplicate
[40.9%] #12271: "Jastrow, מוּלָּיָיתָא"... duplicate
[40.9%] #12271: "Jastrow, מולישות"... OK (מולישות)
[40.9%] #12272: "Jastrow, מוּלִיתָא"... OK (מוליתא)
[40.9%] #12273: "Jastrow, מוּלָּיָתָא"... duplicate
[40.9%] #12273: "Jastrow, מוֹלֶךְ"... OK (מולך)
[40.9%] #12274: "Jastrow, מוֹלְכָנָא"... OK (מולכנא)
[40.9%] #12275: "Jastrow, מוֹלְלָא"... OK (מוללא)
[40.9%] #12276: "Jastrow, מוּלְתָא"... OK (מולתא)
[40.9%] #12277: "Jastrow, מוּם"... OK (מום)
[40.9%] #12278: "Jastrow, מוּם ²"... duplicate
[40.9%] #12278: "Jastrow, מוּמוֹס"... OK (מומוס)
[40.9%] #12279: "Jastrow, מומזר"... OK (מומזר)
[40.9%] #12280: "Jastrow, מוּמְחָא"... OK (מומחא)
[40.9%] #12281: "Jastrow, מוּמְחֶה"... OK (מומחה)
[40.9%] #12282: "Jastrow, מוֹמֵי"... OK (מומי)
[40.9%] #12283: "Jastrow, מוּמְיָיקָה"... OK (מומייקה)
[40.9%] #12284: "Jastrow, *מומיתא"... OK (מומיתא)
  [Saved progress: 12284 entries]
[40.9%] #12285: "Jastrow, מוּמְסִין"... OK (מומסין)
[40.9%] #12286: "Jastrow, מוּמָר"... OK (מומר)
[41.0%] #12287: "Jastrow, מוּמָרָא"... OK (מומרא)
[41.0%] #12288: "Jastrow, מוֹמָתָא"... OK (מומתא)
[41.0%] #12289: "Jastrow, מוּן"... OK (מון)
[41.0%] #12290: "Jastrow, מוֹנָא"... OK (מונא)
[41.0%] #12291: "Jastrow, מוּנְבָּז"... OK (מונבז)
[41.0%] #12292: "Jastrow, מוֹנְגִּינוֹס"... OK (מונגינוס)
[41.0%] #12293: "Jastrow, מוּנְדְּרוֹן"... OK (מונדרון)
[41.0%] #12294: "Jastrow, מונהי"... OK (מונהי)
[41.0%] #12295: "Jastrow, מוֹנוֹמָכוֹס"... OK (מונומכוס)
[41.0%] #12296: "Jastrow, מונחי"... OK (מונחי)
[41.0%] #12297: "Jastrow, מונטיא"... OK (מונטיא)
[41.0%] #12298: "Jastrow, מוֹנִיטָא"... OK (מוניטא)
[41.0%] #12299: "Jastrow, מוניטון"... OK (מוניטון)
[41.0%] #12300: "Jastrow, מוּנְיָיק"... OK (מונייק)
[41.0%] #12301: "Jastrow, מוֹנִינֵי"... OK (מוניני)
[41.0%] #12302: "Jastrow, מוסטף"... OK (מוסטף)
[41.0%] #12303: "Jastrow, מוּסְיָא"... OK (מוסיא)
[41.0%] #12304: "Jastrow, מוסיף"... OK (מוסיף)
[41.0%] #12305: "Jastrow, מוֹסֵירָה"... OK (מוסירה)
[41.0%] #12306: "Jastrow, מוּסְכִּין"... OK (מוסכין)
[41.0%] #12307: "Jastrow, מוּסמִיס"... OK (מוסמיס)
[41.0%] #12308: "Jastrow, מוּסְמָס"... OK (מוסמס)
[41.0%] #12309: "Jastrow, מוּסָף"... OK (מוסף)
[41.0%] #12310: "Jastrow, מוּסָפָא"... OK (מוספא)
[41.0%] #12311: "Jastrow, מוּסָר"... OK (מוסר)
[41.0%] #12312: "Jastrow, מוֹסֵר"... duplicate
[41.0%] #12312: "Jastrow, מוֹסֵרָא"... OK (מוסרא)
[41.0%] #12313: "Jastrow, מוֹסֵרָה"... OK (מוסרה)
[41.0%] #12314: "Jastrow, מוסרין"... OK (מוסרין)
[41.0%] #12315: "Jastrow, *מוּסְתְּקֵי"... OK (מוסתקי)
[41.0%] #12316: "Jastrow, מוּעָד"... OK (מועד)
[41.1%] #12317: "Jastrow, מוֹעֵד"... duplicate
[41.1%] #12317: "Jastrow, מוֹעֵד ²"... duplicate
[41.1%] #12317: "Jastrow, *מוּעֲדָא"... OK (מועדא)
[41.1%] #12318: "Jastrow, מוּעֶדת"... OK (מועדת)
[41.1%] #12319: "Jastrow, מוּעָט"... OK (מועט)
[41.1%] #12320: "Jastrow, מוֹעִיל"... OK (מועיל)
[41.1%] #12321: "Jastrow, מופיון"... OK (מופיון)
[41.1%] #12322: "Jastrow, מוּפְלָא"... OK (מופלא)
[41.1%] #12323: "Jastrow, מוּפְלָג"... OK (מופלג)
[41.1%] #12324: "Jastrow, מוֹפֵת"... OK (מופת)
[41.1%] #12325: "Jastrow, מוֹפֵת ²"... duplicate
[41.1%] #12325: "Jastrow, מוּץ"... OK (מוץ)
[41.1%] #12326: "Jastrow, מוֹץ"... duplicate
[41.1%] #12326: "Jastrow, מוֹץ ²"... duplicate
[41.1%] #12326: "Jastrow, מוֹץ ³"... duplicate
[41.1%] #12326: "Jastrow, מוֹצָא II"... OK (מוצא)
[41.1%] #12327: "Jastrow, מוֹצָא III"... duplicate
[41.1%] #12327: "Jastrow, מוּצְהָב"... OK (מוצהב)
[41.1%] #12328: "Jastrow, מוצטבה"... OK (מוצטבה)
[41.1%] #12329: "Jastrow, מוצינא"... OK (מוצינא)
[41.1%] #12330: "Jastrow, מוּצְעָר"... OK (מוצער)
[41.1%] #12331: "Jastrow, מוּק"... OK (מוק)
[41.1%] #12332: "Jastrow, מוֹק"... duplicate
[41.1%] #12332: "Jastrow, מוֹקָא"... OK (מוקא)
[41.1%] #12333: "Jastrow, מוֹקֵד"... OK (מוקד)
[41.1%] #12334: "Jastrow, מוֹקֵד ²"... duplicate
[41.1%] #12334: "Jastrow, מוֹקְדָא II"... OK (מוקדא)
[41.1%] #12335: "Jastrow, מוּקְדּוֹן"... OK (מוקדון)
[41.1%] #12336: "Jastrow, *מוּקְדּוֹנָא"... OK (מוקדונא)
[41.1%] #12337: "Jastrow, מוּקְדּוֹנְיָא"... OK (מוקדוניא)
[41.1%] #12338: "Jastrow, מוּקְדָּשׁ"... OK (מוקדש)
[41.1%] #12339: "Jastrow, מוֹקִי"... OK (מוקי)
[41.1%] #12340: "Jastrow, מוּקְיוֹן"... OK (מוקיון)
[41.1%] #12341: "Jastrow, מוקירוס"... OK (מוקירוס)
[41.1%] #12342: "Jastrow, מוֹקְמָא"... OK (מוקמא)
[41.1%] #12343: "Jastrow, מוֹקְמָנָא"... OK (מוקמנא)
[41.1%] #12344: "Jastrow, מוֹקְמַת־"... OK (מוקמת)
[41.1%] #12345: "Jastrow, מוּקְסִין"... OK (מוקסין)
[41.1%] #12346: "Jastrow, מוּקָּף"... OK (מוקף)
[41.2%] #12347: "Jastrow, מוּקְצֶה"... OK (מוקצה)
[41.2%] #12348: "Jastrow, מוקצע"... OK (מוקצע)
[41.2%] #12349: "Jastrow, מוֹקְרָא I"... OK (מוקרא)
[41.2%] #12350: "Jastrow, מוֹקְרָא II"... duplicate
[41.2%] #12350: "Jastrow, מוּקָּשׁ"... OK (מוקש)
[41.2%] #12351: "Jastrow, מוּקְשֶׁה"... OK (מוקשה)
[41.2%] #12352: "Jastrow, מוּר"... OK (מור)
[41.2%] #12353: "Jastrow, מוּר I"... duplicate
[41.2%] #12353: "Jastrow, מוּר II"... duplicate
[41.2%] #12353: "Jastrow, מוֹר"... duplicate
[41.2%] #12353: "Jastrow, מוֹר ²"... duplicate
[41.2%] #12353: "Jastrow, מוֹרָא I"... OK (מורא)
[41.2%] #12354: "Jastrow, מוֹרָא II"... duplicate
[41.2%] #12354: "Jastrow, מוֹרְאָה"... OK (מוראה)
[41.2%] #12355: "Jastrow, מוּרְאָה"... duplicate
[41.2%] #12355: "Jastrow, מוּרָאנָה"... OK (מוראנה)
[41.2%] #12356: "Jastrow, מורביה"... OK (מורביה)
[41.2%] #12357: "Jastrow, מוּרְבִּית I"... OK (מורבית)
[41.2%] #12358: "Jastrow, מוּרְבִּית II"... duplicate
[41.2%] #12358: "Jastrow, מוֹרָג"... OK (מורג)
[41.2%] #12359: "Jastrow, מורגוון"... OK (מורגוון)
[41.2%] #12360: "Jastrow, מוּרְגָּשָׁה"... OK (מורגשה)
[41.2%] #12361: "Jastrow, מוֹרֶד"... OK (מורד)
[41.2%] #12362: "Jastrow, מוֹרִד"... duplicate
[41.2%] #12362: "Jastrow, מוֹרָד I"... duplicate
[41.2%] #12362: "Jastrow, מוֹרָד II"... duplicate
[41.2%] #12362: "Jastrow, מוּרְדְּוָתָא"... OK (מורדותא)
[41.2%] #12363: "Jastrow, מוּרְדְּיָא"... OK (מורדיא)
  [Saved progress: 12363 entries]
[41.2%] #12364: "Jastrow, מוּרְדְּיָתָא"... OK (מורדיתא)
[41.2%] #12365: "Jastrow, מוּרְדְּקָא"... OK (מורדקא)
[41.2%] #12366: "Jastrow, מוּרָה"... OK (מורה)
[41.2%] #12367: "Jastrow, מוֹרָה I"... duplicate
[41.2%] #12367: "Jastrow, מוֹרָה II"... duplicate
[41.2%] #12367: "Jastrow, מוֹרָה III"... duplicate
[41.2%] #12367: "Jastrow, מוֹרֶה I"... duplicate
[41.2%] #12367: "Jastrow, מוֹרֶה II"... duplicate
[41.2%] #12367: "Jastrow, מוֹרֶה III"... duplicate
[41.2%] #12367: "Jastrow, מורוין"... OK (מורוין)
[41.2%] #12368: "Jastrow, מוֹרוֹס"... OK (מורוס)
[41.2%] #12369: "Jastrow, *מוּרְזְמָה"... OK (מורזמה)
[41.2%] #12370: "Jastrow, מוּרַחַת"... OK (מורחת)
[41.2%] #12371: "Jastrow, מוֹרָט"... OK (מורט)
[41.2%] #12372: "Jastrow, מוּרְטַנְיָא"... OK (מורטניא)
[41.2%] #12373: "Jastrow, מורי"... OK (מורי)
[41.2%] #12374: "Jastrow, מוֹרִיג"... OK (מוריג)
[41.2%] #12375: "Jastrow, מוֹרִיגָא"... OK (מוריגא)
[41.3%] #12376: "Jastrow, מוֹרִיגַן"... OK (מוריגן)
[41.3%] #12377: "Jastrow, מוֹרִיָּה"... OK (מוריה)
[41.3%] #12378: "Jastrow, מוֹרְיוֹן"... OK (מוריון)
[41.3%] #12379: "Jastrow, מְוָרִטִינוֹס"... OK (מורטינוס)
[41.3%] #12380: "Jastrow, מוֹרַיָּיא"... OK (מורייא)
[41.3%] #12381: "Jastrow, מוֹרָיָיה"... OK (מורייה)
[41.3%] #12382: "Jastrow, מורייה"... duplicate
[41.3%] #12382: "Jastrow, מוֹרְיָין"... OK (מוריין)
[41.3%] #12383: "Jastrow, מוּרְיִיס"... OK (מורייס)
[41.3%] #12384: "Jastrow, מוֹרִיפַת"... OK (מוריפת)
[41.3%] #12385: "Jastrow, מוֹרִיקָא"... OK (מוריקא)
[41.3%] #12386: "Jastrow, מוֹרִיר"... OK (מוריר)
[41.3%] #12387: "Jastrow, מוֹרִישׁ"... OK (מוריש)
[41.3%] #12388: "Jastrow, מוֹרֶךְ"... OK (מורך)
[41.3%] #12389: "Jastrow, מוֹרְכִיוָותָא"... OK (מורכיוותא)
[41.3%] #12390: "Jastrow, מורכנין"... OK (מורכנין)
[41.3%] #12391: "Jastrow, מוּרָם"... OK (מורם)
[41.3%] #12392: "Jastrow, *מוֹרָן"... OK (מורן)
[41.3%] #12393: "Jastrow, מוּרָנָא"... OK (מורנא)
[41.3%] #12394: "Jastrow, מוּרְנְיָין"... OK (מורניין)
[41.3%] #12395: "Jastrow, מורנימא"... OK (מורנימא)
[41.3%] #12396: "Jastrow, מוֹרָנִית"... OK (מורנית)
[41.3%] #12397: "Jastrow, מוֹרָנִיתָא"... OK (מורניתא)
[41.3%] #12398: "Jastrow, מורנס"... OK (מורנס)
[41.3%] #12399: "Jastrow, מוּרְסָא"... OK (מורסא)
[41.3%] #12400: "Jastrow, מורסין"... OK (מורסין)
[41.3%] #12401: "Jastrow, מורסינטון"... OK (מורסינטון)
[41.3%] #12402: "Jastrow, מוּרְסָן"... OK (מורסן)
[41.3%] #12403: "Jastrow, מוּרְסְתָא"... OK (מורסתא)
[41.3%] #12404: "Jastrow, מוּרָע"... OK (מורע)
[41.3%] #12405: "Jastrow, מורע"... duplicate
[41.3%] #12405: "Jastrow, מוֹרֵר"... OK (מורר)
[41.3%] #12406: "Jastrow, מוֹרְשָׁא"... OK (מורשא)
[41.4%] #12407: "Jastrow, מוֹרָשָׁה"... OK (מורשה)
[41.4%] #12408: "Jastrow, מורשיא"... OK (מורשיא)
[41.4%] #12409: "Jastrow, מוּרְתָּא"... OK (מורתא)
[41.4%] #12410: "Jastrow, מוּשׁ"... OK (מוש)
[41.4%] #12411: "Jastrow, מוּשׁ ²"... duplicate
[41.4%] #12411: "Jastrow, מוֹשָׁב"... OK (מושב)
[41.4%] #12412: "Jastrow, מושבזג"... OK (מושבזג)
[41.4%] #12413: "Jastrow, מושהן"... OK (מושהן)
[41.4%] #12414: "Jastrow, מוֹשִׁיחוֹת"... OK (מושיחות)
[41.4%] #12415: "Jastrow, מוֹשִׁיעַ"... OK (מושיע)
[41.4%] #12416: "Jastrow, מוֹשְׁךְ"... OK (מושך)
[41.4%] #12417: "Jastrow, מוּשְׁכָא"... OK (מושכא)
[41.4%] #12418: "Jastrow, מוֹשְׁכִּי"... OK (מושכי)
[41.4%] #12419: "Jastrow, מוֹשְׁכָנִי"... OK (מושכני)
[41.4%] #12420: "Jastrow, מוֹשְׁקְ"... OK (מושק)
[41.4%] #12421: "Jastrow, מוֹת"... OK (מות)
[41.4%] #12422: "Jastrow, מוּת"... duplicate
[41.4%] #12422: "Jastrow, מָוֶת"... duplicate
[41.4%] #12422: "Jastrow, מוֹת ²"... duplicate
[41.4%] #12422: "Jastrow, מוֹתָא II"... OK (מותא)
[41.4%] #12423: "Jastrow, מוֹתָב"... OK (מותב)
[41.4%] #12424: "Jastrow, מוֹתְבוּתָא"... OK (מותבותא)
[41.4%] #12425: "Jastrow, מוֹתְבָנָא"... OK (מותבנא)
[41.4%] #12426: "Jastrow, מוֹתִיבְתָּא"... OK (מותיבתא)
[41.4%] #12427: "Jastrow, מוֹתְלָא"... OK (מותלא)
[41.4%] #12428: "Jastrow, מוֹתָן"... OK (מותן)
[41.4%] #12429: "Jastrow, מוֹתָנָא"... OK (מותנא)
[41.4%] #12430: "Jastrow, מוֹתְנָא"... duplicate
[41.4%] #12430: "Jastrow, מוֹתְנִין"... OK (מותנין)
[41.4%] #12431: "Jastrow, מוֹתָנָתָא"... OK (מותנתא)
[41.4%] #12432: "Jastrow, מוּתָּר"... OK (מותר)
[41.4%] #12433: "Jastrow, מוֹתָר"... duplicate
[41.4%] #12433: "Jastrow, מוֹתָר ²"... duplicate
[41.4%] #12433: "Jastrow, מִזְבֵּחַ"... OK (מזבח)
[41.4%] #12434: "Jastrow, מַזְבְּלָא"... OK (מזבלא)
[41.4%] #12435: "Jastrow, מְזַבְּנָא"... OK (מזבנא)
[41.4%] #12436: "Jastrow, מְזַבְּנָנָא"... OK (מזבננא)
[41.5%] #12437: "Jastrow, מָזַג"... OK (מזג)
[41.5%] #12438: "Jastrow, מְזַג"... duplicate
[41.5%] #12438: "Jastrow, מְזָג"... duplicate
[41.5%] #12438: "Jastrow, מֶזֶג"... duplicate
[41.5%] #12438: "Jastrow, מִזְגָּא I"... OK (מזגא)
[41.5%] #12439: "Jastrow, מִזְגָּא II"... duplicate
[41.5%] #12439: "Jastrow, מַזְגָּא II"... duplicate
[41.5%] #12439: "Jastrow, מָזְגָּא"... duplicate
[41.5%] #12439: "Jastrow, מָזְגָּא ²"... duplicate
[41.5%] #12439: "Jastrow, מִזְגָּג"... OK (מזגג)
[41.5%] #12440: "Jastrow, מִזְדַּנְדְּזִין"... OK (מזדנדזין)
[41.5%] #12441: "Jastrow, מִזְדְּרַע"... OK (מזדרע)
  [Saved progress: 12441 entries]
[41.5%] #12442: "Jastrow, מַוֶּה I"... OK (מוה)
[41.5%] #12443: "Jastrow, מַזֶּה II"... OK (מזה)
[41.5%] #12444: "Jastrow, מַזּוּ"... OK (מזו)
[41.5%] #12445: "Jastrow, מְזוֹבְנָנָא"... OK (מזובננא)
[41.5%] #12446: "Jastrow, מָזוֹגָא"... OK (מזוגא)
[41.5%] #12447: "Jastrow, *מְזוּדָה"... OK (מזודה)
[41.5%] #12448: "Jastrow, מְזוּזָה"... OK (מזוזה)
[41.5%] #12449: "Jastrow, מְזוֹזְתָּא"... OK (מזוזתא)
[41.5%] #12450: "Jastrow, מְזוֹכִיתָא"... OK (מזוכיתא)
[41.5%] #12451: "Jastrow, מָזוֹן"... OK (מזון)
[41.5%] #12452: "Jastrow, מָזוֹן ²"... duplicate
[41.5%] #12452: "Jastrow, מזוניחה"... OK (מזוניחה)
[41.5%] #12453: "Jastrow, מְזוֹנִיתָא"... OK (מזוניתא)
[41.5%] #12454: "Jastrow, מְזוֹפָא"... OK (מזופא)
[41.5%] #12455: "Jastrow, מְזוֹפִיתָא I"... OK (מזופיתא)
[41.5%] #12456: "Jastrow, מַזּוֹפִיתָא"... duplicate
[41.5%] #12456: "Jastrow, מְזוֹפְתָא"... OK (מזופתא)
[41.5%] #12457: "Jastrow, מָזוֹר"... OK (מזור)
[41.5%] #12458: "Jastrow, מְזוֹרָה"... OK (מזורה)
[41.5%] #12459: "Jastrow, מזורה"... duplicate
[41.5%] #12459: "Jastrow, מָזַז"... OK (מזז)
[41.5%] #12460: "Jastrow, מַזְחִילָה"... OK (מזחילה)
[41.5%] #12461: "Jastrow, מָזִי"... OK (מזי)
[41.5%] #12462: "Jastrow, מַזְיָא"... OK (מזיא)
[41.5%] #12463: "Jastrow, מְזִיגָא"... OK (מזיגא)
[41.5%] #12464: "Jastrow, מְזִיגָה I"... OK (מזיגה)
[41.5%] #12465: "Jastrow, מְזִיגָה II"... duplicate
[41.5%] #12465: "Jastrow, מֵזִיד"... OK (מזיד)
[41.5%] #12466: "Jastrow, מַזְיָיא"... OK (מזייא)
[41.6%] #12467: "Jastrow, מַזְיָין"... OK (מזיין)
[41.6%] #12468: "Jastrow, מְזַיְּיעֵי"... OK (מזייעי)
[41.6%] #12469: "Jastrow, מזימיות"... OK (מזימיות)
[41.6%] #12470: "Jastrow, מַזְיָן"... OK (מזין)
[41.6%] #12471: "Jastrow, מַזִּיק"... OK (מזיק)
[41.6%] #12472: "Jastrow, מַזִּיק ²"... duplicate
[41.6%] #12472: "Jastrow, מְזִיקְתָּא"... OK (מזיקתא)
[41.6%] #12473: "Jastrow, מַזִּירְקָא"... OK (מזירקא)
[41.6%] #12474: "Jastrow, מַזָּל"... OK (מזל)
[41.6%] #12475: "Jastrow, מַזָּל ²"... duplicate
[41.6%] #12475: "Jastrow, *מִזְּלָא"... OK (מזלא)
[41.6%] #12476: "Jastrow, מֹזְלָא"... duplicate
[41.6%] #12476: "Jastrow, מַזְלֵג"... OK (מזלג)
[41.6%] #12477: "Jastrow, מזלותא"... OK (מזלותא)
[41.6%] #12478: "Jastrow, מַזְמוּטִין"... OK (מזמוטין)
[41.6%] #12479: "Jastrow, מִזְמוֹר"... OK (מזמור)
[41.6%] #12480: "Jastrow, מִזְמוֹרָא"... OK (מזמורא)
[41.6%] #12481: "Jastrow, מִזְמֵז"... OK (מזמז)
[41.6%] #12482: "Jastrow, מַזְמֵז"... duplicate
[41.6%] #12482: "Jastrow, מזמן"... OK (מזמן)
[41.6%] #12483: "Jastrow, מְזַמָּנָא"... OK (מזמנא)
[41.6%] #12484: "Jastrow, מזמסיא"... OK (מזמסיא)
[41.6%] #12485: "Jastrow, מְזַמְּרַיָּא"... OK (מזמריא)
[41.6%] #12486: "Jastrow, מַזְנוֹן"... OK (מזנון)
[41.6%] #12487: "Jastrow, מִזְפּוּ"... OK (מזפו)
[41.6%] #12488: "Jastrow, מַזְקַפְתָּא"... OK (מזקפתא)
[41.6%] #12489: "Jastrow, מָזַר"... OK (מזר)
[41.6%] #12490: "Jastrow, מִזְרֶה"... OK (מזרה)
[41.6%] #12491: "Jastrow, מַזָּרוֹת"... OK (מזרות)
[41.6%] #12492: "Jastrow, מִזְרָח"... OK (מזרח)
[41.6%] #12493: "Jastrow, מִזְרָחִי"... OK (מזרחי)
[41.6%] #12494: "Jastrow, מְזָרִים"... OK (מזרים)
[41.6%] #12495: "Jastrow, מזרין"... OK (מזרין)
[41.6%] #12496: "Jastrow, מִזְרָן"... OK (מזרן)
[41.7%] #12497: "Jastrow, מִזְרָק"... OK (מזרק)
[41.7%] #12498: "Jastrow, מִזְרַק"... duplicate
[41.7%] #12498: "Jastrow, מזרת"... OK (מזרת)
[41.7%] #12499: "Jastrow, מָחָא I"... OK (מחא)
[41.7%] #12500: "Jastrow, מָחָא II"... duplicate
[41.7%] #12500: "Jastrow, מְחָא II"... duplicate
[41.7%] #12500: "Jastrow, מְחָאָה"... OK (מחאה)
[41.7%] #12501: "Jastrow, מַחֲבֵא I"... OK (מחבא)
[41.7%] #12502: "Jastrow, מַחֲבֵא II"... duplicate
[41.7%] #12502: "Jastrow, מַחֲבוֹא"... OK (מחבוא)
[41.7%] #12503: "Jastrow, *מַחֲבוֹאָה II"... OK (מחבואה)
[41.7%] #12504: "Jastrow, מַחֲבוֹטָא"... OK (מחבוטא)
[41.7%] #12505: "Jastrow, מַחֲבוֹי"... OK (מחבוי)
[41.7%] #12506: "Jastrow, מַחְבְּטָא"... OK (מחבטא)
[41.7%] #12507: "Jastrow, מְחַבֵּל"... OK (מחבל)
[41.7%] #12508: "Jastrow, מְחַבְּלָא"... OK (מחבלא)
[41.7%] #12509: "Jastrow, מְחַבְּלָנָא"... OK (מחבלנא)
[41.7%] #12510: "Jastrow, מְחַבַּלְתָּא"... OK (מחבלתא)
[41.7%] #12511: "Jastrow, מַחֲבַת"... OK (מחבת)
[41.7%] #12512: "Jastrow, מַחֲגָר"... OK (מחגר)
[41.7%] #12513: "Jastrow, מְחַגְּרָא"... OK (מחגרא)
[41.7%] #12514: "Jastrow, מחדוי"... OK (מחדוי)
[41.7%] #12515: "Jastrow, מָחָה"... OK (מחה)
[41.7%] #12516: "Jastrow, מַחְוָא"... OK (מחוא)
[41.7%] #12517: "Jastrow, מְחוּג"... OK (מחוג)
[41.7%] #12518: "Jastrow, *מַחְוָוא"... OK (מחווא)
[41.7%] #12519: "Jastrow, מַחְוָונִיתָא"... OK (מחווניתא)
[41.7%] #12520: "Jastrow, מְחַוֵּור"... OK (מחוור)
[41.7%] #12521: "Jastrow, מַחְוָותָא"... OK (מחוותא)
[41.7%] #12522: "Jastrow, מָחוֹז"... OK (מחוז)
[41.7%] #12523: "Jastrow, מָחוֹזָא"... OK (מחוזא)
[41.7%] #12524: "Jastrow, מְחוֹזָאָה"... OK (מחוזאה)
[41.7%] #12525: "Jastrow, מָחוֹזִי"... OK (מחוזי)
[41.8%] #12526: "Jastrow, מְחוֹזִיתָא"... OK (מחוזיתא)
[41.8%] #12527: "Jastrow, מְחוֹזְנָאָה"... OK (מחוזנאה)
[41.8%] #12528: "Jastrow, מְחַוֵּי"... OK (מחוי)
[41.8%] #12529: "Jastrow, מָחוּי"... duplicate
  [Saved progress: 12528 entries]
[41.8%] #12529: "Jastrow, מִחוּי"... duplicate
[41.8%] #12529: "Jastrow, מְחוּיָאתָא"... OK (מחויאתא)
[41.8%] #12530: "Jastrow, *מָחוֹךְ I"... OK (מחוך)
[41.8%] #12531: "Jastrow, מָחוֹךְ II"... duplicate
[41.8%] #12531: "Jastrow, מָחוֹל"... OK (מחול)
[41.8%] #12532: "Jastrow, מְחוֹלָה"... OK (מחולה)
[41.8%] #12533: "Jastrow, מָחוֹס"... OK (מחוס)
[41.8%] #12534: "Jastrow, *מְחוֹסָא"... OK (מחוסא)
[41.8%] #12535: "Jastrow, מְחוֹק"... OK (מחוק)
[41.8%] #12536: "Jastrow, מִחְוַר"... OK (מחור)
[41.8%] #12537: "Jastrow, מְחוֹרֵי"... OK (מחורי)
[41.8%] #12538: "Jastrow, מֵחוּשׁ"... OK (מחוש)
[41.8%] #12539: "Jastrow, מָחוּתָא"... OK (מחותא)
[41.8%] #12540: "Jastrow, מַחְוָתָא"... duplicate
[41.8%] #12540: "Jastrow, מָחוֹתִיתָא"... OK (מחותיתא)
[41.8%] #12541: "Jastrow, מחְזָהָא"... OK (מחזהא)
[41.8%] #12542: "Jastrow, מַחְזוֹר"... OK (מחזור)
[41.8%] #12543: "Jastrow, מַחְזוֹרֵי"... OK (מחזורי)
[41.8%] #12544: "Jastrow, מִחְזֵי"... OK (מחזי)
[41.8%] #12545: "Jastrow, מַחְזִירָה"... OK (מחזירה)
[41.8%] #12546: "Jastrow, מַחֲזִית"... OK (מחזית)
[41.8%] #12547: "Jastrow, מַחְזִיתָא"... OK (מחזיתא)
[41.8%] #12548: "Jastrow, מחזקנא"... OK (מחזקנא)
[41.8%] #12549: "Jastrow, מחזרו"... OK (מחזרו)
[41.8%] #12550: "Jastrow, מָחַח"... OK (מחח)
[41.8%] #12551: "Jastrow, מָחַט"... OK (מחט)
[41.8%] #12552: "Jastrow, מַחַט"... duplicate
[41.8%] #12552: "Jastrow, מַחֲטָא"... OK (מחטא)
[41.8%] #12553: "Jastrow, מַחֲטָבָה"... OK (מחטבה)
[41.8%] #12554: "Jastrow, *מַחֲטוֹן"... OK (מחטון)
[41.8%] #12555: "Jastrow, מִחְטֵי"... OK (מחטי)
[41.9%] #12556: "Jastrow, *מְחַטְפָא"... OK (מחטפא)
[41.9%] #12557: "Jastrow, מַחְטְרָא"... OK (מחטרא)
[41.9%] #12558: "Jastrow, מחי"... OK (מחי)
[41.9%] #12559: "Jastrow, מְחִי"... duplicate
[41.9%] #12559: "Jastrow, מְחִי ²"... duplicate
[41.9%] #12559: "Jastrow, מָחֵי"... duplicate
[41.9%] #12559: "Jastrow, מָחִי"... duplicate
[41.9%] #12559: "Jastrow, מִחְיָה"... OK (מחיה)
[41.9%] #12560: "Jastrow, מחייא"... OK (מחייא)
[41.9%] #12561: "Jastrow, מִחְיָיה"... OK (מחייה)
[41.9%] #12562: "Jastrow, מְחִיּיה"... duplicate
[41.9%] #12562: "Jastrow, מחיילא"... OK (מחיילא)
[41.9%] #12563: "Jastrow, מַחְיָיתָא"... OK (מחייתא)
[41.9%] #12564: "Jastrow, מְחִילָּא"... OK (מחילא)
[41.9%] #12565: "Jastrow, מְחִילָה"... OK (מחילה)
[41.9%] #12566: "Jastrow, מְחִיצָא I"... OK (מחיצא)
[41.9%] #12567: "Jastrow, מְחִיצָא II"... duplicate
[41.9%] #12567: "Jastrow, מְחִיצָה I"... OK (מחיצה)
[41.9%] #12568: "Jastrow, מְחִיצָה II"... duplicate
[41.9%] #12568: "Jastrow, מְחִיצוּתָא"... OK (מחיצותא)
[41.9%] #12569: "Jastrow, מְחִיצְתָּא"... OK (מחיצתא)
[41.9%] #12570: "Jastrow, מְחֵיק"... OK (מחיק)
[41.9%] #12571: "Jastrow, מְחִיקָה"... OK (מחיקה)
[41.9%] #12572: "Jastrow, *מְחִיקָתָא"... OK (מחיקתא)
[41.9%] #12573: "Jastrow, מְחִיר"... OK (מחיר)
[41.9%] #12574: "Jastrow, מָחֵית"... OK (מחית)
[41.9%] #12575: "Jastrow, מָחִיתָא"... OK (מחיתא)
[41.9%] #12576: "Jastrow, מַחְיָתָא"... duplicate
[41.9%] #12576: "Jastrow, מְחַךְ"... OK (מחך)
[41.9%] #12577: "Jastrow, מחכיא"... OK (מחכיא)
[41.9%] #12578: "Jastrow, מָחַל"... OK (מחל)
[41.9%] #12579: "Jastrow, מְחַל"... duplicate
[41.9%] #12579: "Jastrow, מְחִלָּא"... OK (מחלא)
[41.9%] #12580: "Jastrow, מְחִלָּה"... OK (מחלה)
[41.9%] #12581: "Jastrow, מַחֲלָה"... duplicate
[41.9%] #12581: "Jastrow, מַחֲלוֹקֶת"... OK (מחלוקת)
[41.9%] #12582: "Jastrow, מַחְלוֹקְתָּא"... OK (מחלוקתא)
[41.9%] #12583: "Jastrow, מַחֲלָף"... OK (מחלף)
[41.9%] #12584: "Jastrow, מַחֲלָץ"... OK (מחלץ)
[41.9%] #12585: "Jastrow, מַחֲלָצַיָּיא"... OK (מחלצייא)
[41.9%] #12586: "Jastrow, מחלקות"... OK (מחלקות)
[42.0%] #12587: "Jastrow, מָחֲלַת"... OK (מחלת)
[42.0%] #12588: "Jastrow, מֵחַם"... OK (מחם)
[42.0%] #12589: "Jastrow, מַחְמַדְתָּא"... OK (מחמדתא)
[42.0%] #12590: "Jastrow, מֶחְמֵי"... OK (מחמי)
[42.0%] #12591: "Jastrow, מַחְמַע"... OK (מחמע)
[42.0%] #12592: "Jastrow, מְחַמְּצָן"... OK (מחמצן)
[42.0%] #12593: "Jastrow, מְחַמַּר"... OK (מחמר)
[42.0%] #12594: "Jastrow, מֵחַמַּת"... OK (מחמת)
[42.0%] #12595: "Jastrow, מַחֲנֶה"... OK (מחנה)
[42.0%] #12596: "Jastrow, מְחָסָא"... OK (מחסא)
[42.0%] #12597: "Jastrow, מַחֲסוֹמִית"... OK (מחסומית)
[42.0%] #12598: "Jastrow, מַחְסוֹר"... OK (מחסור)
[42.0%] #12599: "Jastrow, מַחְסוֹר ²"... duplicate
[42.0%] #12599: "Jastrow, מַחְסוֹרְיָיתָא"... OK (מחסורייתא)
[42.0%] #12600: "Jastrow, מְחַסְיָא"... OK (מחסיא)
[42.0%] #12601: "Jastrow, מַחְסֵיל"... OK (מחסיל)
[42.0%] #12602: "Jastrow, מַחְפּוֹרָא"... OK (מחפורא)
[42.0%] #12603: "Jastrow, מַחְפּוֹרֶת"... OK (מחפורת)
[42.0%] #12604: "Jastrow, מחפ"ז"... OK (מחפז)
[42.0%] #12605: "Jastrow, מַחְפֵּרָה"... OK (מחפרה)
[42.0%] #12606: "Jastrow, מַחְפְּרָנָא"... OK (מחפרנא)
[42.0%] #12607: "Jastrow, מָחַץ"... OK (מחץ)
[42.0%] #12608: "Jastrow, מַחַץ"... duplicate
[42.0%] #12608: "Jastrow, מְחִצָא"... OK (מחצא)
[42.0%] #12609: "Jastrow, מַחְצָב"... OK (מחצב)
[42.0%] #12610: "Jastrow, מַחְצָבָא"... OK (מחצבא)
[42.0%] #12611: "Jastrow, מֶחֱצָה"... OK (מחצה)
[42.0%] #12612: "Jastrow, מַחֲצָל"... OK (מחצל)
  [Saved progress: 12612 entries]
[42.0%] #12613: "Jastrow, מַחְצְלָא"... OK (מחצלא)
[42.0%] #12614: "Jastrow, מַחְצָלַיָּיא"... OK (מחצלייא)
[42.0%] #12615: "Jastrow, מַחֲצֶלֶת"... OK (מחצלת)
[42.0%] #12616: "Jastrow, מַחְצַלְתָּא"... OK (מחצלתא)
[42.1%] #12617: "Jastrow, מְחַצְּרָא"... OK (מחצרא)
[42.1%] #12618: "Jastrow, מחַק"... OK (מחק)
[42.1%] #12619: "Jastrow, מְחַק"... duplicate
[42.1%] #12619: "Jastrow, מָחָק"... duplicate
[42.1%] #12619: "Jastrow, מֶחֶק"... duplicate
[42.1%] #12619: "Jastrow, מְחָקָא"... OK (מחקא)
[42.1%] #12620: "Jastrow, מִחְקָא"... duplicate
[42.1%] #12620: "Jastrow, מָחָר"... OK (מחר)
[42.1%] #12621: "Jastrow, מְחַר"... duplicate
[42.1%] #12621: "Jastrow, מַחֲרוֹזוֹת"... OK (מחרוזות)
[42.1%] #12622: "Jastrow, מַחֲרוֹךְ"... OK (מחרוך)
[42.1%] #12623: "Jastrow, מחרים"... OK (מחרים)
[42.1%] #12624: "Jastrow, מַחֲרֵישָׁה"... OK (מחרישה)
[42.1%] #12625: "Jastrow, מַחֲרֶשֶׁת"... OK (מחרשת)
[42.1%] #12626: "Jastrow, מָחֳרָת"... OK (מחרת)
[42.1%] #12627: "Jastrow, מְחַרְתָּא"... OK (מחרתא)
[42.1%] #12628: "Jastrow, מַחֲשָׁבָה"... OK (מחשבה)
[42.1%] #12629: "Jastrow, מַחְשֶׁבֶת"... OK (מחשבת)
[42.1%] #12630: "Jastrow, מַחֲשַׁבְתָּא"... OK (מחשבתא)
[42.1%] #12631: "Jastrow, מַחַשְׁכָן"... OK (מחשכן)
[42.1%] #12632: "Jastrow, מָחִת"... OK (מחת)
[42.1%] #12633: "Jastrow, מָחֲתָא"... OK (מחתא)
[42.1%] #12634: "Jastrow, מַחֲתָא"... duplicate
[42.1%] #12634: "Jastrow, מַחְתָּה"... OK (מחתה)
[42.1%] #12635: "Jastrow, מַחֲתוּתָא"... OK (מחתותא)
[42.1%] #12636: "Jastrow, מַחְתְּיָא"... OK (מחתיא)
[42.1%] #12637: "Jastrow, מַחֲתֵית"... OK (מחתית)
[42.1%] #12638: "Jastrow, מַחְתִּיתָא"... OK (מחתיתא)
[42.1%] #12639: "Jastrow, מַחֲתָנָא"... OK (מחתנא)
[42.1%] #12640: "Jastrow, מַחְתֶּרֶת"... OK (מחתרת)
[42.1%] #12641: "Jastrow, מַחְתַּרְתָּא"... OK (מחתרתא)
[42.1%] #12642: "Jastrow, מָט"... OK (מט)
[42.1%] #12643: "Jastrow, מְטָא"... OK (מטא)
[42.1%] #12644: "Jastrow, מַטְאֲטֵא"... OK (מטאטא)
[42.1%] #12645: "Jastrow, מַטָּארָאתָא"... OK (מטאראתא)
[42.1%] #12646: "Jastrow, מַטְבָּחַיָּיא"... OK (מטבחייא)
[42.2%] #12647: "Jastrow, מִטְבָּחִים"... OK (מטבחים)
[42.2%] #12648: "Jastrow, מַטְבֵּיעַ"... OK (מטביע)
[42.2%] #12649: "Jastrow, מַטְבְּעָא"... OK (מטבעא)
[42.2%] #12650: "Jastrow, מְטָה"... OK (מטה)
[42.2%] #12651: "Jastrow, מִטָּה"... duplicate
[42.2%] #12651: "Jastrow, מַטֶּה"... duplicate
[42.2%] #12651: "Jastrow, מֹטָה"... duplicate
[42.2%] #12651: "Jastrow, מַטָּה"... duplicate
[42.2%] #12651: "Jastrow, מְטָהֶרֶת"... OK (מטהרת)
[42.2%] #12652: "Jastrow, מָטוּ"... OK (מטו)
[42.2%] #12653: "Jastrow, מַטְוֶה"... OK (מטוה)
[42.2%] #12654: "Jastrow, מַטְוֵויאֲתָא"... OK (מטוויאתא)
[42.2%] #12655: "Jastrow, מטוורד"... OK (מטוורד)
[42.2%] #12656: "Jastrow, מְטוֹטֶלֶת"... OK (מטוטלת)
[42.2%] #12657: "Jastrow, מִטְּוָיָתָא"... OK (מטויתא)
[42.2%] #12658: "Jastrow, מְטוּל"... OK (מטול)
[42.2%] #12659: "Jastrow, מָטוּל II"... duplicate
[42.2%] #12659: "Jastrow, *מַטּוּל II"... duplicate
[42.2%] #12659: "Jastrow, מַטּוּל III"... duplicate
[42.2%] #12659: "Jastrow, מְטוֹלְטֶלֶת"... OK (מטולטלת)
[42.2%] #12660: "Jastrow, מְטוּלְתָּא"... OK (מטולתא)
[42.2%] #12661: "Jastrow, מִטּוּנָךְ"... OK (מטונך)
[42.2%] #12662: "Jastrow, מטופרסא"... OK (מטופרסא)
[42.2%] #12663: "Jastrow, מָטוּתָא"... OK (מטותא)
[42.2%] #12664: "Jastrow, מְטָחָא"... OK (מטחא)
[42.2%] #12665: "Jastrow, מַטְחָאָתָא"... OK (מטחאתא)
[42.2%] #12666: "Jastrow, מַטְחֵן"... OK (מטחן)
[42.2%] #12667: "Jastrow, מְטַחְתָּא"... OK (מטחתא)
[42.2%] #12668: "Jastrow, מָטַט"... OK (מטט)
[42.2%] #12669: "Jastrow, מְטָטוֹר"... OK (מטטור)
[42.2%] #12670: "Jastrow, מַטַּטְרוֹן"... OK (מטטרון)
[42.2%] #12671: "Jastrow, מְטֵי"... OK (מטי)
[42.2%] #12672: "Jastrow, מַטְכְּסָא"... OK (מטכסא)
[42.2%] #12673: "Jastrow, מְטַכְסָא"... duplicate
[42.2%] #12673: "Jastrow, מְטָל"... OK (מטל)
[42.2%] #12674: "Jastrow, מַטְּלָא"... OK (מטלא)
[42.2%] #12675: "Jastrow, מְטָלָא"... duplicate
[42.2%] #12675: "Jastrow, מַטְלוּל"... OK (מטלול)
[42.3%] #12676: "Jastrow, מַטְלוֹן"... OK (מטלון)
[42.3%] #12677: "Jastrow, מַמְלוֹנִית"... OK (ממלונית)
[42.3%] #12678: "Jastrow, מַטְלוּתָא"... OK (מטלותא)
[42.3%] #12679: "Jastrow, מְטַלְטְלָא"... OK (מטלטלא)
[42.3%] #12680: "Jastrow, מִטַּלְטְלִין"... OK (מטלטלין)
[42.3%] #12681: "Jastrow, מטליא"... OK (מטליא)
[42.3%] #12682: "Jastrow, מטליה"... OK (מטליה)
[42.3%] #12683: "Jastrow, מְטָלָיוּתָא"... OK (מטליותא)
[42.3%] #12684: "Jastrow, מַטְלִית"... OK (מטלית)
[42.3%] #12685: "Jastrow, מַטְלָלָא"... OK (מטללא)
[42.3%] #12686: "Jastrow, מְטַלַלְתָּא"... OK (מטללתא)
[42.3%] #12687: "Jastrow, מַטְלָנָא I"... OK (מטלנא)
[42.3%] #12688: "Jastrow, מַטְלָנָא II"... duplicate
[42.3%] #12688: "Jastrow, מַטְלָנִית"... OK (מטלנית)
[42.3%] #12689: "Jastrow, מִטְלַעְתָּא"... OK (מטלעתא)
[42.3%] #12690: "Jastrow, מְטֶלֶת"... OK (מטלת)
[42.3%] #12691: "Jastrow, מְטַלְּתָא"... OK (מטלתא)
[42.3%] #12692: "Jastrow, מִטְמוּט"... OK (מטמוט)
[42.3%] #12693: "Jastrow, מַטְמוֹן"... OK (מטמון)
[42.3%] #12694: "Jastrow, מַטְמוֹנִית"... OK (מטמונית)
[42.3%] #12695: "Jastrow, מַטְמוֹנֶת"... OK (מטמונת)
[42.3%] #12696: "Jastrow, מִטְמוֹעָא"... OK (מטמועא)
  [Saved progress: 12696 entries]
[42.3%] #12697: "Jastrow, מטמועיתא"... OK (מטמועיתא)
[42.3%] #12698: "Jastrow, מַטְמוֹרָא"... OK (מטמורא)
[42.3%] #12699: "Jastrow, מַטְמוֹרִיתָא"... OK (מטמוריתא)
[42.3%] #12700: "Jastrow, מִטְמֵט"... OK (מטמט)
[42.3%] #12701: "Jastrow, מַטְמֵט"... duplicate
[42.3%] #12701: "Jastrow, מטמיעין"... OK (מטמיעין)
[42.3%] #12702: "Jastrow, מַטְמֹנִית"... OK (מטמנית)
[42.3%] #12703: "Jastrow, מִטְמְעָא"... OK (מטמעא)
[42.3%] #12704: "Jastrow, מַטְמְרָא"... OK (מטמרא)
[42.3%] #12705: "Jastrow, מַטָּן"... OK (מטן)
[42.4%] #12706: "Jastrow, מְטַנְּנָה"... OK (מטננה)
[42.4%] #12707: "Jastrow, מַטָּע"... OK (מטע)
[42.4%] #12708: "Jastrow, מַטָּעָה"... OK (מטעה)
[42.4%] #12709: "Jastrow, מַטְעוּמִיתָא"... OK (מטעומיתא)
[42.4%] #12710: "Jastrow, מַטְעֲיָא"... OK (מטעיא)
[42.4%] #12711: "Jastrow, מַטְעִיתָא"... OK (מטעיתא)
[42.4%] #12712: "Jastrow, מַטְעֲמָא"... OK (מטעמא)
[42.4%] #12713: "Jastrow, מַטְעֲמה"... OK (מטעמה)
[42.4%] #12714: "Jastrow, מטעמי"... OK (מטעמי)
[42.4%] #12715: "Jastrow, מַטְעֲמִיתָה"... OK (מטעמיתה)
[42.4%] #12716: "Jastrow, מַטְעֶמֶת"... OK (מטעמת)
[42.4%] #12717: "Jastrow, מִטְפַּחַת"... OK (מטפחת)
[42.4%] #12718: "Jastrow, מַטְפְּיָיתָא"... OK (מטפייתא)
[42.4%] #12719: "Jastrow, מַטְקַס"... OK (מטקס)
[42.4%] #12720: "Jastrow, מְטַקְסָא"... OK (מטקסא)
[42.4%] #12721: "Jastrow, מָטָר"... OK (מטר)
[42.4%] #12722: "Jastrow, מָטַר"... duplicate
[42.4%] #12722: "Jastrow, מְטַר"... duplicate
[42.4%] #12722: "Jastrow, מִטְרָא"... OK (מטרא)
[42.4%] #12723: "Jastrow, מַטָּרָא"... duplicate
[42.4%] #12723: "Jastrow, מִטְרְדָה"... OK (מטרדה)
[42.4%] #12724: "Jastrow, מטְרוֹנָא"... OK (מטרונא)
[42.4%] #12725: "Jastrow, מַטְרוֹנִית"... OK (מטרונית)
[42.4%] #12726: "Jastrow, מַטְרוֹנִיתָא"... OK (מטרוניתא)
[42.4%] #12727: "Jastrow, מִטְרוֹפּוֹלִין"... OK (מטרופולין)
[42.4%] #12728: "Jastrow, מטרופסא"... OK (מטרופסא)
[42.4%] #12729: "Jastrow, מַטְּרוּת"... OK (מטרות)
[42.4%] #12730: "Jastrow, *מַטְרִיד"... OK (מטריד)
[42.4%] #12731: "Jastrow, מִטְרִין"... OK (מטרין)
[42.4%] #12732: "Jastrow, מטריפולין"... OK (מטריפולין)
[42.4%] #12733: "Jastrow, מטרניאות"... OK (מטרניאות)
[42.4%] #12734: "Jastrow, מַטְרֹנִית"... OK (מטרנית)
[42.4%] #12735: "Jastrow, מִטַרְפָא"... OK (מטרפא)
[42.4%] #12736: "Jastrow, מטרפולין"... OK (מטרפולין)
[42.5%] #12737: "Jastrow, מטרפלון"... OK (מטרפלון)
[42.5%] #12738: "Jastrow, מִטַּרְפְּסָא"... OK (מטרפסא)
[42.5%] #12739: "Jastrow, מַטְרְקָא"... OK (מטרקא)
[42.5%] #12740: "Jastrow, מַטַּרְתָּא"... OK (מטרתא)
[42.5%] #12741: "Jastrow, מִי I"... OK (מי)
[42.5%] #12742: "Jastrow, מִי II"... duplicate
[42.5%] #12742: "Jastrow, מַי"... duplicate
[42.5%] #12742: "Jastrow, מַי ²"... duplicate
[42.5%] #12742: "Jastrow, מַיָּא"... OK (מיא)
[42.5%] #12743: "Jastrow, מִיאוּן"... OK (מיאון)
[42.5%] #12744: "Jastrow, מִיאוּס"... OK (מיאוס)
[42.5%] #12745: "Jastrow, מִיאוּסָא"... OK (מיאוסא)
[42.5%] #12746: "Jastrow, מיאמוס"... OK (מיאמוס)
[42.5%] #12747: "Jastrow, מֵיאֲשָׁא"... OK (מיאשא)
[42.5%] #12748: "Jastrow, מֵיאֲשָׁן"... OK (מיאשן)
[42.5%] #12749: "Jastrow, מיבל"... OK (מיבל)
[42.5%] #12750: "Jastrow, מִיגְדּ־"... OK (מיגד)
[42.5%] #12751: "Jastrow, מִיגּוֹ"... OK (מיגו)
[42.5%] #12752: "Jastrow, מֵיגוֹס"... OK (מיגוס)
[42.5%] #12753: "Jastrow, מיגזיין"... OK (מיגזיין)
[42.5%] #12754: "Jastrow, מִיגְזְרָא"... OK (מיגזרא)
[42.5%] #12755: "Jastrow, מֵיגֵיס"... OK (מיגיס)
[42.5%] #12756: "Jastrow, מֵיגַס"... OK (מיגס)
[42.5%] #12757: "Jastrow, מיגרי"... OK (מיגרי)
[42.5%] #12758: "Jastrow, מֵידְבָא"... OK (מידבא)
[42.5%] #12759: "Jastrow, מִידָּה"... OK (מידה)
[42.5%] #12760: "Jastrow, מִידֵי"... OK (מידי)
[42.5%] #12761: "Jastrow, מֵידַל"... OK (מידל)
[42.5%] #12762: "Jastrow, מֵידַם"... OK (מידם)
[42.5%] #12763: "Jastrow, מִידְמְכָא"... OK (מידמכא)
[42.5%] #12764: "Jastrow, מִידַּעַם"... OK (מידעם)
[42.5%] #12765: "Jastrow, מֵידַק"... OK (מידק)
[42.5%] #12766: "Jastrow, מִיהָא"... OK (מיהא)
[42.6%] #12767: "Jastrow, מִיהוּ"... OK (מיהו)
[42.6%] #12768: "Jastrow, מִיהַר"... OK (מיהר)
[42.6%] #12769: "Jastrow, מִיהַת"... OK (מיהת)
[42.6%] #12770: "Jastrow, מָיוּמָס"... OK (מיומס)
[42.6%] #12771: "Jastrow, מְיוּשָּׁב"... OK (מיושב)
[42.6%] #12772: "Jastrow, *מֵיוֹת"... OK (מיות)
[42.6%] #12773: "Jastrow, מִיזְגָּא"... OK (מיזגא)
[42.6%] #12774: "Jastrow, מִיזְדָּה"... OK (מיזדה)
[42.6%] #12775: "Jastrow, מִיזְיָא"... OK (מיזיא)
[42.6%] #12776: "Jastrow, מִיזְפוּ"... OK (מיזפו)
[42.6%] #12777: "Jastrow, מִיזְרָן"... OK (מיזרן)
[42.6%] #12778: "Jastrow, *מֵיחָא"... OK (מיחא)
[42.6%] #12779: "Jastrow, מִיחוּי"... OK (מיחוי)
[42.6%] #12780: "Jastrow, מֵיחוּס"... OK (מיחוס)
[42.6%] #12781: "Jastrow, מֵיחוּשׁ"... OK (מיחוש)
[42.6%] #12782: "Jastrow, מִיחְזֵי"... OK (מיחזי)
[42.6%] #12783: "Jastrow, מֶיחְטֵי"... OK (מיחטי)
[42.6%] #12784: "Jastrow, מיחלא"... OK (מיחלא)
[42.6%] #12785: "Jastrow, מֵיחַם"... OK (מיחם)
[42.6%] #12786: "Jastrow, מִיחְמֵי"... OK (מיחמי)
[42.6%] #12787: "Jastrow, מִיחְצָא"... OK (מיחצא)
[42.6%] #12788: "Jastrow, מִיט"... OK (מיט)
[42.6%] #12789: "Jastrow, מֵיטָב"... OK (מיטב)
  [Saved progress: 12789 entries]
[42.6%] #12790: "Jastrow, מֵיטְבָא"... OK (מיטבא)
[42.6%] #12791: "Jastrow, מִיטָּה"... OK (מיטה)
[42.6%] #12792: "Jastrow, מִיטּוּט"... OK (מיטוט)
[42.6%] #12793: "Jastrow, מִיטָטוֹר"... OK (מיטטור)
[42.6%] #12794: "Jastrow, מִיטַכְסָא"... OK (מיטכסא)
[42.6%] #12795: "Jastrow, מִיטַּל"... OK (מיטל)
[42.6%] #12796: "Jastrow, מִיטַּלְטְלֵי"... OK (מיטלטלי)
[42.7%] #12797: "Jastrow, מִיטְמוּט"... OK (מיטמוט)
[42.7%] #12798: "Jastrow, מִיטַּר"... OK (מיטר)
[42.7%] #12799: "Jastrow, מִיטְרָא"... OK (מיטרא)
[42.7%] #12800: "Jastrow, מִיטַרְיָא"... OK (מיטריא)
[42.7%] #12801: "Jastrow, מִיטְרִין"... OK (מיטרין)
[42.7%] #12802: "Jastrow, מַיי"... OK (מיי)
[42.7%] #12803: "Jastrow, מַיָיא"... OK (מייא)
[42.7%] #12804: "Jastrow, מיימיס"... OK (מיימיס)
[42.7%] #12805: "Jastrow, מַיִין"... OK (מיין)
[42.7%] #12806: "Jastrow, מְיַינּוֹקָא"... OK (מיינוקא)
[42.7%] #12807: "Jastrow, מיירון"... OK (מיירון)
[42.7%] #12808: "Jastrow, מַיְירֵי"... OK (מיירי)
[42.7%] #12809: "Jastrow, מַיִישׁ"... OK (מייש)
[42.7%] #12810: "Jastrow, מַיְישָׁא"... OK (מיישא)
[42.7%] #12811: "Jastrow, מָיֵית"... OK (מיית)
[42.7%] #12812: "Jastrow, מַיְיתֵי"... OK (מייתי)
[42.7%] #12813: "Jastrow, מִיכָאֵל"... OK (מיכאל)
[42.7%] #12814: "Jastrow, מִיכָה I"... OK (מיכה)
[42.7%] #12815: "Jastrow, מִיכָה II"... duplicate
[42.7%] #12815: "Jastrow, מֵיכוּלְתָּא"... OK (מיכולתא)
[42.7%] #12816: "Jastrow, מיכיילא"... OK (מיכיילא)
[42.7%] #12817: "Jastrow, מִיכַל"... OK (מיכל)
[42.7%] #12818: "Jastrow, מֵיכַל"... duplicate
[42.7%] #12818: "Jastrow, מֵיכְלָא II"... OK (מיכלא)
[42.7%] #12819: "Jastrow, מִיכְלָה"... OK (מיכלה)
[42.7%] #12820: "Jastrow, מֵיכְלוּתָא"... OK (מיכלותא)
[42.7%] #12821: "Jastrow, מֵיכַלְתָּא"... OK (מיכלתא)
[42.7%] #12822: "Jastrow, מִיכְנִי"... OK (מיכני)
[42.7%] #12823: "Jastrow, מִיכְסָא"... OK (מיכסא)
[42.7%] #12824: "Jastrow, מִיל"... OK (מיל)
[42.7%] #12825: "Jastrow, מִילָא I"... OK (מילא)
[42.8%] #12826: "Jastrow, מֵילָא I"... duplicate
[42.8%] #12826: "Jastrow, מֵילָא II"... duplicate
[42.8%] #12826: "Jastrow, מִילָּא I"... duplicate
[42.8%] #12826: "Jastrow, מִילָּא II"... duplicate
[42.8%] #12826: "Jastrow, מְיַלְּדָא"... OK (מילדא)
[42.8%] #12827: "Jastrow, מְיַלֶּדֶת"... OK (מילדת)
[42.8%] #12828: "Jastrow, מִילָּה I"... OK (מילה)
[42.8%] #12829: "Jastrow, מִילָּה II"... duplicate
[42.8%] #12829: "Jastrow, מִילָה"... duplicate
[42.8%] #12829: "Jastrow, מִילּוּא"... OK (מילוא)
[42.8%] #12830: "Jastrow, מִילּוּט"... OK (מילוט)
[42.8%] #12831: "Jastrow, מִילוֹטוֹמְיָא"... OK (מילוטומיא)
[42.8%] #12832: "Jastrow, מִילּוּי"... OK (מילוי)
[42.8%] #12833: "Jastrow, מִילּוּל"... OK (מילול)
[42.8%] #12834: "Jastrow, מִילּוּסָא"... OK (מילוסא)
[42.8%] #12835: "Jastrow, *מִילְוָתָא"... OK (מילותא)
[42.8%] #12836: "Jastrow, מִילְחָא"... OK (מילחא)
[42.8%] #12837: "Jastrow, מילטמיא"... OK (מילטמיא)
[42.8%] #12838: "Jastrow, מילי"... OK (מילי)
[42.8%] #12839: "Jastrow, מילי ²"... duplicate
[42.8%] #12839: "Jastrow, מִילִימִילָא"... OK (מילימילא)
[42.8%] #12840: "Jastrow, מילירדים"... OK (מילירדים)
[42.8%] #12841: "Jastrow, מילך"... OK (מילך)
[42.8%] #12842: "Jastrow, מֵילַךְ"... duplicate
[42.8%] #12842: "Jastrow, מֵילָל"... OK (מילל)
[42.8%] #12843: "Jastrow, מִיללָא"... OK (מיללא)
[42.8%] #12844: "Jastrow, מילמרין"... OK (מילמרין)
[42.8%] #12845: "Jastrow, מִילָן"... OK (מילן)
[42.8%] #12846: "Jastrow, מִילָנִי"... OK (מילני)
[42.8%] #12847: "Jastrow, מִילְסָא"... OK (מילסא)
[42.8%] #12848: "Jastrow, מִילְפִּפּוֹן"... OK (מילפפון)
[42.8%] #12849: "Jastrow, מִילְפִּפּוֹנָא"... OK (מילפפונא)
[42.8%] #12850: "Jastrow, מילריא"... OK (מילריא)
[42.8%] #12851: "Jastrow, מִילַּת"... OK (מילת)
[42.8%] #12852: "Jastrow, מֵילַת"... duplicate
[42.8%] #12852: "Jastrow, מֵילַת ²"... duplicate
[42.8%] #12852: "Jastrow, מִילְּתָא"... OK (מילתא)
[42.8%] #12853: "Jastrow, מַיִם"... OK (מים)
[42.8%] #12854: "Jastrow, מ"ים"... duplicate
[42.8%] #12854: "Jastrow, מִימוֹס"... OK (מימוס)
[42.8%] #12855: "Jastrow, מֵימוֹת"... OK (מימות)
[42.9%] #12856: "Jastrow, מֵימַר"... OK (מימר)
[42.9%] #12857: "Jastrow, מימרס"... OK (מימרס)
[42.9%] #12858: "Jastrow, מִימַשׁ"... OK (מימש)
[42.9%] #12859: "Jastrow, מִין I"... OK (מין)
[42.9%] #12860: "Jastrow, מִין II"... duplicate
[42.9%] #12860: "Jastrow, מִין III"... duplicate
[42.9%] #12860: "Jastrow, מִינָא I"... OK (מינא)
[42.9%] #12861: "Jastrow, מִינָא II"... duplicate
[42.9%] #12861: "Jastrow, מִינָא III"... duplicate
[42.9%] #12861: "Jastrow, מינגני"... OK (מינגני)
[42.9%] #12862: "Jastrow, מִינְהָג"... OK (מינהג)
[42.9%] #12863: "Jastrow, מִינּוּי"... OK (מינוי)
[42.9%] #12864: "Jastrow, מִינּוּי ²"... duplicate
[42.9%] #12864: "Jastrow, מֵינוּנֵי"... OK (מינוני)
[42.9%] #12865: "Jastrow, מְיַנּוֹק"... OK (מינוק)
[42.9%] #12866: "Jastrow, מְיַנּוֹקְתָּא"... OK (מינוקתא)
[42.9%] #12867: "Jastrow, מִינוּת"... OK (מינות)
[42.9%] #12868: "Jastrow, מִינְטַר"... OK (מינטר)
[42.9%] #12869: "Jastrow, מִינְיוֹמִי"... OK (מיניומי)
[42.9%] #12870: "Jastrow, מינייא"... OK (מינייא)
[42.9%] #12871: "Jastrow, מִינַּיִּין"... OK (מיניין)
  [Saved progress: 12871 entries]
[42.9%] #12872: "Jastrow, מִינְיָין"... duplicate
[42.9%] #12872: "Jastrow, מֵינִיקָה"... OK (מיניקה)
[42.9%] #12873: "Jastrow, מֵינִיקוּת"... OK (מיניקות)
[42.9%] #12874: "Jastrow, מֵינֶיקֶת"... OK (מיניקת)
[42.9%] #12875: "Jastrow, מֵינִיקְתָּא"... OK (מיניקתא)
[42.9%] #12876: "Jastrow, מִינָּן"... OK (מינן)
[42.9%] #12877: "Jastrow, מֵינַס"... OK (מינס)
[42.9%] #12878: "Jastrow, מְיַנְּקָא"... OK (מינקא)
[42.9%] #12879: "Jastrow, מְיַנְּקוּתָא"... OK (מינקותא)
[42.9%] #12880: "Jastrow, מֵינֶקֶת"... OK (מינקת)
[42.9%] #12881: "Jastrow, מִינְקַת"... duplicate
[42.9%] #12881: "Jastrow, מִינְתָּא"... OK (מינתא)
[42.9%] #12882: "Jastrow, מִיס"... OK (מיס)
[42.9%] #12883: "Jastrow, מִיסָּא"... OK (מיסא)
[42.9%] #12884: "Jastrow, מיסא"... duplicate
[42.9%] #12884: "Jastrow, מִיסַּב"... OK (מיסב)
[42.9%] #12885: "Jastrow, מֵיסֵב"... duplicate
[42.9%] #12885: "Jastrow, מיסוון"... OK (מיסוון)
[43.0%] #12886: "Jastrow, מִיסוֹן"... OK (מיסון)
[43.0%] #12887: "Jastrow, מִיסּוּן"... duplicate
[43.0%] #12887: "Jastrow, מִיסְטוּרִין"... OK (מיסטורין)
[43.0%] #12888: "Jastrow, מִיסִּים"... OK (מיסים)
[43.0%] #12889: "Jastrow, מיסיק"... OK (מיסיק)
[43.0%] #12890: "Jastrow, מִיסְכּ־"... OK (מיסכ)
[43.0%] #12891: "Jastrow, מִיסְמֵס"... OK (מיסמס)
[43.0%] #12892: "Jastrow, מיסמרא"... OK (מיסמרא)
[43.0%] #12893: "Jastrow, מיסן"... OK (מיסן)
[43.0%] #12894: "Jastrow, מִיסְפָּק"... OK (מיספק)
[43.0%] #12895: "Jastrow, מִיסַּק"... OK (מיסק)
[43.0%] #12896: "Jastrow, מֵיסָרָא"... OK (מיסרא)
[43.0%] #12897: "Jastrow, *מִיסְרָן"... OK (מיסרן)
[43.0%] #12898: "Jastrow, מִיסַּת"... OK (מיסת)
[43.0%] #12899: "Jastrow, מִיסְתּוֹסִיס"... OK (מיסתוסיס)
[43.0%] #12900: "Jastrow, מִיסְתְּיָא"... OK (מיסתיא)
[43.0%] #12901: "Jastrow, מיסתיוסיס"... OK (מיסתיוסיס)
[43.0%] #12902: "Jastrow, מִיעוּט"... OK (מיעוט)
[43.0%] #12903: "Jastrow, מִיעוּטָא"... OK (מיעוטא)
[43.0%] #12904: "Jastrow, מֵיעַיִם"... OK (מיעים)
[43.0%] #12905: "Jastrow, מֵיעֵין"... OK (מיעין)
[43.0%] #12906: "Jastrow, מֵיעִירְקָא"... OK (מיעירקא)
[43.0%] #12907: "Jastrow, מֵיעֲלָא"... OK (מיעלא)
[43.0%] #12908: "Jastrow, מִיפְּחַזְנָא"... OK (מיפחזנא)
[43.0%] #12909: "Jastrow, מִיפַּטְרָא"... OK (מיפטרא)
[43.0%] #12910: "Jastrow, מֵיפַךְ"... OK (מיפך)
[43.0%] #12911: "Jastrow, מִיפְסוֹלַת"... OK (מיפסולת)
[43.0%] #12912: "Jastrow, מִיפְּקָא"... OK (מיפקא)
[43.0%] #12913: "Jastrow, מִיץ"... OK (מיץ)
[43.0%] #12914: "Jastrow, מִיץ ²"... duplicate
[43.0%] #12914: "Jastrow, מִיצַּב"... OK (מיצב)
[43.0%] #12915: "Jastrow, מִיצָה"... OK (מיצה)
[43.0%] #12916: "Jastrow, מִיצּוּי"... OK (מיצוי)
[43.1%] #12917: "Jastrow, מִיצּוּעַ"... OK (מיצוע)
[43.1%] #12918: "Jastrow, מִיצְטְרָא"... OK (מיצטרא)
[43.1%] #12919: "Jastrow, מיצטרו"... OK (מיצטרו)
[43.1%] #12920: "Jastrow, מִיצְלַת"... OK (מיצלת)
[43.1%] #12921: "Jastrow, מִיצַּע"... OK (מיצע)
[43.1%] #12922: "Jastrow, מִיצָּעָא"... OK (מיצעא)
[43.1%] #12923: "Jastrow, מֵיצֵף"... OK (מיצף)
[43.1%] #12924: "Jastrow, מֵיצַר"... OK (מיצר)
[43.1%] #12925: "Jastrow, מִיצְרָא"... OK (מיצרא)
[43.1%] #12926: "Jastrow, מִיק"... OK (מיק)
[43.1%] #12927: "Jastrow, מֵיקֵל"... OK (מיקל)
[43.1%] #12928: "Jastrow, מֵיקַם"... OK (מיקם)
[43.1%] #12929: "Jastrow, מִיקְמַת"... OK (מיקמת)
[43.1%] #12930: "Jastrow, מִיקַן"... OK (מיקן)
[43.1%] #12931: "Jastrow, מֵיקַר"... OK (מיקר)
[43.1%] #12932: "Jastrow, מֵירָא"... OK (מירא)
[43.1%] #12933: "Jastrow, מֵירְדָא"... OK (מירדא)
[43.1%] #12934: "Jastrow, מירה"... OK (מירה)
[43.1%] #12935: "Jastrow, מֵירוּג"... OK (מירוג)
[43.1%] #12936: "Jastrow, מֵירוֹן"... OK (מירון)
[43.1%] #12937: "Jastrow, מֵירוּק"... OK (מירוק)
[43.1%] #12938: "Jastrow, מירוק"... duplicate
[43.1%] #12938: "Jastrow, מֵירוּר"... OK (מירור)
[43.1%] #12939: "Jastrow, מִירְטוֹם"... OK (מירטום)
[43.1%] #12940: "Jastrow, מִירִי"... OK (מירי)
[43.1%] #12941: "Jastrow, מירין"... OK (מירין)
[43.1%] #12942: "Jastrow, מִירָם"... OK (מירם)
[43.1%] #12943: "Jastrow, מִירְסִינָטוֹן"... OK (מירסינטון)
[43.1%] #12944: "Jastrow, מֵירַע"... OK (מירע)
[43.1%] #12945: "Jastrow, מִירְעָא"... OK (מירעא)
[43.1%] #12946: "Jastrow, מירקו"... OK (מירקו)
[43.2%] #12947: "Jastrow, מֵירַת"... OK (מירת)
[43.2%] #12948: "Jastrow, מֵישָׁא I"... OK (מישא)
[43.2%] #12949: "Jastrow, מֵישָׁא II"... duplicate
[43.2%] #12949: "Jastrow, מִישַּׁבַּקְתָּא"... OK (מישבקתא)
[43.2%] #12950: "Jastrow, מֵישׁוֹן"... OK (מישון)
[43.2%] #12951: "Jastrow, מִישׁוֹר"... OK (מישור)
[43.2%] #12952: "Jastrow, מִישְׁחָא"... OK (מישחא)
[43.2%] #12953: "Jastrow, מִישְּׁכּוֹנָא"... OK (מישכונא)
[43.2%] #12954: "Jastrow, מִישְׁלָם"... OK (מישלם)
[43.2%] #12955: "Jastrow, מֵישָׁן"... OK (מישן)
[43.2%] #12956: "Jastrow, מֵישָׁנִי"... OK (מישני)
[43.2%] #12957: "Jastrow, מֵישַׁר"... OK (מישר)
[43.2%] #12958: "Jastrow, מֵישָׁרָא"... OK (מישרא)
[43.2%] #12959: "Jastrow, מֵישְׁרָא II"... duplicate
[43.2%] #12959: "Jastrow, מִישְׁתּוּתָא"... OK (מישתותא)
[43.2%] #12960: "Jastrow, מִית I"... OK (מית)
[43.2%] #12961: "Jastrow, מִית II"... duplicate
[43.2%] #12961: "Jastrow, מֵיתָא"... OK (מיתא)
  [Saved progress: 12961 entries]
[43.2%] #12962: "Jastrow, מִיתָא"... duplicate
[43.2%] #12962: "Jastrow, מִיתְגָּא"... OK (מיתגא)
[43.2%] #12963: "Jastrow, מִיתָה"... OK (מיתה)
[43.2%] #12964: "Jastrow, מִיתּוּחַ"... OK (מיתוח)
[43.2%] #12965: "Jastrow, מִיתּוּן"... OK (מיתון)
[43.2%] #12966: "Jastrow, מִיתוֹרְיִין"... OK (מיתוריין)
[43.2%] #12967: "Jastrow, מִיתוּתָא"... OK (מיתותא)
[43.2%] #12968: "Jastrow, מִיתְחַזְנָא"... OK (מיתחזנא)
[43.2%] #12969: "Jastrow, מִיתָנָא"... OK (מיתנא)
[43.2%] #12970: "Jastrow, מֵיתָנָא"... duplicate
[43.2%] #12970: "Jastrow, מִיתְנָא"... duplicate
[43.2%] #12970: "Jastrow, מִיתְעַזְנָא"... OK (מיתעזנא)
[43.2%] #12971: "Jastrow, מֵיתָר"... OK (מיתר)
[43.2%] #12972: "Jastrow, מִיתַּרְכָא"... OK (מיתרכא)
[43.2%] #12973: "Jastrow, מִיתַת"... OK (מיתת)
[43.2%] #12974: "Jastrow, מָךְ"... OK (מך)
[43.2%] #12975: "Jastrow, מָךְ ²"... duplicate
[43.2%] #12975: "Jastrow, מָכָא"... OK (מכא)
[43.3%] #12976: "Jastrow, מְכָא"... duplicate
[43.3%] #12976: "Jastrow, מְכַבֵּד"... OK (מכבד)
[43.3%] #12977: "Jastrow, מַכְבֵּיד"... OK (מכביד)
[43.3%] #12978: "Jastrow, מכבין"... OK (מכבין)
[43.3%] #12979: "Jastrow, מַכְבֵּישׁ"... OK (מכביש)
[43.3%] #12980: "Jastrow, מַכְבַּנְתָּא"... OK (מכבנתא)
[43.3%] #12981: "Jastrow, מִכְבַּר"... OK (מכבר)
[43.3%] #12982: "Jastrow, מַכְבֵּרָה"... OK (מכברה)
[43.3%] #12983: "Jastrow, מַכְבֵּשׁ"... OK (מכבש)
[43.3%] #12984: "Jastrow, מִכְּדִי"... OK (מכדי)
[43.3%] #12985: "Jastrow, מַכָּה"... OK (מכה)
[43.3%] #12986: "Jastrow, מִכְוָה"... OK (מכוה)
[43.3%] #12987: "Jastrow, *מְכַוֵּון"... OK (מכוון)
[43.3%] #12988: "Jastrow, מִכְוַור"... OK (מכוור)
[43.3%] #12989: "Jastrow, מְכוֹלִין"... OK (מכולין)
[43.3%] #12990: "Jastrow, מָכוֹן"... OK (מכון)
[43.3%] #12991: "Jastrow, מְכוֹנָה"... OK (מכונה)
[43.3%] #12992: "Jastrow, *מְכַוַּנְתָּא"... OK (מכונתא)
[43.3%] #12993: "Jastrow, מִכְוַר"... OK (מכור)
[43.3%] #12994: "Jastrow, מְכוּרָה"... OK (מכורה)
[43.3%] #12995: "Jastrow, מְכוֹרוֹת"... OK (מכורות)
[43.3%] #12996: "Jastrow, מכורן"... OK (מכורן)
[43.3%] #12997: "Jastrow, מכורסינין"... OK (מכורסינין)
[43.3%] #12998: "Jastrow, מַכּוֹשׁ I"... OK (מכוש)
[43.3%] #12999: "Jastrow, מַכּוֹשׁ II"... duplicate
[43.3%] #12999: "Jastrow, מַכּוֹשׁ"... duplicate
[43.3%] #12999: "Jastrow, מַכּוֹשָׁא II"... OK (מכושא)
[43.3%] #13000: "Jastrow, מָכוּת"... OK (מכות)
[43.3%] #13001: "Jastrow, מָכוּתָא"... OK (מכותא)
[43.3%] #13002: "Jastrow, מַכּוּתִי"... OK (מכותי)
[43.3%] #13003: "Jastrow, מַכְחוֹל"... OK (מכחול)
[43.3%] #13004: "Jastrow, מַכְחָלָא"... OK (מכחלא)
[43.3%] #13005: "Jastrow, מְכִי"... OK (מכי)
[43.4%] #13006: "Jastrow, מְכֵי"... duplicate
[43.4%] #13006: "Jastrow, מַכִּיךְ"... OK (מכיך)
[43.4%] #13007: "Jastrow, מַכִּיכוּתָא"... OK (מכיכותא)
[43.4%] #13008: "Jastrow, מַכִּיכְתָּא"... OK (מכיכתא)
[43.4%] #13009: "Jastrow, מְכִילָא"... OK (מכילא)
[43.4%] #13010: "Jastrow, מַכִּיר"... OK (מכיר)
[43.4%] #13011: "Jastrow, מכיר"... duplicate
[43.4%] #13011: "Jastrow, מְכִירָה"... OK (מכירה)
[43.4%] #13012: "Jastrow, מְכֵירִין"... OK (מכירין)
[43.4%] #13013: "Jastrow, מכיצטרכי"... OK (מכיצטרכי)
[43.4%] #13014: "Jastrow, מַכִּישָׁה"... OK (מכישה)
[43.4%] #13015: "Jastrow, מָכַךְ"... OK (מכך)
[43.4%] #13016: "Jastrow, מְכַךְ"... duplicate
[43.4%] #13016: "Jastrow, מַכָּכָא"... OK (מככא)
[43.4%] #13017: "Jastrow, מְכִכְתָּא"... OK (מככתא)
[43.4%] #13018: "Jastrow, מַכָּל"... OK (מכל)
[43.4%] #13019: "Jastrow, מֵכְלָא"... OK (מכלא)
[43.4%] #13020: "Jastrow, מְכִלָא"... duplicate
[43.4%] #13020: "Jastrow, מִכְלָה"... OK (מכלה)
[43.4%] #13021: "Jastrow, מְכַלֶּה"... duplicate
[43.4%] #13021: "Jastrow, מֵכְלוּתָא"... OK (מכלותא)
[43.4%] #13022: "Jastrow, מִכְּלָל"... OK (מכלל)
[43.4%] #13023: "Jastrow, מכללה"... OK (מכללה)
[43.4%] #13024: "Jastrow, מַכְלַלְתָּא"... OK (מכללתא)
[43.4%] #13025: "Jastrow, מְכִלְתָּא"... OK (מכלתא)
[43.4%] #13026: "Jastrow, מכלתייא"... OK (מכלתייא)
[43.4%] #13027: "Jastrow, מִכְמוֹר"... OK (מכמור)
[43.4%] #13028: "Jastrow, מִכְמוֹרֶת"... OK (מכמורת)
[43.4%] #13029: "Jastrow, מִכְמֵךְ"... OK (מכמך)
[43.4%] #13030: "Jastrow, מכמם"... OK (מכמם)
[43.4%] #13031: "Jastrow, מִכְמָס"... OK (מכמס)
[43.4%] #13032: "Jastrow, מִכְמַר"... OK (מכמר)
[43.4%] #13033: "Jastrow, מִכְמָר"... duplicate
[43.4%] #13033: "Jastrow, מִכְמֶרֶת"... OK (מכמרת)
[43.4%] #13034: "Jastrow, מִכְּמַת־"... OK (מכמת)
[43.4%] #13035: "Jastrow, מִכַּן"... OK (מכן)
[43.5%] #13036: "Jastrow, מִכֵּן"... duplicate
[43.5%] #13036: "Jastrow, מִכְנִי"... OK (מכני)
[43.5%] #13037: "Jastrow, מכניס"... OK (מכניס)
[43.5%] #13038: "Jastrow, מִכְנָס"... OK (מכנס)
[43.5%] #13039: "Jastrow, מִכְנָסַיִם"... OK (מכנסים)
[43.5%] #13040: "Jastrow, מַכְנְסִין"... OK (מכנסין)
[43.5%] #13041: "Jastrow, מַכְנַשְׁתָּא"... OK (מכנשתא)
[43.5%] #13042: "Jastrow, מָכַס"... OK (מכס)
[43.5%] #13043: "Jastrow, מֶכֶס"... duplicate
[43.5%] #13043: "Jastrow, מִכְסָא"... OK (מכסא)
[43.5%] #13044: "Jastrow, מָכְסָא"... duplicate
[43.5%] #13044: "Jastrow, מכסאני"... OK (מכסאני)
[43.5%] #13045: "Jastrow, מִכְסֶה"... OK (מכסה)
  [Saved progress: 13045 entries]
[43.5%] #13046: "Jastrow, *מִכְסוֹרִין"... OK (מכסורין)
[43.5%] #13047: "Jastrow, מכסח"... OK (מכסח)
[43.5%] #13048: "Jastrow, מכסיוטינוס"... OK (מכסיוטינוס)
[43.5%] #13049: "Jastrow, מַכְסִירִין"... OK (מכסירין)
[43.5%] #13050: "Jastrow, מַכְסֵן"... OK (מכסן)
[43.5%] #13051: "Jastrow, מַכְסָנָא"... OK (מכסנא)
[43.5%] #13052: "Jastrow, מַכְסָנוּתָא"... OK (מכסנותא)
[43.5%] #13053: "Jastrow, מַכְסַנְיָיא"... OK (מכסנייא)
[43.5%] #13054: "Jastrow, מכפה"... OK (מכפה)
[43.5%] #13055: "Jastrow, מַכְפֵּלָה"... OK (מכפלה)
[43.5%] #13056: "Jastrow, מָכַר"... OK (מכר)
[43.5%] #13057: "Jastrow, *מְכַר"... duplicate
[43.5%] #13057: "Jastrow, מֶכֶר"... duplicate
[43.5%] #13057: "Jastrow, מַכָּר"... duplicate
[43.5%] #13057: "Jastrow, מַכָּרָא"... OK (מכרא)
[43.5%] #13058: "Jastrow, מְכֵרוֹת"... OK (מכרות)
[43.5%] #13059: "Jastrow, מכרין"... OK (מכרין)
[43.5%] #13060: "Jastrow, מִכְשׁוֹל"... OK (מכשול)
[43.5%] #13061: "Jastrow, מַכְשִׁיר"... OK (מכשיר)
[43.5%] #13062: "Jastrow, מְכַשֵּׁף"... OK (מכשף)
[43.5%] #13063: "Jastrow, מְכַשֵּׁפָה"... OK (מכשפה)
[43.5%] #13064: "Jastrow, מְכַשֵּׁפוּת"... OK (מכשפות)
[43.5%] #13065: "Jastrow, מִכְתָּב"... OK (מכתב)
[43.5%] #13066: "Jastrow, מִכְתָּב ²"... duplicate
[43.5%] #13066: "Jastrow, מְכַתֵּב"... duplicate
[43.5%] #13066: "Jastrow, מְכַתְּבָא"... OK (מכתבא)
[43.6%] #13067: "Jastrow, מִכְתָּבָא"... duplicate
[43.6%] #13067: "Jastrow, מכתובים"... OK (מכתובים)
[43.6%] #13068: "Jastrow, מַכְתְּוָותָא"... OK (מכתוותא)
[43.6%] #13069: "Jastrow, מַכְתִּיר"... OK (מכתיר)
[43.6%] #13070: "Jastrow, מִכְתָּם"... OK (מכתם)
[43.6%] #13071: "Jastrow, מַכְתֵּשׁ"... OK (מכתש)
[43.6%] #13072: "Jastrow, מַכְתַּשׁ"... duplicate
[43.6%] #13072: "Jastrow, מַכְתֶּשֶׁת"... OK (מכתשת)
[43.6%] #13073: "Jastrow, מָל"... OK (מל)
[43.6%] #13074: "Jastrow, מַל"... duplicate
[43.6%] #13074: "Jastrow, מִלָּא"... OK (מלא)
[43.6%] #13075: "Jastrow, מָלֵא I"... duplicate
[43.6%] #13075: "Jastrow, מְלָא"... duplicate
[43.6%] #13075: "Jastrow, מָלֵא II"... duplicate
[43.6%] #13075: "Jastrow, מְלֹא"... duplicate
[43.6%] #13075: "Jastrow, מְלֵאָה"... OK (מלאה)
[43.6%] #13076: "Jastrow, מְלָאִי"... OK (מלאי)
[43.6%] #13077: "Jastrow, מְלָאי I"... duplicate
[43.6%] #13077: "Jastrow, מְלָאי II"... duplicate
[43.6%] #13077: "Jastrow, *מְלַאי"... duplicate
[43.6%] #13077: "Jastrow, מַלְאָךְ"... OK (מלאך)
[43.6%] #13078: "Jastrow, מַלְאָךְ ²"... duplicate
[43.6%] #13078: "Jastrow, מְלָאכָה"... OK (מלאכה)
[43.6%] #13079: "Jastrow, מַלְאָכוּת"... OK (מלאכות)
[43.6%] #13080: "Jastrow, מַלְאָכִי"... OK (מלאכי)
[43.6%] #13081: "Jastrow, מְלֶאכֶת"... OK (מלאכת)
[43.6%] #13082: "Jastrow, מַלְאֲתָא"... OK (מלאתא)
[43.6%] #13083: "Jastrow, מַלְבּוּשׁ"... OK (מלבוש)
[43.6%] #13084: "Jastrow, מַלְבֵּין"... OK (מלבין)
[43.6%] #13085: "Jastrow, מַלְבִּינִיקֵי"... OK (מלביניקי)
[43.6%] #13086: "Jastrow, מַלְבֵּינְתָּא"... OK (מלבינתא)
[43.6%] #13087: "Jastrow, מַלְבִּישׁ"... OK (מלביש)
[43.6%] #13088: "Jastrow, מַלְבֵּן"... OK (מלבן)
[43.6%] #13089: "Jastrow, מַלְבְּנָא"... OK (מלבנא)
[43.6%] #13090: "Jastrow, *מַלְבֵּנְתָּא"... OK (מלבנתא)
[43.6%] #13091: "Jastrow, מַלְבֶּשְׁתָּא"... OK (מלבשתא)
[43.6%] #13092: "Jastrow, מָלַג"... OK (מלג)
[43.6%] #13093: "Jastrow, מְלַג"... duplicate
[43.6%] #13093: "Jastrow, מַלְגֵּז"... OK (מלגז)
[43.6%] #13094: "Jastrow, מִלָּה"... OK (מלה)
[43.6%] #13095: "Jastrow, מל"ה"... duplicate
[43.6%] #13095: "Jastrow, מלהטמייא"... OK (מלהטמייא)
[43.6%] #13096: "Jastrow, מְלוֹא"... OK (מלוא)
[43.7%] #13097: "Jastrow, מְלוֹא ²"... duplicate
[43.7%] #13097: "Jastrow, מִלּוּא"... duplicate
[43.7%] #13097: "Jastrow, מְלוֹג"... OK (מלוג)
[43.7%] #13098: "Jastrow, *מְלוֹגָא"... OK (מלוגא)
[43.7%] #13099: "Jastrow, מָלוּגְמָא"... OK (מלוגמא)
[43.7%] #13100: "Jastrow, מְלוֹגְנָאָה"... OK (מלוגנאה)
[43.7%] #13101: "Jastrow, מַלְוֶה"... OK (מלוה)
[43.7%] #13102: "Jastrow, מִלְוָה"... duplicate
[43.7%] #13102: "Jastrow, מְלַוִּויתָא"... OK (מלוויתא)
[43.7%] #13103: "Jastrow, מִלְוָון"... OK (מלוון)
[43.7%] #13104: "Jastrow, מלוותא"... OK (מלוותא)
[43.7%] #13105: "Jastrow, מְלוּזְמָא"... OK (מלוזמא)
[43.7%] #13106: "Jastrow, מָלוּחַ"... OK (מלוח)
[43.7%] #13107: "Jastrow, מַלּוּחַ"... duplicate
[43.7%] #13107: "Jastrow, מַלּוּחָא"... OK (מלוחא)
[43.7%] #13108: "Jastrow, מִלּוּט"... OK (מלוט)
[43.7%] #13109: "Jastrow, מְלוֹטוֹמְיָא"... OK (מלוטומיא)
[43.7%] #13110: "Jastrow, מִלּוּי"... OK (מלוי)
[43.7%] #13111: "Jastrow, מְלוֹיְתָא"... OK (מלויתא)
[43.7%] #13112: "Jastrow, מְלַוִּיתָא"... duplicate
[43.7%] #13112: "Jastrow, מַלּוּךְ"... OK (מלוך)
[43.7%] #13113: "Jastrow, מָלוֹכָא"... OK (מלוכא)
[43.7%] #13114: "Jastrow, מְלוּכָה"... OK (מלוכה)
[43.7%] #13115: "Jastrow, מִלּוּל"... OK (מלול)
[43.7%] #13116: "Jastrow, מָלוֹן"... OK (מלון)
[43.7%] #13117: "Jastrow, מִלּוּסָא"... OK (מלוסא)
[43.7%] #13118: "Jastrow, מָלוֹשׁ"... OK (מלוש)
[43.7%] #13119: "Jastrow, מָלַח"... OK (מלח)
[43.7%] #13120: "Jastrow, מְלַח I"... duplicate
[43.7%] #13120: "Jastrow, מְלַח II"... duplicate
[43.7%] #13120: "Jastrow, מֶלַח"... duplicate
  [Saved progress: 13119 entries]
[43.7%] #13120: "Jastrow, מֶלַח ²"... duplicate
[43.7%] #13120: "Jastrow, מַלָּח"... duplicate
[43.7%] #13120: "Jastrow, מַלָּחָא"... OK (מלחא)
[43.7%] #13121: "Jastrow, מִלְחָא"... duplicate
[43.7%] #13121: "Jastrow, מַלְחָא"... duplicate
[43.7%] #13121: "Jastrow, מִלְחַיָּיא"... OK (מלחייא)
[43.7%] #13122: "Jastrow, מִלְחָמָה"... OK (מלחמה)
[43.7%] #13123: "Jastrow, מְלֶחֶת"... OK (מלחת)
[43.7%] #13124: "Jastrow, מִלְחֲתָא"... OK (מלחתא)
[43.7%] #13125: "Jastrow, מָלַט"... OK (מלט)
[43.8%] #13126: "Jastrow, מְלַט"... duplicate
[43.8%] #13126: "Jastrow, מֶלֶט"... duplicate
[43.8%] #13126: "Jastrow, מלטוכים"... OK (מלטוכים)
[43.8%] #13127: "Jastrow, מלטומיא"... OK (מלטומיא)
[43.8%] #13128: "Jastrow, מלטוס"... OK (מלטוס)
[43.8%] #13129: "Jastrow, מַלְטֵט"... OK (מלטט)
[43.8%] #13130: "Jastrow, מַלְטִיתָא"... OK (מלטיתא)
[43.8%] #13131: "Jastrow, מלטמיא"... OK (מלטמיא)
[43.8%] #13132: "Jastrow, מַלֵּי"... OK (מלי)
[43.8%] #13133: "Jastrow, מְלֵי"... duplicate
[43.8%] #13133: "Jastrow, מלו"... OK (מלו)
[43.8%] #13134: "Jastrow, מְלִי"... duplicate
[43.8%] #13134: "Jastrow, מַלְיָא"... OK (מליא)
[43.8%] #13135: "Jastrow, מְלֵיאָה"... OK (מליאה)
[43.8%] #13136: "Jastrow, מליאדין"... OK (מליאדין)
[43.8%] #13137: "Jastrow, מַלְיָאתָא"... OK (מליאתא)
[43.8%] #13138: "Jastrow, מְלִיגָאלָה"... OK (מליגאלה)
[43.8%] #13139: "Jastrow, מַלָּיוּתָא"... OK (מליותא)
[43.8%] #13140: "Jastrow, מְלִיחַ"... OK (מליח)
[43.8%] #13141: "Jastrow, מְלִיחָא"... OK (מליחא)
[43.8%] #13142: "Jastrow, מַלְיָיא"... OK (מלייא)
[43.8%] #13143: "Jastrow, מַלְיְיתָא"... OK (מלייתא)
[43.8%] #13144: "Jastrow, מְלִיךְ"... OK (מליך)
[43.8%] #13145: "Jastrow, מְלִיכָא"... OK (מליכא)
[43.8%] #13146: "Jastrow, מַלִּילָא"... OK (מלילא)
[43.8%] #13147: "Jastrow, מְלִילָא"... duplicate
[43.8%] #13147: "Jastrow, מְלִילָה"... OK (מלילה)
[43.8%] #13148: "Jastrow, מִלֵּיסָא"... OK (מליסא)
[43.8%] #13149: "Jastrow, מַלֵּיף"... OK (מליף)
[43.8%] #13150: "Jastrow, מֵלִיץ"... OK (מליץ)
[43.8%] #13151: "Jastrow, מְלִיצָה"... OK (מליצה)
[43.8%] #13152: "Jastrow, מְלִיקָה"... OK (מליקה)
[43.8%] #13153: "Jastrow, מלישות"... OK (מלישות)
[43.8%] #13154: "Jastrow, מַלֵּיתָא"... OK (מליתא)
[43.8%] #13155: "Jastrow, מַלְיְתָא"... duplicate
[43.8%] #13155: "Jastrow, *מַלָּךְ"... OK (מלך)
[43.9%] #13156: "Jastrow, מָלַךְ"... duplicate
[43.9%] #13156: "Jastrow, מְלַךְ"... duplicate
[43.9%] #13156: "Jastrow, מֶלֶךְ"... duplicate
[43.9%] #13156: "Jastrow, מֶלֶךְ ²"... duplicate
[43.9%] #13156: "Jastrow, מֵלַךְ"... duplicate
[43.9%] #13156: "Jastrow, מַלָּכָא"... OK (מלכא)
[43.9%] #13157: "Jastrow, מַלְכָּה"... OK (מלכה)
[43.9%] #13158: "Jastrow, מִלְכוּ"... OK (מלכו)
[43.9%] #13159: "Jastrow, מַלְכוּ"... duplicate
[43.9%] #13159: "Jastrow, מַלְכוּת"... OK (מלכות)
[43.9%] #13160: "Jastrow, מַלְכוּתָא"... OK (מלכותא)
[43.9%] #13161: "Jastrow, *מִלְכָי"... OK (מלכי)
[43.9%] #13162: "Jastrow, *מַלַכְיָא"... OK (מלכיא)
[43.9%] #13163: "Jastrow, מַלְכִּיָּא"... duplicate
[43.9%] #13163: "Jastrow, מְלַכְיוּ"... OK (מלכיו)
[43.9%] #13164: "Jastrow, מִלְכָנָא"... OK (מלכנא)
[43.9%] #13165: "Jastrow, מַלְכְּתָא"... OK (מלכתא)
[43.9%] #13166: "Jastrow, מִלְכְּתָא"... duplicate
[43.9%] #13166: "Jastrow, מִלְכְּתָנוּתָא"... OK (מלכתנותא)
[43.9%] #13167: "Jastrow, מָלָל"... OK (מלל)
[43.9%] #13168: "Jastrow, מָלַל I"... duplicate
[43.9%] #13168: "Jastrow, מָלַל II"... duplicate
[43.9%] #13168: "Jastrow, מְלַל I"... duplicate
[43.9%] #13168: "Jastrow, מֶלֶל"... duplicate
[43.9%] #13168: "Jastrow, מָלַל III"... duplicate
[43.9%] #13168: "Jastrow, מְלַל II"... duplicate
[43.9%] #13168: "Jastrow, מַלְלָא"... OK (מללא)
[43.9%] #13169: "Jastrow, מִלְלָא"... duplicate
[43.9%] #13169: "Jastrow, מַלָּלָא"... duplicate
[43.9%] #13169: "Jastrow, מַלָּלוּתָא"... OK (מללותא)
[43.9%] #13170: "Jastrow, מַלְמֵד"... OK (מלמד)
[43.9%] #13171: "Jastrow, מִלְמוּל"... OK (מלמול)
[43.9%] #13172: "Jastrow, מִלְמוּלָא"... OK (מלמולא)
[43.9%] #13173: "Jastrow, מִלְמֵל"... OK (מלמל)
[43.9%] #13174: "Jastrow, מַלְמֵלָה"... OK (מלמלה)
[43.9%] #13175: "Jastrow, מלני"... OK (מלני)
[43.9%] #13176: "Jastrow, מלספנון"... OK (מלספנון)
[43.9%] #13177: "Jastrow, מֵלַע"... OK (מלע)
[43.9%] #13178: "Jastrow, מַלֵּף"... OK (מלף)
[43.9%] #13179: "Jastrow, מַלְּפָא"... OK (מלפא)
[43.9%] #13180: "Jastrow, מלפין"... OK (מלפין)
[43.9%] #13181: "Jastrow, מַלְּפָנָא"... OK (מלפנא)
[43.9%] #13182: "Jastrow, מלפניא"... OK (מלפניא)
[43.9%] #13183: "Jastrow, מָלַק"... OK (מלק)
[43.9%] #13184: "Jastrow, מְלַק"... duplicate
[43.9%] #13184: "Jastrow, מַלְקוֹט"... OK (מלקוט)
[43.9%] #13185: "Jastrow, מַלְקוֹשׁ"... OK (מלקוש)
[44.0%] #13186: "Jastrow, מַלְקוֹשָׁא"... OK (מלקושא)
[44.0%] #13187: "Jastrow, מַלְקוּת"... OK (מלקות)
[44.0%] #13188: "Jastrow, מַלְקוּת ²"... duplicate
[44.0%] #13188: "Jastrow, מֶלְקָחָה"... OK (מלקחה)
[44.0%] #13189: "Jastrow, מֶלְקָחַיִם"... OK (מלקחים)
[44.0%] #13190: "Jastrow, מֶלְקַחַת"... OK (מלקחת)
[44.0%] #13191: "Jastrow, מְלַקֵּט I"... OK (מלקט)
  [Saved progress: 13191 entries]
[44.0%] #13192: "Jastrow, מְלַקֵּט II"... duplicate
[44.0%] #13192: "Jastrow, מלקטי"... OK (מלקטי)
[44.0%] #13193: "Jastrow, מַלְקְטָא"... OK (מלקטא)
[44.0%] #13194: "Jastrow, מְלַקֶּטֶת"... OK (מלקטת)
[44.0%] #13195: "Jastrow, מַלְקְטָתָא"... OK (מלקטתא)
[44.0%] #13196: "Jastrow, מְלַקֵּיט"... OK (מלקיט)
[44.0%] #13197: "Jastrow, מלריון"... OK (מלריון)
[44.0%] #13198: "Jastrow, מִלְּרַע"... OK (מלרע)
[44.0%] #13199: "Jastrow, מַלְשִׁין"... OK (מלשין)
[44.0%] #13200: "Jastrow, מַלְשִׁינָא"... OK (מלשינא)
[44.0%] #13201: "Jastrow, מַלְשִׁינוּתָא"... OK (מלשינותא)
[44.0%] #13202: "Jastrow, מֶלֶת"... OK (מלת)
[44.0%] #13203: "Jastrow, מִלַּת"... duplicate
[44.0%] #13203: "Jastrow, מִלְּתָא"... OK (מלתא)
[44.0%] #13204: "Jastrow, מִלֵּתָא"... duplicate
[44.0%] #13204: "Jastrow, מְלָתָא"... duplicate
[44.0%] #13204: "Jastrow, מֶלְתָּחָה"... OK (מלתחה)
[44.0%] #13205: "Jastrow, מֵלְתִין"... OK (מלתין)
[44.0%] #13206: "Jastrow, מלתירה"... OK (מלתירה)
[44.0%] #13207: "Jastrow, מַלְתְּרָא"... OK (מלתרא)
[44.0%] #13208: "Jastrow, מ"ם"... OK (מם)
[44.0%] #13209: "Jastrow, מִמַּאי"... OK (ממאי)
[44.0%] #13210: "Jastrow, ממה"... OK (ממה)
[44.0%] #13211: "Jastrow, מִמָּה"... duplicate
[44.0%] #13211: "Jastrow, מְמוּכָן"... OK (ממוכן)
[44.0%] #13212: "Jastrow, מַמּוּלָּאֵי"... OK (ממולאי)
[44.0%] #13213: "Jastrow, מְמוֹמֵי"... OK (ממומי)
[44.0%] #13214: "Jastrow, מָמוֹן"... OK (ממון)
[44.0%] #13215: "Jastrow, מָמוֹן ²"... duplicate
[44.0%] #13215: "Jastrow, מְמוּנֶּה"... OK (ממונה)
[44.0%] #13216: "Jastrow, מְמוּשׁ"... OK (ממוש)
[44.1%] #13217: "Jastrow, מְמוֹתָא"... OK (ממותא)
[44.1%] #13218: "Jastrow, מֵמְזוּר"... OK (ממזור)
[44.1%] #13219: "Jastrow, מַמְזִיג"... OK (ממזיג)
[44.1%] #13220: "Jastrow, מַמְזֵיר־"... OK (ממזיר)
[44.1%] #13221: "Jastrow, מַמְזֵר"... OK (ממזר)
[44.1%] #13222: "Jastrow, מַמְזֵרָא"... OK (ממזרא)
[44.1%] #13223: "Jastrow, מַמְזֵרוּת"... OK (ממזרות)
[44.1%] #13224: "Jastrow, מַמְזֵרִי"... OK (ממזרי)
[44.1%] #13225: "Jastrow, ממזרית"... OK (ממזרית)
[44.1%] #13226: "Jastrow, מַמְזֶרֶת"... OK (ממזרת)
[44.1%] #13227: "Jastrow, מָמִיקְנָא"... OK (ממיקנא)
[44.1%] #13228: "Jastrow, מְמִיקְנוּתָא"... OK (ממיקנותא)
[44.1%] #13229: "Jastrow, מִמְכָּר"... OK (ממכר)
[44.1%] #13230: "Jastrow, ממכתא"... OK (ממכתא)
[44.1%] #13231: "Jastrow, מֶמֶל"... OK (ממל)
[44.1%] #13232: "Jastrow, מַמָּל"... duplicate
[44.1%] #13232: "Jastrow, מַמְלָא I"... OK (ממלא)
[44.1%] #13233: "Jastrow, מַמְלָא II"... duplicate
[44.1%] #13233: "Jastrow, מַמְלָל"... OK (ממלל)
[44.1%] #13234: "Jastrow, מִמְסָךְ"... OK (ממסך)
[44.1%] #13235: "Jastrow, מַמְצִיא"... OK (ממציא)
[44.1%] #13236: "Jastrow, מַמְצְיָיא"... OK (ממצייא)
[44.1%] #13237: "Jastrow, מָמִקְנָא"... OK (ממקנא)
[44.1%] #13238: "Jastrow, מִמְקָק"... OK (ממקק)
[44.1%] #13239: "Jastrow, מַמְרֵא I"... OK (ממרא)
[44.1%] #13240: "Jastrow, מַמְרֵא II"... duplicate
[44.1%] #13240: "Jastrow, מַמְרוּ"... OK (ממרו)
[44.1%] #13241: "Jastrow, מַמְרִיאָטִינוֹס"... OK (ממריאטינוס)
[44.1%] #13242: "Jastrow, מְמַרַע"... OK (ממרע)
[44.1%] #13243: "Jastrow, מַמָּשׁ"... OK (ממש)
[44.1%] #13244: "Jastrow, מַמָּשׁ ²"... duplicate
[44.1%] #13244: "Jastrow, מִמְשָׁל"... OK (ממשל)
[44.1%] #13245: "Jastrow, מֶמְשָׁלָה"... OK (ממשלה)
[44.1%] #13246: "Jastrow, מְמַשְׁמְשָׁנִית"... OK (ממשמשנית)
[44.2%] #13247: "Jastrow, מְמַת"... OK (ממת)
[44.2%] #13248: "Jastrow, ממתו"ס"... OK (ממתוס)
[44.2%] #13249: "Jastrow, מַמְתַּקִּים"... OK (ממתקים)
[44.2%] #13250: "Jastrow, מִן"... OK (מן)
[44.2%] #13251: "Jastrow, מִן ²"... duplicate
[44.2%] #13251: "Jastrow, מָן I"... duplicate
[44.2%] #13251: "Jastrow, מַן I"... duplicate
[44.2%] #13251: "Jastrow, מַן"... duplicate
[44.2%] #13251: "Jastrow, מָן III"... duplicate
[44.2%] #13251: "Jastrow, מְנָא I"... OK (מנא)
[44.2%] #13252: "Jastrow, מְנָא II"... duplicate
[44.2%] #13252: "Jastrow, מַנָּא"... duplicate
[44.2%] #13252: "Jastrow, מְנֵא"... duplicate
[44.2%] #13252: "Jastrow, מָנָא III"... duplicate
[44.2%] #13252: "Jastrow, מָנָא IV"... duplicate
[44.2%] #13252: "Jastrow, מנאין"... OK (מנאין)
[44.2%] #13253: "Jastrow, מְנָאן"... OK (מנאן)
[44.2%] #13254: "Jastrow, מָנְבָּז"... OK (מנבז)
[44.2%] #13255: "Jastrow, מַנְגְּדָנָא"... OK (מנגדנא)
[44.2%] #13256: "Jastrow, מנגטן"... OK (מנגטן)
[44.2%] #13257: "Jastrow, מנגיאות"... OK (מנגיאות)
[44.2%] #13258: "Jastrow, מַנְגָּנָא"... OK (מנגנא)
[44.2%] #13259: "Jastrow, מַנְגָּנוֹן"... OK (מנגנון)
[44.2%] #13260: "Jastrow, מִנְדָּה"... OK (מנדה)
[44.2%] #13261: "Jastrow, מַנְדּוּ"... OK (מנדו)
[44.2%] #13262: "Jastrow, מַנְדִּי"... OK (מנדי)
[44.2%] #13263: "Jastrow, מַנְדְּיָאן"... OK (מנדיאן)
[44.2%] #13264: "Jastrow, מַנְדִּין"... OK (מנדין)
[44.2%] #13265: "Jastrow, מנדמטין"... OK (מנדמטין)
[44.2%] #13266: "Jastrow, מַנְדַּע"... OK (מנדע)
[44.2%] #13267: "Jastrow, מַנְדָּעוּתָא"... OK (מנדעותא)
[44.2%] #13268: "Jastrow, מִנְדַּעַם"... OK (מנדעם)
[44.2%] #13269: "Jastrow, מַנְדַּעְתָּא"... OK (מנדעתא)
[44.2%] #13270: "Jastrow, מִנְדְּרוֹן"... OK (מנדרון)
[44.2%] #13271: "Jastrow, מנדרנא"... OK (מנדרנא)
  [Saved progress: 13271 entries]
[44.2%] #13272: "Jastrow, מָנֶה"... OK (מנה)
[44.2%] #13273: "Jastrow, מָנָה I"... duplicate
[44.2%] #13273: "Jastrow, מָנָה II"... duplicate
[44.2%] #13273: "Jastrow, מִנְהָג"... OK (מנהג)
[44.2%] #13274: "Jastrow, מִנְהָגָא"... OK (מנהגא)
[44.2%] #13275: "Jastrow, מַנְהוּמִי"... OK (מנהומי)
[44.3%] #13276: "Jastrow, מַנְהִיג"... OK (מנהיג)
[44.3%] #13277: "Jastrow, מְנָהַנֵּי"... OK (מנהני)
[44.3%] #13278: "Jastrow, מְנַהֲרָא"... OK (מנהרא)
[44.3%] #13279: "Jastrow, מְנַהֲרוּתָא"... OK (מנהרותא)
[44.3%] #13280: "Jastrow, מַנּוּ"... OK (מנו)
[44.3%] #13281: "Jastrow, מָנוֹבַיְיתָא"... OK (מנובייתא)
[44.3%] #13282: "Jastrow, מָנוֹד"... OK (מנוד)
[44.3%] #13283: "Jastrow, מנוולין"... OK (מנוולין)
[44.3%] #13284: "Jastrow, מְנַוַּולְתָּא"... OK (מנוולתא)
[44.3%] #13285: "Jastrow, מַנְוָותָא"... OK (מנוותא)
[44.3%] #13286: "Jastrow, מָנוֹחַ I"... OK (מנוח)
[44.3%] #13287: "Jastrow, מָנוֹחַ II"... duplicate
[44.3%] #13287: "Jastrow, מְנוּחָה"... OK (מנוחה)
[44.3%] #13288: "Jastrow, מִנּוּי"... OK (מנוי)
[44.3%] #13289: "Jastrow, מֹנוֹמָכוֹס"... OK (מנומכוס)
[44.3%] #13290: "Jastrow, מְנוּמָּר"... OK (מנומר)
[44.3%] #13291: "Jastrow, מָנוֹן"... OK (מנון)
[44.3%] #13292: "Jastrow, מַנּוֹנָא"... OK (מנונא)
[44.3%] #13293: "Jastrow, מָנוּנֵי"... OK (מנוני)
[44.3%] #13294: "Jastrow, מָנוֹס"... OK (מנוס)
[44.3%] #13295: "Jastrow, מְנוּסָה"... OK (מנוסה)
[44.3%] #13296: "Jastrow, מְנוֹרָה"... OK (מנורה)
[44.3%] #13297: "Jastrow, מנורי"... OK (מנורי)
[44.3%] #13298: "Jastrow, מַנְוָתָא"... OK (מנותא)
[44.3%] #13299: "Jastrow, מנזדנא"... OK (מנזדנא)
[44.3%] #13300: "Jastrow, מַנְזִחְנָא"... OK (מנזחנא)
[44.3%] #13301: "Jastrow, מַנְזִיקְנָא"... OK (מנזיקנא)
[44.3%] #13302: "Jastrow, מַנְזִירְנָא"... OK (מנזירנא)
[44.3%] #13303: "Jastrow, מְנָח"... OK (מנח)
[44.3%] #13304: "Jastrow, מִנְחָה"... OK (מנחה)
[44.3%] #13305: "Jastrow, מְנַחֵם"... OK (מנחם)
[44.4%] #13306: "Jastrow, מנחרותא"... OK (מנחרותא)
[44.4%] #13307: "Jastrow, מְנַחֵשׁ"... OK (מנחש)
[44.4%] #13308: "Jastrow, מְנַחֵשׁ ²"... duplicate
[44.4%] #13308: "Jastrow, מִנְחָתָא"... OK (מנחתא)
[44.4%] #13309: "Jastrow, מַנְטוּלִין"... OK (מנטולין)
[44.4%] #13310: "Jastrow, מִי׳ מִנְטַר"... OK (מימנטר)
[44.4%] #13311: "Jastrow, מנטרומין"... OK (מנטרומין)
[44.4%] #13312: "Jastrow, מִנִּי"... OK (מני)
[44.4%] #13313: "Jastrow, מָנַי"... duplicate
[44.4%] #13313: "Jastrow, מַנִּי"... duplicate
[44.4%] #13313: "Jastrow, מָנֵי"... duplicate
[44.4%] #13313: "Jastrow, מני"... duplicate
[44.4%] #13313: "Jastrow, מְנֵי"... duplicate
[44.4%] #13313: "Jastrow, מִנְיוֹמִי"... OK (מניומי)
[44.4%] #13314: "Jastrow, מִנְיוֹמִין"... OK (מניומין)
[44.4%] #13315: "Jastrow, מָנֵיט"... OK (מניט)
[44.4%] #13316: "Jastrow, מִנְיָימִין"... OK (מניימין)
[44.4%] #13317: "Jastrow, מִנַּיִין"... OK (מניין)
[44.4%] #13318: "Jastrow, מִנְיָין"... duplicate
[44.4%] #13318: "Jastrow, מָנְיָיק"... OK (מנייק)
[44.4%] #13319: "Jastrow, מניישא"... OK (מניישא)
[44.4%] #13320: "Jastrow, מָנִיכָא"... OK (מניכא)
[44.4%] #13321: "Jastrow, *מָנִיכָה"... OK (מניכה)
[44.4%] #13322: "Jastrow, מִנְיָמִין"... OK (מנימין)
[44.4%] #13323: "Jastrow, מִנַּיִן"... OK (מנין)
[44.4%] #13324: "Jastrow, מִנְיָן"... duplicate
[44.4%] #13324: "Jastrow, מִנְיַן"... duplicate
[44.4%] #13324: "Jastrow, מְנִיפָא"... OK (מניפא)
[44.4%] #13325: "Jastrow, מֵנִיקָה"... OK (מניקה)
[44.4%] #13326: "Jastrow, מנישא"... OK (מנישא)
[44.4%] #13327: "Jastrow, מִנִּית"... OK (מנית)
[44.4%] #13328: "Jastrow, מנכייה"... OK (מנכייה)
[44.4%] #13329: "Jastrow, מְנָלָן"... OK (מנלן)
[44.4%] #13330: "Jastrow, מנם"... OK (מנם)
[44.4%] #13331: "Jastrow, מנמנמי"... OK (מנמנמי)
[44.4%] #13332: "Jastrow, מְנָן"... OK (מנן)
[44.4%] #13333: "Jastrow, מִנַּסָּח"... OK (מנסח)
[44.4%] #13334: "Jastrow, מנסטאר"... OK (מנסטאר)
[44.4%] #13335: "Jastrow, מנסקי"... OK (מנסקי)
[44.5%] #13336: "Jastrow, מָנַע"... OK (מנע)
[44.5%] #13337: "Jastrow, מְנַע"... duplicate
[44.5%] #13337: "Jastrow, מַנְעוּל"... OK (מנעול)
[44.5%] #13338: "Jastrow, מִנְעוֹל"... duplicate
[44.5%] #13338: "Jastrow, מַנְעָל"... OK (מנעל)
[44.5%] #13339: "Jastrow, מְנָפָה"... OK (מנפה)
[44.5%] #13340: "Jastrow, מנפוח"... OK (מנפוח)
[44.5%] #13341: "Jastrow, מָנְפּוֹל"... OK (מנפול)
[44.5%] #13342: "Jastrow, מִנְפִּיס"... OK (מנפיס)
[44.5%] #13343: "Jastrow, מנפש"... OK (מנפש)
[44.5%] #13344: "Jastrow, מַנְצְפַ"ךְ"... OK (מנצפך)
[44.5%] #13345: "Jastrow, מנקדותא"... OK (מנקדותא)
[44.5%] #13346: "Jastrow, מנקט"... OK (מנקט)
[44.5%] #13347: "Jastrow, מְנַקְטָא"... OK (מנקטא)
[44.5%] #13348: "Jastrow, *מְנַקִּיּוֹת"... OK (מנקיות)
[44.5%] #13349: "Jastrow, מְנַקִּירוּתָא"... OK (מנקירותא)
[44.5%] #13350: "Jastrow, מֵנֶקֶת"... OK (מנקת)
[44.5%] #13351: "Jastrow, מְנָרְתָּא"... OK (מנרתא)
[44.5%] #13352: "Jastrow, מְנַשֶּׁה"... OK (מנשה)
[44.5%] #13353: "Jastrow, מְנַשְׁיָיא"... OK (מנשייא)
[44.5%] #13354: "Jastrow, מְנָת"... OK (מנת)
[44.5%] #13355: "Jastrow, מְנַת"... duplicate
[44.5%] #13355: "Jastrow, מַס I"... OK (מס)
[44.5%] #13356: "Jastrow, מַס II"... duplicate
  [Saved progress: 13355 entries]
[44.5%] #13356: "Jastrow, מִסָּא"... OK (מסא)
[44.5%] #13357: "Jastrow, מַסָּא I"... duplicate
[44.5%] #13357: "Jastrow, מַסָּא II"... duplicate
[44.5%] #13357: "Jastrow, מְסָא"... duplicate
[44.5%] #13357: "Jastrow, מְסָאָב"... OK (מסאב)
[44.5%] #13358: "Jastrow, מסאחייא"... OK (מסאחייא)
[44.5%] #13359: "Jastrow, מסאחתא"... OK (מסאחתא)
[44.5%] #13360: "Jastrow, מְסָאִיב"... OK (מסאיב)
[44.5%] #13361: "Jastrow, מְסָאנָא"... OK (מסאנא)
[44.5%] #13362: "Jastrow, מסאנא"... duplicate
[44.5%] #13362: "Jastrow, מַסָּאסָא"... OK (מסאסא)
[44.5%] #13363: "Jastrow, מְסַאר"... OK (מסאר)
[44.5%] #13364: "Jastrow, מְסָארָא"... OK (מסארא)
[44.5%] #13365: "Jastrow, מְסָאתָא"... OK (מסאתא)
[44.5%] #13366: "Jastrow, מִסַּב"... OK (מסב)
[44.6%] #13367: "Jastrow, מֵסֵב"... duplicate
[44.6%] #13367: "Jastrow, מְסִבָּה"... OK (מסבה)
[44.6%] #13368: "Jastrow, מְסִבְּתָא"... OK (מסבתא)
[44.6%] #13369: "Jastrow, *מַסְבֵּךְ"... OK (מסבך)
[44.6%] #13370: "Jastrow, מסבלי"... OK (מסבלי)
[44.6%] #13371: "Jastrow, מסבסלה"... OK (מסבסלה)
[44.6%] #13372: "Jastrow, מִסְגֵּי"... OK (מסגי)
[44.6%] #13373: "Jastrow, מַסְגֵּירָא"... OK (מסגירא)
[44.6%] #13374: "Jastrow, מַסְגָּן"... OK (מסגן)
[44.6%] #13375: "Jastrow, מַסְגֵּר"... OK (מסגר)
[44.6%] #13376: "Jastrow, מַסְגֵּרָא"... OK (מסגרא)
[44.6%] #13377: "Jastrow, מִסְגַּרְיָא"... OK (מסגריא)
[44.6%] #13378: "Jastrow, מִסְגֶּרֶת"... OK (מסגרת)
[44.6%] #13379: "Jastrow, מָסָה"... OK (מסה)
[44.6%] #13380: "Jastrow, מַסָּה"... duplicate
[44.6%] #13380: "Jastrow, מְסַהֲדָא"... OK (מסהדא)
[44.6%] #13381: "Jastrow, מְסוֹ"... OK (מסו)
[44.6%] #13382: "Jastrow, מסו"... duplicate
[44.6%] #13382: "Jastrow, מַסּוּאָה"... OK (מסואה)
[44.6%] #13383: "Jastrow, מְסוּבֶּה"... OK (מסובה)
[44.6%] #13384: "Jastrow, מְסוּבִיתָא"... OK (מסוביתא)
[44.6%] #13385: "Jastrow, מְסוּבְלָא"... OK (מסובלא)
[44.6%] #13386: "Jastrow, מסובריא"... OK (מסובריא)
[44.6%] #13387: "Jastrow, *מְסוּגִין"... OK (מסוגין)
[44.6%] #13388: "Jastrow, מַסְוֶה"... OK (מסוה)
[44.6%] #13389: "Jastrow, מַסְוִוין"... OK (מסווין)
[44.6%] #13390: "Jastrow, מְסוּטָּף"... OK (מסוטף)
[44.6%] #13391: "Jastrow, מַסּוֹי"... OK (מסוי)
[44.6%] #13392: "Jastrow, מסוך"... OK (מסוך)
[44.6%] #13393: "Jastrow, מְסוּכָּן"... OK (מסוכן)
[44.6%] #13394: "Jastrow, מְסוּכְסָךְ"... OK (מסוכסך)
[44.6%] #13395: "Jastrow, מְסוֹכְרָיָא"... OK (מסוכריא)
[44.6%] #13396: "Jastrow, מסוליא"... OK (מסוליא)
[44.7%] #13397: "Jastrow, מְסוּלְיָיס"... OK (מסולייס)
[44.7%] #13398: "Jastrow, מסומיס"... OK (מסומיס)
[44.7%] #13399: "Jastrow, מְסוּמָּר"... OK (מסומר)
[44.7%] #13400: "Jastrow, מָסוֹסָא"... OK (מסוסא)
[44.7%] #13401: "Jastrow, מְסוֹסְטוּלָא"... OK (מסוסטולא)
[44.7%] #13402: "Jastrow, מסוסלא"... OK (מסוסלא)
[44.7%] #13403: "Jastrow, מסופות"... OK (מסופות)
[44.7%] #13404: "Jastrow, מַסּוֹקָא"... OK (מסוקא)
[44.7%] #13405: "Jastrow, מַסּוֹקִיתָא"... OK (מסוקיתא)
[44.7%] #13406: "Jastrow, מְסוּקְתָא"... OK (מסוקתא)
[44.7%] #13407: "Jastrow, מָסוֹר"... OK (מסור)
[44.7%] #13408: "Jastrow, מסוריין"... OK (מסוריין)
[44.7%] #13409: "Jastrow, מַסּוֹרֶת"... OK (מסורת)
[44.7%] #13410: "Jastrow, מַסֹּורְתָּא"... OK (מסורתא)
[44.7%] #13411: "Jastrow, מסות"... OK (מסות)
[44.7%] #13412: "Jastrow, מְסוּתָא"... OK (מסותא)
[44.7%] #13413: "Jastrow, מְסָחָא"... OK (מסחא)
[44.7%] #13414: "Jastrow, מַסְחוּתָא"... OK (מסחותא)
[44.7%] #13415: "Jastrow, מַסְחֵיט"... OK (מסחיט)
[44.7%] #13416: "Jastrow, מסחייא"... OK (מסחייא)
[44.7%] #13417: "Jastrow, מסחפא"... OK (מסחפא)
[44.7%] #13418: "Jastrow, מְסַחֲרַיָּא"... OK (מסחריא)
[44.7%] #13419: "Jastrow, מִסְחֲתָא"... OK (מסחתא)
[44.7%] #13420: "Jastrow, מִסְטוֹבָא"... OK (מסטובא)
[44.7%] #13421: "Jastrow, מִסְטוֹבֵיתָא"... OK (מסטוביתא)
[44.7%] #13422: "Jastrow, מִסְטָוָוה"... OK (מסטווה)
[44.7%] #13423: "Jastrow, מסטונא"... OK (מסטונא)
[44.7%] #13424: "Jastrow, מִסְטוֹר"... OK (מסטור)
[44.7%] #13425: "Jastrow, מִסְטוּרִין"... OK (מסטורין)
[44.8%] #13426: "Jastrow, מַסְטֵי"... OK (מסטי)
[44.8%] #13427: "Jastrow, מַסְטֵידִין"... OK (מסטידין)
[44.8%] #13428: "Jastrow, מַסְטִיכִי"... OK (מסטיכי)
[44.8%] #13429: "Jastrow, מסטירים"... OK (מסטירים)
[44.8%] #13430: "Jastrow, מִסְטֵירִין"... OK (מסטירין)
[44.8%] #13431: "Jastrow, מִסְטר"... OK (מסטר)
[44.8%] #13432: "Jastrow, מִסְטְרִין"... OK (מסטרין)
[44.8%] #13433: "Jastrow, מִסְטְרִיקוֹן"... OK (מסטריקון)
[44.8%] #13434: "Jastrow, מסטרני"... OK (מסטרני)
[44.8%] #13435: "Jastrow, מסי"... OK (מסי)
[44.8%] #13436: "Jastrow, מְסֵי"... duplicate
[44.8%] #13436: "Jastrow, מַסֵּי"... duplicate
[44.8%] #13436: "Jastrow, מסיא"... OK (מסיא)
[44.8%] #13437: "Jastrow, מַסְּיָא"... duplicate
[44.8%] #13437: "Jastrow, מְסִיב"... OK (מסיב)
[44.8%] #13438: "Jastrow, מְסִיבָּה"... OK (מסיבה)
[44.8%] #13439: "Jastrow, מְסִיָּיה"... OK (מסייה)
[44.8%] #13440: "Jastrow, מסייפא"... OK (מסייפא)
[44.8%] #13441: "Jastrow, מסיך"... OK (מסיך)
[44.8%] #13442: "Jastrow, *מְסִיכָּה"... OK (מסיכה)
[44.8%] #13443: "Jastrow, מְסִילָּה"... OK (מסילה)
[44.8%] #13444: "Jastrow, מְסִימִיס"... OK (מסימיס)
[44.8%] #13445: "Jastrow, מסימס"... OK (מסימס)
  [Saved progress: 13445 entries]
[44.8%] #13446: "Jastrow, מְסִימְתָּא"... OK (מסימתא)
[44.8%] #13447: "Jastrow, מסיע"... OK (מסיע)
[44.8%] #13448: "Jastrow, מְסִיפָס"... OK (מסיפס)
[44.8%] #13449: "Jastrow, מָסִיק"... OK (מסיק)
[44.8%] #13450: "Jastrow, מַסֵּיק"... duplicate
[44.8%] #13450: "Jastrow, מַסִּיק I"... duplicate
[44.8%] #13450: "Jastrow, מַסִּיק II"... duplicate
[44.8%] #13450: "Jastrow, מַסִּיקָא"... OK (מסיקא)
[44.8%] #13451: "Jastrow, מְסִיקָה"... OK (מסיקה)
[44.8%] #13452: "Jastrow, מַסִּיקְיָין"... OK (מסיקיין)
[44.8%] #13453: "Jastrow, מְסִירָה"... OK (מסירה)
[44.8%] #13454: "Jastrow, מְסִירִין"... OK (מסירין)
[44.8%] #13455: "Jastrow, מֵסִית"... OK (מסית)
[44.9%] #13456: "Jastrow, מֵסֵית"... duplicate
[44.9%] #13456: "Jastrow, מָסַךְ I"... OK (מסך)
[44.9%] #13457: "Jastrow, מָסַךְ II"... duplicate
[44.9%] #13457: "Jastrow, מֶסֶךְ"... duplicate
[44.9%] #13457: "Jastrow, מָסָךְ"... duplicate
[44.9%] #13457: "Jastrow, מִסְכָא"... OK (מסכא)
[44.9%] #13458: "Jastrow, מַסֵּכָה I"... OK (מסכה)
[44.9%] #13459: "Jastrow, מַסֵּכָה II"... duplicate
[44.9%] #13459: "Jastrow, *מַסֵּכָה III"... duplicate
[44.9%] #13459: "Jastrow, מִסְכֵּין"... OK (מסכין)
[44.9%] #13460: "Jastrow, *מִסְכָּן"... OK (מסכן)
[44.9%] #13461: "Jastrow, מִסְכֵּן I"... duplicate
[44.9%] #13461: "Jastrow, מִסְכֵּן II"... duplicate
[44.9%] #13461: "Jastrow, מִסְכֵּן"... duplicate
[44.9%] #13461: "Jastrow, מַסְכֵּן"... duplicate
[44.9%] #13461: "Jastrow, מִסְכֵּנוּ"... OK (מסכנו)
[44.9%] #13462: "Jastrow, מַסְכְּנוּתָא"... OK (מסכנותא)
[44.9%] #13463: "Jastrow, מְסַכְסֶכֶת"... OK (מסכסכת)
[44.9%] #13464: "Jastrow, מַסֶּכֶת"... OK (מסכת)
[44.9%] #13465: "Jastrow, מַסֶּכְתָּא"... OK (מסכתא)
[44.9%] #13466: "Jastrow, מְסִלָּה"... OK (מסלה)
[44.9%] #13467: "Jastrow, מְסַלְיָא"... OK (מסליא)
[44.9%] #13468: "Jastrow, מְסַלְסְלָה"... OK (מסלסלה)
[44.9%] #13469: "Jastrow, מְסַמָּא"... OK (מסמא)
[44.9%] #13470: "Jastrow, מסמים"... OK (מסמים)
[44.9%] #13471: "Jastrow, מִסְמֵס I"... OK (מסמס)
[44.9%] #13472: "Jastrow, מַסְמֵס"... duplicate
[44.9%] #13472: "Jastrow, מִסְמֵס II"... duplicate
[44.9%] #13472: "Jastrow, מַסְמֵס ²"... duplicate
[44.9%] #13472: "Jastrow, מִסְמֵס III"... duplicate
[44.9%] #13472: "Jastrow, מַסְמָסָה"... OK (מסמסה)
[44.9%] #13473: "Jastrow, מסמסתא"... OK (מסמסתא)
[44.9%] #13474: "Jastrow, מַסְמָר"... OK (מסמר)
[44.9%] #13475: "Jastrow, מַסְמָר ²"... duplicate
[44.9%] #13475: "Jastrow, מַסְמֶרֶת"... OK (מסמרת)
[44.9%] #13476: "Jastrow, מְסַמְתָּא"... OK (מסמתא)
[44.9%] #13477: "Jastrow, מְסַן"... OK (מסן)
[44.9%] #13478: "Jastrow, מַסְנָא"... OK (מסנא)
[44.9%] #13479: "Jastrow, מַסְנָנָא"... OK (מסננא)
[44.9%] #13480: "Jastrow, מְסַנֶּנֶת"... OK (מסננת)
[44.9%] #13481: "Jastrow, מְסַנְתָּא"... OK (מסנתא)
[44.9%] #13482: "Jastrow, מָסַס"... OK (מסס)
[44.9%] #13483: "Jastrow, מְסַס"... duplicate
[44.9%] #13483: "Jastrow, מָסָס"... duplicate
[44.9%] #13483: "Jastrow, מַסָּסָא"... OK (מססא)
[44.9%] #13484: "Jastrow, מססטולא"... OK (מססטולא)
[44.9%] #13485: "Jastrow, מַסָּע"... OK (מסע)
[45.0%] #13486: "Jastrow, מְסָעֵד"... OK (מסעד)
[45.0%] #13487: "Jastrow, מסעיות"... OK (מסעיות)
[45.0%] #13488: "Jastrow, מִסְפֵּד"... OK (מספד)
[45.0%] #13489: "Jastrow, מִסְפַּד"... duplicate
[45.0%] #13489: "Jastrow, מספוטמיא"... OK (מספוטמיא)
[45.0%] #13490: "Jastrow, מִסְפּוֹרֶת"... OK (מספורת)
[45.0%] #13491: "Jastrow, מִסְפְּיָיא"... OK (מספייא)
[45.0%] #13492: "Jastrow, מִסְפְּק"... OK (מספק)
[45.0%] #13493: "Jastrow, מְסַפְּקָא"... OK (מספקא)
[45.0%] #13494: "Jastrow, מִסְפָּר"... OK (מספר)
[45.0%] #13495: "Jastrow, מַסְפָּר"... duplicate
[45.0%] #13495: "Jastrow, מַסְפָּרַיִים"... OK (מספריים)
[45.0%] #13496: "Jastrow, מִסְפֶּרֶת"... OK (מספרת)
[45.0%] #13497: "Jastrow, מַסְפַּרְתָּא"... OK (מספרתא)
[45.0%] #13498: "Jastrow, מָסַק"... OK (מסק)
[45.0%] #13499: "Jastrow, מַסָּק"... duplicate
[45.0%] #13499: "Jastrow, מַסָּקָא"... OK (מסקא)
[45.0%] #13500: "Jastrow, מַסְקָאנָא"... OK (מסקאנא)
[45.0%] #13501: "Jastrow, מסקום"... OK (מסקום)
[45.0%] #13502: "Jastrow, מַסְקָנָא"... OK (מסקנא)
[45.0%] #13503: "Jastrow, מַסִּקְיָין"... OK (מסקיין)
[45.0%] #13504: "Jastrow, מַסְקָתָא"... OK (מסקתא)
[45.0%] #13505: "Jastrow, מָסַר"... OK (מסר)
[45.0%] #13506: "Jastrow, מְסַר"... duplicate
[45.0%] #13506: "Jastrow, מְסַר II"... duplicate
[45.0%] #13506: "Jastrow, מַסָּר"... duplicate
[45.0%] #13506: "Jastrow, מְסָרָא"... OK (מסרא)
[45.0%] #13507: "Jastrow, מְסָרְבָא"... OK (מסרבא)
[45.0%] #13508: "Jastrow, מְסַרְבַּיי"... OK (מסרביי)
[45.0%] #13509: "Jastrow, מְסַרְבָּן"... OK (מסרבן)
[45.0%] #13510: "Jastrow, מסרדי"... OK (מסרדי)
[45.0%] #13511: "Jastrow, מְסַרְהֲבָא"... OK (מסרהבא)
[45.0%] #13512: "Jastrow, מְסַרְהֲבָאִית"... OK (מסרהבאית)
[45.0%] #13513: "Jastrow, מְסַרְהֲבָן"... OK (מסרהבן)
[45.0%] #13514: "Jastrow, מְסַרְהוֹבִין"... OK (מסרהובין)
[45.0%] #13515: "Jastrow, מְסַרְהֲוָון"... OK (מסרהוון)
[45.1%] #13516: "Jastrow, מסרוכי"... OK (מסרוכי)
[45.1%] #13517: "Jastrow, מסרולה"... OK (מסרולה)
[45.1%] #13518: "Jastrow, מַסְרוֹק"... OK (מסרוק)
[45.1%] #13519: "Jastrow, מַסְרוֹקָה"... OK (מסרוקה)
  [Saved progress: 13519 entries]
[45.1%] #13520: "Jastrow, מַסְרִיךְ"... OK (מסריך)
[45.1%] #13521: "Jastrow, מַסְרֵיקָא"... OK (מסריקא)
[45.1%] #13522: "Jastrow, מַסְרֵיתָא"... OK (מסריתא)
[45.1%] #13523: "Jastrow, מַסְרֵךְ"... OK (מסרך)
[45.1%] #13524: "Jastrow, מַסְרֵק"... OK (מסרק)
[45.1%] #13525: "Jastrow, מַסְרֵקָא"... OK (מסרקא)
[45.1%] #13526: "Jastrow, מַסְרֵת"... OK (מסרת)
[45.1%] #13527: "Jastrow, מַסְרֵתָא"... OK (מסרתא)
[45.1%] #13528: "Jastrow, מְסַרְתָּא"... duplicate
[45.1%] #13528: "Jastrow, מִסַּת"... OK (מסת)
[45.1%] #13529: "Jastrow, מִסְּתָא"... OK (מסתא)
[45.1%] #13530: "Jastrow, מִסְתּוּ"... OK (מסתו)
[45.1%] #13531: "Jastrow, מִסְתּוֹר"... OK (מסתור)
[45.1%] #13532: "Jastrow, מִסְתּוֹרִין"... OK (מסתורין)
[45.1%] #13533: "Jastrow, מִסְתּוֹרִיתָא"... OK (מסתוריתא)
[45.1%] #13534: "Jastrow, מִסְתְּיָא"... OK (מסתיא)
[45.1%] #13535: "Jastrow, מסתירין"... OK (מסתירין)
[45.1%] #13536: "Jastrow, מְסַתְּמָתָא"... OK (מסתמתא)
[45.1%] #13537: "Jastrow, מִסְתָּר"... OK (מסתר)
[45.1%] #13538: "Jastrow, מִסְתְּרָא"... OK (מסתרא)
[45.1%] #13539: "Jastrow, מְעָא I"... OK (מעא)
[45.1%] #13540: "Jastrow, מְעָא II"... duplicate
[45.1%] #13540: "Jastrow, מַעְבָּדָא"... OK (מעבדא)
[45.1%] #13541: "Jastrow, מְעַבְּדָא"... duplicate
[45.1%] #13541: "Jastrow, מַעַבְדָּנָא"... OK (מעבדנא)
[45.1%] #13542: "Jastrow, מַעְבְּדָנוּתָא"... OK (מעבדנותא)
[45.1%] #13543: "Jastrow, מְעֻבֶּה"... OK (מעבה)
[45.1%] #13544: "Jastrow, מַעֲבוּרָא"... OK (מעבורא)
[45.1%] #13545: "Jastrow, מַעְבּוֹרֶת"... OK (מעבורת)
[45.1%] #13546: "Jastrow, מַעְבֵּט"... OK (מעבט)
[45.2%] #13547: "Jastrow, מעביות"... OK (מעביות)
[45.2%] #13548: "Jastrow, מַעְבָּר"... OK (מעבר)
[45.2%] #13549: "Jastrow, מַעַבְרָא"... OK (מעברא)
[45.2%] #13550: "Jastrow, מַעְבְּרָא"... duplicate
[45.2%] #13550: "Jastrow, מַעְבָּרָה"... OK (מעברה)
[45.2%] #13551: "Jastrow, מַעְבַּרְתָּא"... OK (מעברתא)
[45.2%] #13552: "Jastrow, מַעֲגִיל"... OK (מעגיל)
[45.2%] #13553: "Jastrow, מַעֲגִילָה"... OK (מעגילה)
[45.2%] #13554: "Jastrow, מַעֲגָל"... OK (מעגל)
[45.2%] #13555: "Jastrow, מַעֲגָלָה"... OK (מעגלה)
[45.2%] #13556: "Jastrow, מְעַדְיָא"... OK (מעדיא)
[45.2%] #13557: "Jastrow, מַעְדֵּיר"... OK (מעדיר)
[45.2%] #13558: "Jastrow, מַעֲדֵן I"... OK (מעדן)
[45.2%] #13559: "Jastrow, מַעֲדֵן II"... duplicate
[45.2%] #13559: "Jastrow, מַעְדֵּר"... OK (מעדר)
[45.2%] #13560: "Jastrow, מַעְדֵּר ²"... duplicate
[45.2%] #13560: "Jastrow, מְעָה"... OK (מעה)
[45.2%] #13561: "Jastrow, מֵעֶה"... duplicate
[45.2%] #13561: "Jastrow, מְעַוְאַי"... OK (מעואי)
[45.2%] #13562: "Jastrow, מְעוּבֶּה"... OK (מעובה)
[45.2%] #13563: "Jastrow, מָעוּט"... OK (מעוט)
[45.2%] #13564: "Jastrow, מִעוּט"... duplicate
[45.2%] #13564: "Jastrow, מַעוּטֵי"... OK (מעוטי)
[45.2%] #13565: "Jastrow, מְעוּטָן"... OK (מעוטן)
[45.2%] #13566: "Jastrow, מְעַוֵּי"... OK (מעוי)
[45.2%] #13567: "Jastrow, *מְעוּיָּין"... OK (מעויין)
[45.2%] #13568: "Jastrow, מָעוֹכַיָּא"... OK (מעוכיא)
[45.2%] #13569: "Jastrow, מְעוּלֶה"... OK (מעולה)
[45.2%] #13570: "Jastrow, מְעוּמָּד"... OK (מעומד)
[45.2%] #13571: "Jastrow, מָעוֹן I"... OK (מעון)
[45.2%] #13572: "Jastrow, מָעוֹן II"... duplicate
[45.2%] #13572: "Jastrow, מְעוֹנָאָה"... OK (מעונאה)
[45.2%] #13573: "Jastrow, מְעוֹנִי"... OK (מעוני)
[45.2%] #13574: "Jastrow, מְעוֹנָיָא"... OK (מעוניא)
[45.2%] #13575: "Jastrow, מְעוֹנִים"... OK (מעונים)
[45.3%] #13576: "Jastrow, מְעוֹנֵין"... OK (מעונין)
[45.3%] #13577: "Jastrow, מעוסה"... OK (מעוסה)
[45.3%] #13578: "Jastrow, מעופרת"... OK (מעופרת)
[45.3%] #13579: "Jastrow, מְעוֹרָב"... OK (מעורב)
[45.3%] #13580: "Jastrow, מֵעַזֵּי"... OK (מעזי)
[45.3%] #13581: "Jastrow, מַעֲזִיבָה"... OK (מעזיבה)
[45.3%] #13582: "Jastrow, מַעֲזֵילָא"... OK (מעזילא)
[45.3%] #13583: "Jastrow, מָעְזְלָא"... OK (מעזלא)
[45.3%] #13584: "Jastrow, מָעַט"... OK (מעט)
[45.3%] #13585: "Jastrow, מְעַט I"... duplicate
[45.3%] #13585: "Jastrow, מְעַט II"... duplicate
[45.3%] #13585: "Jastrow, מַעֲטֵן"... OK (מעטן)
[45.3%] #13586: "Jastrow, מַעֲטֵנָא"... OK (מעטנא)
[45.3%] #13587: "Jastrow, מַעֲטֶפֶת"... OK (מעטפת)
[45.3%] #13588: "Jastrow, מְעִי"... OK (מעי)
[45.3%] #13589: "Jastrow, מֵעִיזֵּי"... OK (מעיזי)
[45.3%] #13590: "Jastrow, מְעַיְּילָא"... OK (מעיילא)
[45.3%] #13591: "Jastrow, מֵעַיִים"... OK (מעיים)
[45.3%] #13592: "Jastrow, מַעְיָין"... OK (מעיין)
[45.3%] #13593: "Jastrow, מָעֵיל"... OK (מעיל)
[45.3%] #13594: "Jastrow, מְעִיל"... duplicate
[45.3%] #13594: "Jastrow, מְעִיל ²"... duplicate
[45.3%] #13594: "Jastrow, מְעִילָה"... OK (מעילה)
[45.3%] #13595: "Jastrow, מֵעַיִם"... OK (מעים)
[45.3%] #13596: "Jastrow, מָעִין"... OK (מעין)
[45.3%] #13597: "Jastrow, מֵעֵין"... duplicate
[45.3%] #13597: "Jastrow, מַעְיָן"... duplicate
[45.3%] #13597: "Jastrow, מַעְיָינָא מַעְיָנָא"... OK (מעיינאמעינא)
[45.3%] #13598: "Jastrow, מְעִיסָה"... OK (מעיסה)
[45.3%] #13599: "Jastrow, מָעֵיק"... OK (מעיק)
[45.3%] #13600: "Jastrow, מְעִיקָא I"... OK (מעיקא)
[45.3%] #13601: "Jastrow, מְעִיקָא II"... duplicate
[45.3%] #13601: "Jastrow, מָעַךְ"... OK (מעך)
[45.3%] #13602: "Jastrow, מְעַךְ"... duplicate
[45.3%] #13602: "Jastrow, מֵעַל"... OK (מעל)
  [Saved progress: 13602 entries]
[45.3%] #13603: "Jastrow, מַעַל"... duplicate
[45.3%] #13603: "Jastrow, מָעַל"... duplicate
[45.3%] #13603: "Jastrow, מְעַל"... duplicate
[45.3%] #13603: "Jastrow, מֵעֲלָא"... OK (מעלא)
[45.3%] #13604: "Jastrow, מַעֲלֶה I"... OK (מעלה)
[45.3%] #13605: "Jastrow, מַעֲלֶה II"... duplicate
[45.3%] #13605: "Jastrow, מַעֲלָה"... duplicate
[45.3%] #13605: "Jastrow, מַעֲלוּ"... OK (מעלו)
[45.4%] #13606: "Jastrow, מֵעֲלֵי"... OK (מעלי)
[45.4%] #13607: "Jastrow, מַעֲלֵי"... duplicate
[45.4%] #13607: "Jastrow, מַעַלְיָא"... OK (מעליא)
[45.4%] #13608: "Jastrow, מַעַלְיוּתָא"... OK (מעליותא)
[45.4%] #13609: "Jastrow, מַעֲלָל"... OK (מעלל)
[45.4%] #13610: "Jastrow, מַעֲלָלָא"... OK (מעללא)
[45.4%] #13611: "Jastrow, מַעֲלָן"... OK (מעלן)
[45.4%] #13612: "Jastrow, מַעֲלָנָא"... OK (מעלנא)
[45.4%] #13613: "Jastrow, מְעַלְעֲלָא"... OK (מעלעלא)
[45.4%] #13614: "Jastrow, מַעֲלַת"... OK (מעלת)
[45.4%] #13615: "Jastrow, מְעַלָּתָא"... OK (מעלתא)
[45.4%] #13616: "Jastrow, מַעֲמָד"... OK (מעמד)
[45.4%] #13617: "Jastrow, מַעֲמִיד"... OK (מעמיד)
[45.4%] #13618: "Jastrow, מַעֲמַקִּים"... OK (מעמקים)
[45.4%] #13619: "Jastrow, מען"... OK (מען)
[45.4%] #13620: "Jastrow, מַעֲנֶה"... OK (מענה)
[45.4%] #13621: "Jastrow, מַעֲנָה"... duplicate
[45.4%] #13621: "Jastrow, מְעָנֵין"... OK (מענין)
[45.4%] #13622: "Jastrow, מַעַסְרָא"... OK (מעסרא)
[45.4%] #13623: "Jastrow, מַעֲפוֹרָא"... OK (מעפורא)
[45.4%] #13624: "Jastrow, מַעֲפוֹרֶת"... OK (מעפורת)
[45.4%] #13625: "Jastrow, מְעַפֵּר"... OK (מעפר)
[45.4%] #13626: "Jastrow, מַעֲפָרָא"... OK (מעפרא)
[45.4%] #13627: "Jastrow, מעפריא"... OK (מעפריא)
[45.4%] #13628: "Jastrow, מַעֲפֶרֶת"... OK (מעפרת)
[45.4%] #13629: "Jastrow, מַעֲפַרְתָּא"... OK (מעפרתא)
[45.4%] #13630: "Jastrow, מעפרתים"... OK (מעפרתים)
[45.4%] #13631: "Jastrow, מַעֲצָד"... OK (מעצד)
[45.4%] #13632: "Jastrow, מַעְצְרָא"... OK (מעצרא)
[45.4%] #13633: "Jastrow, מַעְצַרְתָּא"... OK (מעצרתא)
[45.4%] #13634: "Jastrow, מַעֲצַרְתָּא II"... duplicate
[45.4%] #13634: "Jastrow, מְעַק"... OK (מעק)
[45.4%] #13635: "Jastrow, מַעֲקֶה"... OK (מעקה)
[45.5%] #13636: "Jastrow, *מַעְקוּצִי"... OK (מעקוצי)
[45.5%] #13637: "Jastrow, מְעָקָתָא"... OK (מעקתא)
[45.5%] #13638: "Jastrow, מַעֲרָב"... OK (מערב)
[45.5%] #13639: "Jastrow, מַעֲרָבָא"... OK (מערבא)
[45.5%] #13640: "Jastrow, מַעַרְבָאָה"... OK (מערבאה)
[45.5%] #13641: "Jastrow, מְעַרְבָּבַיָּא"... OK (מערבביא)
[45.5%] #13642: "Jastrow, מַעֲרָבִי"... OK (מערבי)
[45.5%] #13643: "Jastrow, מְעַרְבְּלָא"... OK (מערבלא)
[45.5%] #13644: "Jastrow, מְעָרָה"... OK (מערה)
[45.5%] #13645: "Jastrow, מערובה"... OK (מערובה)
[45.5%] #13646: "Jastrow, מַעֲרוֹךְ"... OK (מערוך)
[45.5%] #13647: "Jastrow, *מַעֲרוֹכָה"... OK (מערוכה)
[45.5%] #13648: "Jastrow, מַעֲרוֹקָא"... OK (מערוקא)
[45.5%] #13649: "Jastrow, מַעֲרִיב"... OK (מעריב)
[45.5%] #13650: "Jastrow, מַעֲרָכָה"... OK (מערכה)
[45.5%] #13651: "Jastrow, מערכים"... OK (מערכים)
[45.5%] #13652: "Jastrow, מַעַרְכִים"... duplicate
[45.5%] #13652: "Jastrow, מְעָרְעָא"... OK (מערעא)
[45.5%] #13653: "Jastrow, מֶעֶרְקָא"... OK (מערקא)
[45.5%] #13654: "Jastrow, מְעַרְקָא"... duplicate
[45.5%] #13654: "Jastrow, מְעַרְתָּא"... OK (מערתא)
[45.5%] #13655: "Jastrow, מַעֲשֶׂה"... OK (מעשה)
[45.5%] #13656: "Jastrow, מַעְשְׁנָא"... OK (מעשנא)
[45.5%] #13657: "Jastrow, מַעֲשֵׂר"... OK (מעשר)
[45.5%] #13658: "Jastrow, מַעְשְׂרָא"... OK (מעשרא)
[45.5%] #13659: "Jastrow, מַעְשַׂרְתָּא"... OK (מעשרתא)
[45.5%] #13660: "Jastrow, מְפִבשֶׁת"... OK (מפבשת)
[45.5%] #13661: "Jastrow, מַפְגִּיעַ"... OK (מפגיע)
[45.5%] #13662: "Jastrow, מְפַגְרוּתָא"... OK (מפגרותא)
[45.5%] #13663: "Jastrow, מפדוני"... OK (מפדוני)
[45.5%] #13664: "Jastrow, מַפָּה"... OK (מפה)
[45.5%] #13665: "Jastrow, מַפּוּחַ"... OK (מפוח)
[45.6%] #13666: "Jastrow, מַפּוּחָא"... OK (מפוחא)
[45.6%] #13667: "Jastrow, מְפוּלָּם"... OK (מפולם)
[45.6%] #13668: "Jastrow, מְפוּלָּשׁ"... OK (מפולש)
[45.6%] #13669: "Jastrow, מַפּוֹלֶת"... OK (מפולת)
[45.6%] #13670: "Jastrow, *מְפוּקִים"... OK (מפוקים)
[45.6%] #13671: "Jastrow, מַפְזִחְנָא"... OK (מפזחנא)
[45.6%] #13672: "Jastrow, מַפָּח"... OK (מפח)
[45.6%] #13673: "Jastrow, מַפָּחָא"... OK (מפחא)
[45.6%] #13674: "Jastrow, מפחזנא"... OK (מפחזנא)
[45.6%] #13675: "Jastrow, מַפְּחַן"... OK (מפחן)
[45.6%] #13676: "Jastrow, מפטילון"... OK (מפטילון)
[45.6%] #13677: "Jastrow, מַפְטִיר"... OK (מפטיר)
[45.6%] #13678: "Jastrow, מִפְטָרָא"... OK (מפטרא)
[45.6%] #13679: "Jastrow, מִפְטְרָא"... duplicate
[45.6%] #13679: "Jastrow, מְפִיבֹשֶׁת"... OK (מפיבשת)
[45.6%] #13680: "Jastrow, מפיחנא"... OK (מפיחנא)
[45.6%] #13681: "Jastrow, מָפֵיס"... OK (מפיס)
[45.6%] #13682: "Jastrow, מֵפִיס"... duplicate
[45.6%] #13682: "Jastrow, מְפִיקִים"... OK (מפיקים)
[45.6%] #13683: "Jastrow, מפיריא"... OK (מפיריא)
[45.6%] #13684: "Jastrow, מֵפַךְ"... OK (מפך)
[45.6%] #13685: "Jastrow, מַפָּלָה"... OK (מפלה)
[45.6%] #13686: "Jastrow, מִפְלֶצֶת"... OK (מפלצת)
[45.6%] #13687: "Jastrow, מַפֹּלֶת"... OK (מפלת)
[45.6%] #13688: "Jastrow, מַפַּלְתָּא"... OK (מפלתא)
[45.6%] #13689: "Jastrow, מָפְנֶה"... OK (מפנה)
[45.6%] #13690: "Jastrow, מִפְּנֵי"... OK (מפני)
  [Saved progress: 13690 entries]
[45.6%] #13691: "Jastrow, מִפְנֵי"... duplicate
[45.6%] #13691: "Jastrow, מְפַנַּק"... OK (מפנק)
[45.6%] #13692: "Jastrow, מְפַנְּקָא"... OK (מפנקא)
[45.6%] #13693: "Jastrow, מְפַנְקוּ"... OK (מפנקו)
[45.6%] #13694: "Jastrow, מְפַנַּקְתָּא"... OK (מפנקתא)
[45.6%] #13695: "Jastrow, מָפֵס"... OK (מפס)
[45.6%] #13696: "Jastrow, מִפְסוֹלַת"... OK (מפסולת)
[45.7%] #13697: "Jastrow, מִפְסוֹעִיתָא"... OK (מפסועיתא)
[45.7%] #13698: "Jastrow, מפסלית"... OK (מפסלית)
[45.7%] #13699: "Jastrow, מְפַסֶּלֶת"... OK (מפסלת)
[45.7%] #13700: "Jastrow, מִפְסַלְתָּא"... OK (מפסלתא)
[45.7%] #13701: "Jastrow, מֶפֶץ"... OK (מפץ)
[45.7%] #13702: "Jastrow, מַפְצָא"... OK (מפצא)
[45.7%] #13703: "Jastrow, מְפַצֶּלֶּת"... OK (מפצלת)
[45.7%] #13704: "Jastrow, מִפְקָא"... OK (מפקא)
[45.7%] #13705: "Jastrow, מַפְקָנָא"... OK (מפקנא)
[45.7%] #13706: "Jastrow, מַפְקָנוּתָא"... OK (מפקנותא)
[45.7%] #13707: "Jastrow, מַפַּקְתָּא"... OK (מפקתא)
[45.7%] #13708: "Jastrow, מפרוכה"... OK (מפרוכה)
[45.7%] #13709: "Jastrow, מִפְרוֹנָא"... OK (מפרונא)
[45.7%] #13710: "Jastrow, מַפְרַחְיָיתָא"... OK (מפרחייתא)
[45.7%] #13711: "Jastrow, מַפְרֵיכָה"... OK (מפריכה)
[45.7%] #13712: "Jastrow, מִפְרִיעַ"... OK (מפריע)
[45.7%] #13713: "Jastrow, מִפְרָנָא"... OK (מפרנא)
[45.7%] #13714: "Jastrow, מְפַרְנַק"... OK (מפרנק)
[45.7%] #13715: "Jastrow, מִפְרֵעַ"... OK (מפרע)
[45.7%] #13716: "Jastrow, מַפְרַעְתָּא"... OK (מפרעתא)
[45.7%] #13717: "Jastrow, מִפְרֵק"... OK (מפרק)
[45.7%] #13718: "Jastrow, מִפְרֶקֶת"... OK (מפרקת)
[45.7%] #13719: "Jastrow, מְפָרֵשׁ"... OK (מפרש)
[45.7%] #13720: "Jastrow, מַפְשׁוּטִיתָא"... OK (מפשוטיתא)
[45.7%] #13721: "Jastrow, מִפְתָּח"... OK (מפתח)
[45.7%] #13722: "Jastrow, מִפְתַּח"... duplicate
[45.7%] #13722: "Jastrow, מְפַתֵּחַ"... duplicate
[45.7%] #13722: "Jastrow, מַפְתֵּחַ"... duplicate
[45.7%] #13722: "Jastrow, מַפְתְּחָא"... OK (מפתחא)
[45.7%] #13723: "Jastrow, מִפְתָּן"... OK (מפתן)
[45.7%] #13724: "Jastrow, מֹץ"... OK (מץ)
[45.7%] #13725: "Jastrow, מָצָא"... OK (מצא)
[45.8%] #13726: "Jastrow, מַצָּבָא"... OK (מצבא)
[45.8%] #13727: "Jastrow, מַצָּבָה"... OK (מצבה)
[45.8%] #13728: "Jastrow, מַצֵּבָה"... duplicate
[45.8%] #13728: "Jastrow, מְצָבְיָיתָא"... OK (מצבייתא)
[45.8%] #13729: "Jastrow, מְצָד"... OK (מצד)
[45.8%] #13730: "Jastrow, מְצָדָא I"... OK (מצדא)
[45.8%] #13731: "Jastrow, מְצָדָא II"... duplicate
[45.8%] #13731: "Jastrow, מְצַדְתָּא"... OK (מצדתא)
[45.8%] #13732: "Jastrow, מָצָה"... OK (מצה)
[45.8%] #13733: "Jastrow, מַצָּה"... duplicate
[45.8%] #13733: "Jastrow, מֻצְהָב"... OK (מצהב)
[45.8%] #13734: "Jastrow, מַצּוּ"... OK (מצו)
[45.8%] #13735: "Jastrow, מְצוֹבָה"... OK (מצובה)
[45.8%] #13736: "Jastrow, מְצוּבָה"... duplicate
[45.8%] #13736: "Jastrow, מְצוֹבִיתָא"... OK (מצוביתא)
[45.8%] #13737: "Jastrow, מְצוֹבֶת"... OK (מצובת)
[45.8%] #13738: "Jastrow, מְצוֹגָא"... OK (מצוגא)
[45.8%] #13739: "Jastrow, מְצוֹדָא"... OK (מצודא)
[45.8%] #13740: "Jastrow, מְצוּדָה"... OK (מצודה)
[45.8%] #13741: "Jastrow, מצודניות"... OK (מצודניות)
[45.8%] #13742: "Jastrow, מְצוּדְתָּא"... OK (מצודתא)
[45.8%] #13743: "Jastrow, מִצְוָה"... OK (מצוה)
[45.8%] #13744: "Jastrow, מִצְוָה ²"... duplicate
[45.8%] #13744: "Jastrow, מִצּוּי"... OK (מצוי)
[45.8%] #13745: "Jastrow, מָצוּי"... duplicate
[45.8%] #13745: "Jastrow, *מַצּוּיָינָא"... OK (מצויינא)
[45.8%] #13746: "Jastrow, מְצוּלָה I"... OK (מצולה)
[45.8%] #13747: "Jastrow, מְצוּלָה II"... duplicate
[45.8%] #13747: "Jastrow, מְצוּלְתָּא"... OK (מצולתא)
[45.8%] #13748: "Jastrow, מִצּוּעַ"... OK (מצוע)
[45.8%] #13749: "Jastrow, מְצוֹפוֹת"... OK (מצופות)
[45.8%] #13750: "Jastrow, מְצוּפִּית"... OK (מצופית)
[45.8%] #13751: "Jastrow, מְצַוְצָא"... OK (מצוצא)
[45.8%] #13752: "Jastrow, מְצוּקִים"... OK (מצוקים)
[45.8%] #13753: "Jastrow, מְצוֹרָע"... OK (מצורע)
[45.8%] #13754: "Jastrow, מְצוֹרָעָא"... OK (מצורעא)
[45.8%] #13755: "Jastrow, מַצּוּת"... OK (מצות)
[45.9%] #13756: "Jastrow, מַצּוּתָא"... OK (מצותא)
[45.9%] #13757: "Jastrow, מִצְוְתָא"... duplicate
[45.9%] #13757: "Jastrow, מֵצַח"... OK (מצח)
[45.9%] #13758: "Jastrow, מִצְחָא"... OK (מצחא)
[45.9%] #13759: "Jastrow, מצטבלה"... OK (מצטבלה)
[45.9%] #13760: "Jastrow, מִצְטְרָא"... OK (מצטרא)
[45.9%] #13761: "Jastrow, מצי"... OK (מצי)
[45.9%] #13762: "Jastrow, מְצִי I"... duplicate
[45.9%] #13762: "Jastrow, מצי ²"... duplicate
[45.9%] #13762: "Jastrow, מְצִי II"... duplicate
[45.9%] #13762: "Jastrow, מַצָּיָא"... OK (מציא)
[45.9%] #13763: "Jastrow, מציא"... duplicate
[45.9%] #13763: "Jastrow, מְצִיאָה"... OK (מציאה)
[45.9%] #13764: "Jastrow, מְצִיאֲתָא"... OK (מציאתא)
[45.9%] #13765: "Jastrow, מציבות"... OK (מציבות)
[45.9%] #13766: "Jastrow, מְצִיָּה"... OK (מציה)
[45.9%] #13767: "Jastrow, מציטאר"... OK (מציטאר)
[45.9%] #13768: "Jastrow, מְצִיָּיה"... OK (מצייה)
[45.9%] #13769: "Jastrow, מְצִילָּה"... OK (מצילה)
[45.9%] #13770: "Jastrow, מְצִילְתָּא"... OK (מצילתא)
[45.9%] #13771: "Jastrow, מְצִינְפָא"... OK (מצינפא)
[45.9%] #13772: "Jastrow, מְצִיעַ"... OK (מציע)
[45.9%] #13773: "Jastrow, מְצִיעָאָה"... OK (מציעאה)
[45.9%] #13774: "Jastrow, מְצִיעוּתָא"... OK (מציעותא)
  [Saved progress: 13774 entries]
[45.9%] #13775: "Jastrow, מְצִיעֵיתָא"... OK (מציעיתא)
[45.9%] #13776: "Jastrow, מְצַיְצָא"... OK (מציצא)
[45.9%] #13777: "Jastrow, מְצִיצָא"... duplicate
[45.9%] #13777: "Jastrow, מֵצִיק"... OK (מציק)
[45.9%] #13778: "Jastrow, מְצִיקִין"... OK (מציקין)
[45.9%] #13779: "Jastrow, מַצְלִיף"... OK (מצליף)
[45.9%] #13780: "Jastrow, מַצְלִית"... OK (מצלית)
[45.9%] #13781: "Jastrow, מְצֶלְצְלִין"... OK (מצלצלין)
[45.9%] #13782: "Jastrow, מִצְלַת"... OK (מצלת)
[45.9%] #13783: "Jastrow, מצלתייא"... OK (מצלתייא)
[45.9%] #13784: "Jastrow, מִצְמְחָא"... OK (מצמחא)
[45.9%] #13785: "Jastrow, מִצְמֵץ"... OK (מצמץ)
[46.0%] #13786: "Jastrow, מַצְנִיפָא"... OK (מצניפא)
[46.0%] #13787: "Jastrow, מִצְנֶפֶת"... OK (מצנפת)
[46.0%] #13788: "Jastrow, מִצְנֶפְתָּא"... OK (מצנפתא)
[46.0%] #13789: "Jastrow, מָצַע"... OK (מצע)
[46.0%] #13790: "Jastrow, מְצַע"... duplicate
[46.0%] #13790: "Jastrow, מִצַּע"... duplicate
[46.0%] #13790: "Jastrow, מַצָּע"... duplicate
[46.0%] #13790: "Jastrow, מַצָּעָא"... OK (מצעא)
[46.0%] #13791: "Jastrow, מִצְעָא"... duplicate
[46.0%] #13791: "Jastrow, מִצְעָד"... OK (מצעד)
[46.0%] #13792: "Jastrow, *מַצְעָיָא"... OK (מצעיא)
[46.0%] #13793: "Jastrow, מִצְפֶּה"... OK (מצפה)
[46.0%] #13794: "Jastrow, מִצְפַּיָּא"... OK (מצפיא)
[46.0%] #13795: "Jastrow, מָצַץ"... OK (מצץ)
[46.0%] #13796: "Jastrow, מְצַּץ"... duplicate
[46.0%] #13796: "Jastrow, מָצַּק"... OK (מצק)
[46.0%] #13797: "Jastrow, מָצַּר I"... OK (מצר)
[46.0%] #13798: "Jastrow, מְצַר"... duplicate
[46.0%] #13798: "Jastrow, מָצַר II"... duplicate
[46.0%] #13798: "Jastrow, מְצַר ²"... duplicate
[46.0%] #13798: "Jastrow, מֵצַר"... duplicate
[46.0%] #13798: "Jastrow, מֵצַר ²"... duplicate
[46.0%] #13798: "Jastrow, מֵצַר ³"... duplicate
[46.0%] #13798: "Jastrow, מַצְּרָא"... OK (מצרא)
[46.0%] #13799: "Jastrow, מִצְרָאָה"... OK (מצראה)
[46.0%] #13800: "Jastrow, מֶצְרָאָה"... duplicate
[46.0%] #13800: "Jastrow, מֶצְרָאנִין"... OK (מצראנין)
[46.0%] #13801: "Jastrow, *מִצְרִי I"... OK (מצרי)
[46.0%] #13802: "Jastrow, מִצְרִי II"... duplicate
[46.0%] #13802: "Jastrow, מִצְרַי"... duplicate
[46.0%] #13802: "Jastrow, מִצְרַיִם"... OK (מצרים)
[46.0%] #13803: "Jastrow, מִצְרִית"... OK (מצרית)
[46.0%] #13804: "Jastrow, מֶצְרָנָאָה"... OK (מצרנאה)
[46.0%] #13805: "Jastrow, מֶצְרָנִין"... OK (מצרנין)
[46.0%] #13806: "Jastrow, מִצְרֵתָא"... OK (מצרתא)
[46.0%] #13807: "Jastrow, מָצַת"... OK (מצת)
[46.0%] #13808: "Jastrow, מַצְתּוּתָא"... OK (מצתותא)
[46.0%] #13809: "Jastrow, מַקָּבָא"... OK (מקבא)
[46.0%] #13810: "Jastrow, מִקְּבֵיל"... OK (מקביל)
[46.0%] #13811: "Jastrow, מַקְבִּילוֹת"... OK (מקבילות)
[46.0%] #13812: "Jastrow, מְקַבְּלָנָא"... OK (מקבלנא)
[46.0%] #13813: "Jastrow, מְקַבְּלָנוּתָא"... OK (מקבלנותא)
[46.0%] #13814: "Jastrow, מַקָּבָן"... OK (מקבן)
[46.0%] #13815: "Jastrow, מַקֶּבֶת"... OK (מקבת)
[46.1%] #13816: "Jastrow, מַקֵּדָה"... OK (מקדה)
[46.1%] #13817: "Jastrow, מַקְדֵּחַ"... OK (מקדח)
[46.1%] #13818: "Jastrow, מקדין"... OK (מקדין)
[46.1%] #13819: "Jastrow, מקד"ש"... OK (מקדש)
[46.1%] #13820: "Jastrow, מִקְדָּשׁ"... duplicate
[46.1%] #13820: "Jastrow, מַקְדַּשׁ"... duplicate
[46.1%] #13820: "Jastrow, מַקְדַּשְׁתָּא"... OK (מקדשתא)
[46.1%] #13821: "Jastrow, מַקּוּבָא"... OK (מקובא)
[46.1%] #13822: "Jastrow, מִקְוֶה"... OK (מקוה)
[46.1%] #13823: "Jastrow, מִקְוֵה I"... duplicate
[46.1%] #13823: "Jastrow, *מִקְוֵה II"... duplicate
[46.1%] #13823: "Jastrow, מְקוּלִים"... OK (מקולים)
[46.1%] #13824: "Jastrow, מְקוּלִין"... OK (מקולין)
[46.1%] #13825: "Jastrow, מְקוּלָּס"... OK (מקולס)
[46.1%] #13826: "Jastrow, מָקוֹם"... OK (מקום)
[46.1%] #13827: "Jastrow, מקום"... duplicate
[46.1%] #13827: "Jastrow, מְקוּמָא"... OK (מקומא)
[46.1%] #13828: "Jastrow, מָקוֹף"... OK (מקוף)
[46.1%] #13829: "Jastrow, מָקוֹר"... OK (מקור)
[46.1%] #13830: "Jastrow, מַקּוֹר"... duplicate
[46.1%] #13830: "Jastrow, מַקּוֹרָא"... OK (מקורא)
[46.1%] #13831: "Jastrow, מְקוֹרָא"... duplicate
[46.1%] #13831: "Jastrow, מְקוּרְזָל"... OK (מקורזל)
[46.1%] #13832: "Jastrow, מַקּוֹשָׁה"... OK (מקושה)
[46.1%] #13833: "Jastrow, מְקוֹשֵׁשׁ I"... OK (מקושש)
[46.1%] #13834: "Jastrow, מְקוֹשֵׁשׁ II"... duplicate
[46.1%] #13834: "Jastrow, מקות"... OK (מקות)
[46.1%] #13835: "Jastrow, מקזווי"... OK (מקזווי)
[46.1%] #13836: "Jastrow, *מַקְזָזָא"... OK (מקזזא)
[46.1%] #13837: "Jastrow, *מַקַּזְתָּא"... OK (מקזתא)
[46.1%] #13838: "Jastrow, מִקָּח"... OK (מקח)
[46.1%] #13839: "Jastrow, מִקְטוֹרָא"... OK (מקטורא)
[46.1%] #13840: "Jastrow, מִקְטוֹרָן"... OK (מקטורן)
[46.1%] #13841: "Jastrow, מִקְטְיָא"... OK (מקטיא)
[46.1%] #13842: "Jastrow, מִקְטַיָּא"... duplicate
[46.1%] #13842: "Jastrow, מְקַטְרֵג"... OK (מקטרג)
[46.1%] #13843: "Jastrow, מֵקִיא"... OK (מקיא)
[46.1%] #13844: "Jastrow, מַקֵּידָה"... OK (מקידה)
[46.1%] #13845: "Jastrow, מְקִילוֹן"... OK (מקילון)
[46.2%] #13846: "Jastrow, מְקִימָה"... OK (מקימה)
[46.2%] #13847: "Jastrow, מְקִיקָא"... OK (מקיקא)
[46.2%] #13848: "Jastrow, מְקֵירְתָּא"... OK (מקירתא)
[46.2%] #13849: "Jastrow, מַקֵּל"... OK (מקל)
[46.2%] #13850: "Jastrow, מַקְלֶה"... OK (מקלה)
  [Saved progress: 13850 entries]
[46.2%] #13851: "Jastrow, מִקְלָה"... duplicate
[46.2%] #13851: "Jastrow, מַקְלוֹט"... OK (מקלוט)
[46.2%] #13852: "Jastrow, מקלופין"... OK (מקלופין)
[46.2%] #13853: "Jastrow, מִקְלָט"... OK (מקלט)
[46.2%] #13854: "Jastrow, מַקְלִיעֲתָא"... OK (מקליעתא)
[46.2%] #13855: "Jastrow, מִקְלָעָה"... OK (מקלעה)
[46.2%] #13856: "Jastrow, מְקָם"... OK (מקם)
[46.2%] #13857: "Jastrow, מְקָמָא II"... OK (מקמא)
[46.2%] #13858: "Jastrow, מַקְמֵק"... OK (מקמק)
[46.2%] #13859: "Jastrow, מְקָמְתָּא"... OK (מקמתא)
[46.2%] #13860: "Jastrow, מִקְנֶה"... OK (מקנה)
[46.2%] #13861: "Jastrow, מַקְנִיתָא"... OK (מקניתא)
[46.2%] #13862: "Jastrow, מִקְפֶּה"... OK (מקפה)
[46.2%] #13863: "Jastrow, מַקְּפָנָא"... OK (מקפנא)
[46.2%] #13864: "Jastrow, מֻקְצֶה"... OK (מקצה)
[46.2%] #13865: "Jastrow, מִקְצוֹעַ"... OK (מקצוע)
[46.2%] #13866: "Jastrow, מַקְצוּעַ"... duplicate
[46.2%] #13866: "Jastrow, מַקְצוּעָה"... OK (מקצועה)
[46.2%] #13867: "Jastrow, מִקְצָת"... OK (מקצת)
[46.2%] #13868: "Jastrow, מָקַק"... OK (מקק)
[46.2%] #13869: "Jastrow, מְקַק"... duplicate
[46.2%] #13869: "Jastrow, מֶקֶק"... duplicate
[46.2%] #13869: "Jastrow, מְקָק"... duplicate
[46.2%] #13869: "Jastrow, מַקְקָא"... OK (מקקא)
[46.2%] #13870: "Jastrow, מֵקַר"... OK (מקר)
[46.2%] #13871: "Jastrow, מַקַר"... duplicate
[46.2%] #13871: "Jastrow, מַקְרָא"... OK (מקרא)
[46.2%] #13872: "Jastrow, מְקֹרָא"... duplicate
[46.2%] #13872: "Jastrow, מִקְרָא"... duplicate
[46.2%] #13872: "Jastrow, מִקְרְבָא"... OK (מקרבא)
[46.2%] #13873: "Jastrow, מקרוא"... OK (מקרוא)
[46.2%] #13874: "Jastrow, מַקְרוֹאֶלַפְרוֹס"... OK (מקרואלפרוס)
[46.2%] #13875: "Jastrow, מִקְרוֹבוּתָא"... OK (מקרובותא)
[46.3%] #13876: "Jastrow, מקרולפוס"... OK (מקרולפוס)
[46.3%] #13877: "Jastrow, מַקְרוֹס"... OK (מקרוס)
[46.3%] #13878: "Jastrow, מַקְרֵי"... OK (מקרי)
[46.3%] #13879: "Jastrow, מַקְרילוֹת"... OK (מקרילות)
[46.3%] #13880: "Jastrow, *מַקְרִין I"... OK (מקרין)
[46.3%] #13881: "Jastrow, מַקְרִין II"... duplicate
[46.3%] #13881: "Jastrow, מַקְרְעָן"... OK (מקרען)
[46.3%] #13882: "Jastrow, מִקְרֶצֶת"... OK (מקרצת)
[46.3%] #13883: "Jastrow, מְקַרְקַע"... OK (מקרקע)
[46.3%] #13884: "Jastrow, מְקֵרְתָּא"... OK (מקרתא)
[46.3%] #13885: "Jastrow, מַקְשָׁאָה"... OK (מקשאה)
[46.3%] #13886: "Jastrow, מִקְשָׁאוֹת"... OK (מקשאות)
[46.3%] #13887: "Jastrow, מִקְשָׁה"... OK (מקשה)
[46.3%] #13888: "Jastrow, מַקְשֶׁה"... duplicate
[46.3%] #13888: "Jastrow, מִקְשְׁיָא"... OK (מקשיא)
[46.3%] #13889: "Jastrow, מַקְשָׁיִי"... OK (מקשיי)
[46.3%] #13890: "Jastrow, מַקְשְׁיָא"... duplicate
[46.3%] #13890: "Jastrow, מקשיצת־"... OK (מקשיצת)
[46.3%] #13891: "Jastrow, מֹר"... OK (מר)
[46.3%] #13892: "Jastrow, מַר I"... duplicate
[46.3%] #13892: "Jastrow, מַר II"... duplicate
[46.3%] #13892: "Jastrow, מַר III"... duplicate
[46.3%] #13892: "Jastrow, מַר IV"... duplicate
[46.3%] #13892: "Jastrow, מָר"... duplicate
[46.3%] #13892: "Jastrow, מָרָא"... OK (מרא)
[46.3%] #13893: "Jastrow, מְרָא"... duplicate
[46.3%] #13893: "Jastrow, מֻרָּא"... duplicate
[46.3%] #13893: "Jastrow, מַרְאֶה"... OK (מראה)
[46.3%] #13894: "Jastrow, מַרְאָה"... duplicate
[46.3%] #13894: "Jastrow, מֻרְאָה"... duplicate
[46.3%] #13894: "Jastrow, מראטאי"... OK (מראטאי)
[46.3%] #13895: "Jastrow, מַרְאִית"... OK (מראית)
[46.3%] #13896: "Jastrow, מראנא"... OK (מראנא)
[46.3%] #13897: "Jastrow, מְרַאֲשׁוֹת"... OK (מראשות)
[46.3%] #13898: "Jastrow, מֵרַב"... OK (מרב)
[46.3%] #13899: "Jastrow, מרבג"... OK (מרבג)
[46.3%] #13900: "Jastrow, מְרֻבֶּה"... OK (מרבה)
[46.3%] #13901: "Jastrow, מַרְבּוּעִיתָא"... OK (מרבועיתא)
[46.3%] #13902: "Jastrow, מַרְבְּיָינָא"... OK (מרביינא)
[46.3%] #13903: "Jastrow, מַרְבְּיָיתָא"... OK (מרבייתא)
[46.3%] #13904: "Jastrow, מַרְבְּיָנָא"... OK (מרבינא)
[46.3%] #13905: "Jastrow, מַרְבִּינֶתּא"... OK (מרבינתא)
[46.4%] #13906: "Jastrow, מַרְבִּיעָה"... OK (מרביעה)
[46.4%] #13907: "Jastrow, מַרְבִּיעֲתָא"... OK (מרביעתא)
[46.4%] #13908: "Jastrow, מרביצי"... OK (מרביצי)
[46.4%] #13909: "Jastrow, מַרְבִּית"... OK (מרבית)
[46.4%] #13910: "Jastrow, מַרְבִּיתָא"... OK (מרביתא)
[46.4%] #13911: "Jastrow, מַרְבַּיְתָא"... duplicate
[46.4%] #13911: "Jastrow, מִרְבּךְ"... OK (מרבך)
[46.4%] #13912: "Jastrow, מַרְבַּנְיָיתָא"... OK (מרבנייתא)
[46.4%] #13913: "Jastrow, מִרְבָּעָה"... OK (מרבעה)
[46.4%] #13914: "Jastrow, מַרְבַּעְתָּא"... OK (מרבעתא)
[46.4%] #13915: "Jastrow, מְרַג"... OK (מרג)
[46.4%] #13916: "Jastrow, *מַרְגּוּאַן"... OK (מרגואן)
[46.4%] #13917: "Jastrow, מַרְגּוֹעָא"... OK (מרגועא)
[46.4%] #13918: "Jastrow, מַרְגֵּז"... OK (מרגז)
[46.4%] #13919: "Jastrow, מרגזאות"... OK (מרגזאות)
[46.4%] #13920: "Jastrow, מרגזאן"... OK (מרגזאן)
[46.4%] #13921: "Jastrow, מַרְגְּזַיָּיה"... OK (מרגזייה)
[46.4%] #13922: "Jastrow, מַרְגְּזָנִיתָא"... OK (מרגזניתא)
[46.4%] #13923: "Jastrow, מַרְגְּלָא I"... OK (מרגלא)
[46.4%] #13924: "Jastrow, מַרְגְּלָא II"... duplicate
[46.4%] #13924: "Jastrow, מַרְגְּלוֹת"... OK (מרגלות)
[46.4%] #13925: "Jastrow, מַרְגָּלִי"... OK (מרגלי)
[46.4%] #13926: "Jastrow, מַרְגְּלִיטִיס"... OK (מרגליטיס)
[46.4%] #13927: "Jastrow, מַרְגָּלִית"... OK (מרגלית)
[46.4%] #13928: "Jastrow, מַרְגָּלִיתָא"... OK (מרגליתא)
  [Saved progress: 13928 entries]
[46.4%] #13929: "Jastrow, מַרְגְּלָתָא"... OK (מרגלתא)
[46.4%] #13930: "Jastrow, מַרְגְּנִין"... OK (מרגנין)
[46.4%] #13931: "Jastrow, מַרְגְּנִיתָא"... OK (מרגניתא)
[46.4%] #13932: "Jastrow, מַרְגֵּשׁוֹת"... OK (מרגשות)
[46.4%] #13933: "Jastrow, מָרַד I"... OK (מרד)
[46.4%] #13934: "Jastrow, מָרַד II"... duplicate
[46.4%] #13934: "Jastrow, מְרַד"... duplicate
[46.4%] #13934: "Jastrow, מֶרֶד I"... duplicate
[46.4%] #13934: "Jastrow, מֶרֶד II"... duplicate
[46.4%] #13934: "Jastrow, מֵרַד"... duplicate
[46.4%] #13934: "Jastrow, מָרְדָא"... OK (מרדא)
[46.4%] #13935: "Jastrow, מַרְדָּא I"... duplicate
[46.4%] #13935: "Jastrow, מַרְדָּא II"... duplicate
[46.4%] #13935: "Jastrow, מַרְדָּא III"... duplicate
[46.4%] #13935: "Jastrow, מִרְדָּא"... duplicate
[46.4%] #13935: "Jastrow, מַרְדָּאִיּוֹת"... OK (מרדאיות)
[46.5%] #13936: "Jastrow, מַרְדֶּה I"... OK (מרדה)
[46.5%] #13937: "Jastrow, מַרְדֶּה II"... duplicate
[46.5%] #13937: "Jastrow, מַרְדּוּ I"... OK (מרדו)
[46.5%] #13938: "Jastrow, מַרְדּוּ II"... duplicate
[46.5%] #13938: "Jastrow, מַרְדּוּת I"... OK (מרדות)
[46.5%] #13939: "Jastrow, מַרְדּוּת II"... duplicate
[46.5%] #13939: "Jastrow, מַרְדּוּתָא"... OK (מרדותא)
[46.5%] #13940: "Jastrow, מַרְדּוּתָא II"... duplicate
[46.5%] #13940: "Jastrow, מַרְדְּיָא"... OK (מרדיא)
[46.5%] #13941: "Jastrow, מָרְדְּיָא"... duplicate
[46.5%] #13941: "Jastrow, *מִרְדִּין"... OK (מרדין)
[46.5%] #13942: "Jastrow, מרדין"... duplicate
[46.5%] #13942: "Jastrow, מָרְדְּכַי"... OK (מרדכי)
[46.5%] #13943: "Jastrow, מַרְדְּכִיתָא"... OK (מרדכיתא)
[46.5%] #13944: "Jastrow, מרדנין"... OK (מרדנין)
[46.5%] #13945: "Jastrow, מַרְדֵּעַ"... OK (מרדע)
[46.5%] #13946: "Jastrow, מַרְדְּעָא"... OK (מרדעא)
[46.5%] #13947: "Jastrow, מַרְדַּעַת"... OK (מרדעת)
[46.5%] #13948: "Jastrow, מַרְדְּקָא"... OK (מרדקא)
[46.5%] #13949: "Jastrow, מָרָדְתָּא"... OK (מרדתא)
[46.5%] #13950: "Jastrow, מִרְדְּתָא"... duplicate
[46.5%] #13950: "Jastrow, מָרָה I"... OK (מרה)
[46.5%] #13951: "Jastrow, מָרָה II"... duplicate
[46.5%] #13951: "Jastrow, מָרָה III"... duplicate
[46.5%] #13951: "Jastrow, מָרָה IV"... duplicate
[46.5%] #13951: "Jastrow, *מַרְהַבְיָא"... OK (מרהביא)
[46.5%] #13952: "Jastrow, מַרְוָא"... OK (מרוא)
[46.5%] #13953: "Jastrow, מָרְוָא"... duplicate
[46.5%] #13953: "Jastrow, מְרַוָּא"... duplicate
[46.5%] #13953: "Jastrow, מְרוּבֶּה"... OK (מרובה)
[46.5%] #13954: "Jastrow, מְרוּבָּע"... OK (מרובע)
[46.5%] #13955: "Jastrow, מָרוּד"... OK (מרוד)
[46.5%] #13956: "Jastrow, מָרוֹד"... duplicate
[46.5%] #13956: "Jastrow, מָרוֹד ²"... duplicate
[46.5%] #13956: "Jastrow, מָרוֹד ³"... duplicate
[46.5%] #13956: "Jastrow, מְרוֹדָא"... OK (מרודא)
[46.5%] #13957: "Jastrow, מְרוֹדָנִית"... OK (מרודנית)
[46.5%] #13958: "Jastrow, מַרְוָוא"... OK (מרווא)
[46.5%] #13959: "Jastrow, מַרְוִוית"... OK (מרווית)
[46.5%] #13960: "Jastrow, מָרְוְותָא"... OK (מרוותא)
[46.5%] #13961: "Jastrow, מרוח"... OK (מרוח)
[46.5%] #13962: "Jastrow, מְרוֹחַ"... duplicate
[46.5%] #13962: "Jastrow, מְרוּטָה"... OK (מרוטה)
[46.5%] #13963: "Jastrow, מְרַוֵּי"... OK (מרוי)
[46.5%] #13964: "Jastrow, מְרַוְיָא"... OK (מרויא)
[46.5%] #13965: "Jastrow, מַרְוִית"... OK (מרוית)
[46.6%] #13966: "Jastrow, מרויתא"... OK (מרויתא)
[46.6%] #13967: "Jastrow, מרוך"... OK (מרוך)
[46.6%] #13968: "Jastrow, מרום"... OK (מרום)
[46.6%] #13969: "Jastrow, מֵרוֹם"... duplicate
[46.6%] #13969: "Jastrow, מָרוֹם"... duplicate
[46.6%] #13969: "Jastrow, מְרוֹמָא I"... OK (מרומא)
[46.6%] #13970: "Jastrow, מְרוֹמָא II"... 